datetime,underlying_price,NIFTY27JAN2625200CE,NIFTY27JAN2625300CE,NIFTY27JAN2625400CE,NIFTY27JAN2625500CE,NIFTY27JAN2625600CE,NIFTY27JAN2625700CE,NIFTY27JAN2625800CE,NIFTY27JAN2625900CE,NIFTY27JAN2626000CE,NIFTY27JAN2626100CE,NIFTY27JAN2626200CE,NIFTY27JAN2626300CE,NIFTY27JAN2626400CE,NIFTY27JAN2626500CE,NIFTY27JAN2623800PE,NIFTY27JAN2623900PE,NIFTY27JAN2624000PE,NIFTY27JAN2624100PE,NIFTY27JAN2624200PE,NIFTY27JAN2624300PE,NIFTY27JAN2624400PE,NIFTY27JAN2624500PE,NIFTY27JAN2624600PE,NIFTY27JAN2624700PE,NIFTY27JAN2624800PE,NIFTY27JAN2624900PE,NIFTY27JAN2625000PE,NIFTY27JAN2625100PE
07-01-2026 09:15,26111.65,0.12662,0.1233,0.11741,0.11779047274338263,0.11005,0.10576,0.1002663093924303,0.09724,0.0957,0.09397,0.09187,0.09041,0.08908,0.08795,0.1784,0.17237,0.16928,0.16343634726917936,0.1576,0.1524,0.14697,0.14105,0.13613,0.13085,0.1264,0.12142,0.11631,0.1115
07-01-2026 09:20,26141.4,0.08632,0.09806604752191464,0.10684296130364733,0.11779,0.11197,0.11028,0.10462730362380397,0.10171735757549043,0.09837,0.09619,0.09413,0.09236,0.09057,0.08925,0.17962,0.17477,0.17006251569539754,0.16534,0.15973757445170209,0.1542,0.14753,0.14274,0.13849,0.13282,0.12821937628613245,0.12363,0.11854602797387448,0.11353
07-01-2026 09:25,26139.35,0.09147,0.09444085656343516,0.09514,0.09933,0.09599,0.09204,0.09216,0.08954,0.08996,0.08861,0.08697,0.08627,0.08541,0.0848065982662812,0.1801,0.17574,0.17154,0.16567,0.15927,0.15421235182345921,0.14919,0.14245,0.13806,0.13242,0.12877,0.12349,0.11817,0.11287225817147983
07-01-2026 09:30,26128.95,0.1086,0.10842,0.1115,0.12248,0.10715,0.11098,0.10345,0.10038852418195243,0.09864,0.09511,0.09304,0.09123,0.08970605468342797,0.08843,0.18174,0.17688652892223508,0.17206,0.16502,0.15755,0.15225937075192295,0.14691,0.14209,0.13721,0.13184,0.12722,0.12252,0.11729,0.112
07-01-2026 09:35,26131.9,0.10462,0.10538,0.12459,0.12051,0.11225,0.11294,0.10544,0.10154658593063041,0.09896,0.09611868746250778,0.09412,0.09136,0.09014,0.08885,0.18193,0.1771052137146006,0.17226,0.16522,0.15924,0.15334,0.14784,0.1423,0.13724883381401548,0.13219,0.12733,0.12295,0.11707,0.11121955520295487
07-01-2026 09:40,26145.15,0.07079,0.07639,0.08313,0.08523,0.08770474777348528,0.08734,0.08745280244865067,0.08588764495089042,0.0845,0.08386,0.08402891662056891,0.08301,0.08262,0.08249,0.18277,0.1782,0.17265,0.16631,0.15883,0.15343,0.14961,0.14337,0.1382,0.13313,0.12864,0.12374,0.11872,0.1136360319143301
07-01-2026 09:45,26113.1,0.1260198665838775,0.11837,0.10826,0.11514,0.1083,0.1055,0.10226,0.09953946500495252,0.09741,0.09438,0.09237,0.09075,0.08916805281314547,0.08809,0.18107,0.17468,0.1704,0.16426,0.157,0.15289,0.14697,0.14089,0.13571,0.13075,0.12599,0.12096,0.11587185747348647,0.11071
07-01-2026 09:50,26110.0,0.13099095595886126,0.12087,0.10978,0.10852233398524197,0.10688589363644117,0.10476,0.09939,0.0968,0.09542,0.09316,0.09122,0.08945,0.08832199923655136,0.08699,0.17863683242424128,0.1745,0.17045,0.16386,0.15681,0.15155,0.14694,0.1412705762252499,0.13566,0.13068,0.12601,0.12101684533281243,0.11607,0.11095
07-01-2026 09:55,26108.9,0.13029,0.12175,0.13487,0.12674629577010965,0.12009,0.11328,0.10965308590459216,0.1067842948590812,0.10426,0.10032,0.09739,0.09479,0.09256,0.09083,0.18084,0.17444,0.16945,0.16358,0.15675,0.15157250589241592,0.14636,0.14063,0.1353,0.13052081469087795,0.12571,0.12047,0.11517312458310569,0.10983
07-01-2026 10:00,26140.3,0.09239,0.0877,0.115,0.11531,0.11123,0.10752,0.10161,0.09968480033862674,0.09747,0.09529693309734187,0.09255,0.09062,0.08911,0.08778526959982637,0.1828,0.17745,0.1717,0.16515,0.16067,0.15356,0.1481,0.14259,0.1373286556610742,0.13216,0.12774,0.12248,0.11731241919466484,0.1122
07-01-2026 10:05,26142.95,0.0542477356778552,0.08237,0.11304,0.11158999532734726,0.11037,0.11308,0.11004,0.10336,0.10275,0.09909,0.09616,0.09384192888701312,0.09181,0.09023,0.18298,0.17622,0.1714,0.16534,0.15961,0.15374,0.14828,0.14278,0.13766,0.13236,0.12794,0.12247,0.11739,0.11183
07-01-2026 10:10,26159.15,0.10591,0.11189,0.09886,0.10056289755745582,0.10229218198268526,0.1046408119744223,0.10588,0.10262206072074151,0.09997863469814255,0.09746,0.09524,0.09264,0.09117,0.08945,0.18510595245867828,0.17895656520721778,0.17292,0.16683,0.1609150555448043,0.15501,0.14937,0.14421,0.13893,0.1335,0.12947,0.12462,0.11843,0.11309
07-01-2026 10:15,26183.8,0.12049,0.09722,0.11136,0.09406,0.09202,0.09376389776117128,0.09326,0.08786,0.08838,0.08787512027415993,0.08665591525952474,0.08527,0.08415,0.08329685335698513,0.18267,0.17840025666963288,0.17425,0.16842,0.16269,0.15663,0.15173,0.14572,0.14048,0.13536,0.13028,0.12548,0.12019,0.115
07-01-2026 10:20,26169.15,0.13492,0.11376,0.12267,0.11416155349119964,0.10785,0.10284533689680016,0.09695,0.09399,0.09285,0.09127991837868187,0.08918,0.08778,0.08646,0.08546,0.18381,0.17694,0.1722497734087717,0.1675,0.161717746919979,0.15596789040465747,0.15024,0.14507851951035286,0.13994,0.13449,0.12949,0.12431,0.11901,0.11379
07-01-2026 10:25,26152.25,0.14819,0.11685,0.1055,0.10144,0.09928114015465084,0.09669624145479729,0.09325,0.09388,0.0911,0.0898626763398901,0.08801,0.08672,0.0857,0.08459,0.18279,0.1759,0.1707102674643314,0.16547732931840414,0.16026,0.15459,0.14949,0.14378,0.13834,0.13291,0.12889,0.1234,0.11784,0.11258
07-01-2026 10:30,26130.45,0.14045,0.13392,0.12199,0.11602677553155513,0.11136159291366018,0.10631,0.10164,0.09839,0.0961395101365178,0.09407,0.09204244590294723,0.09001709823347212,0.0883,0.08712,0.18145,0.17666,0.17139,0.16528,0.1592425660838709,0.15318,0.14805,0.14233,0.13686,0.1314,0.12709,0.1217,0.11602,0.11039570951347644
07-01-2026 10:35,26133.05,0.13848,0.13213,0.12413400105573442,0.11614404801790823,0.109,0.10357,0.10375,0.09754,0.09843,0.09555553329774052,0.09299,0.09093476540380252,0.08935,0.08769,0.18086992804378862,0.17607,0.17133,0.16478,0.15899229932583242,0.15317,0.1486,0.1426670208857998,0.13675,0.13159,0.12694,0.12169,0.11627109487198611,0.11086
07-01-2026 10:40,26144.05,0.13055675293643879,0.1239,0.11723497202734219,0.11069,0.10673223582323224,0.10253,0.1002040092002039,0.09761,0.09496,0.09278241685709418,0.09067,0.08895612953502886,0.08738,0.08609,0.18288,0.1774130318481379,0.17204,0.1655,0.15977,0.15409,0.14898,0.14327,0.13781,0.13264,0.12761,0.12227243772314875,0.11697,0.11165847095489824
07-01-2026 10:45,26141.15,0.12448,0.11970668208535067,0.11456,0.114,0.10828,0.10332,0.10041,0.09745,0.09489507757427033,0.09195,0.09043,0.08885,0.0873947528816524,0.08575,0.18131,0.1766,0.1709744625712168,0.16533,0.15938,0.15392,0.14844,0.14292,0.13762,0.13204,0.12718,0.12241,0.11676,0.11112961081608222
07-01-2026 10:50,26146.85,0.15441,0.12166,0.12264,0.12576,0.11263026297200047,0.10062,0.10221447270276762,0.10421,0.10121,0.09751,0.09502,0.09229,0.09052,0.08866,0.18168,0.17648531704295528,0.17128,0.1657,0.159900750839215,0.15411,0.14865,0.14331,0.13772,0.13245,0.12747,0.12241,0.11671,0.11127
07-01-2026 10:55,26168.55,0.11618,0.09908,0.10582,0.10449544083603243,0.10027,0.09883,0.09819,0.09465,0.09529,0.09256,0.0906,0.08877,0.08737,0.08584,0.18331,0.17727,0.17315,0.16687,0.16117,0.1555934646812699,0.1501,0.14478,0.13937,0.13411,0.12903,0.12355055220933807,0.11815,0.11277
07-01-2026 11:00,26160.15,0.14217,0.10926,0.12493,0.12832,0.11709,0.11632,0.11182,0.10649,0.10367,0.0996,0.09689,0.09419,0.09188,0.08935046826192033,0.18281,0.17727,0.17264,0.16635,0.16069256169867052,0.155,0.14973,0.1444,0.13896,0.1334,0.12844,0.12318,0.11743,0.11204
07-01-2026 11:05,26182.1,0.025759341828785157,0.06317,0.10803,0.11224,0.11009,0.10412,0.09991,0.09817,0.09519628494466818,0.0919,0.09029286371751764,0.08838,0.08688,0.0856,0.18446,0.17867,0.17404,0.16776,0.16186,0.1563682822739935,0.15102,0.14572,0.14036011135322699,0.13508,0.12987374855204153,0.12479,0.11928,0.11373
07-01-2026 11:10,26166.7,0.08679172527218533,0.10165,0.12041,0.11248254172568295,0.10432,0.10050521271821837,0.09653,0.09457374823313407,0.09205,0.08991,0.08867,0.0870545596170912,0.08535,0.08431,0.18353,0.1772,0.17284,0.16679,0.16173,0.15382,0.1492600261016474,0.14469,0.13988,0.13401,0.128919688637169,0.1239,0.11804,0.11274
07-01-2026 11:15,26148.15,0.15103,0.12068,0.11930731252246202,0.11697,0.10479,0.10114,0.10383,0.10015,0.09801,0.09522493494904127,0.09307,0.09083248520738736,0.08902,0.08724,0.18212,0.17646,0.17107325742681428,0.16562,0.1597,0.15445,0.14843,0.14362,0.13802,0.13232,0.12738871538843372,0.12244,0.11685,0.11124
07-01-2026 11:20,26148.9,0.13325,0.13212558534314256,0.13221,0.10563,0.10438,0.09982116405730064,0.09484,0.09535,0.09371280390454884,0.0912,0.08892,0.08742,0.0862,0.08517,0.1800908676645044,0.17612,0.17222,0.16569,0.1598721042717973,0.15412,0.14849,0.14368,0.13808,0.13238,0.1278,0.12228268156760382,0.11682,0.11139
07-01-2026 11:25,26140.4,0.14019,0.13781342638999686,0.13724,0.11602,0.10911,0.10606186448122831,0.10284707482641256,0.09977420865404611,0.0970089892007622,0.09357,0.09165136755065882,0.08967,0.08807,0.08663,0.17931016666442762,0.17534,0.17146,0.16493,0.15901,0.15337,0.14817654893059384,0.14296,0.13721,0.13166,0.126569831427405,0.12146,0.1159,0.11031
07-01-2026 11:30,26144.45,0.13223,0.1238,0.13491,0.12795,0.10692,0.10959,0.11051,0.10497,0.10338,0.09905,0.0955,0.0933,0.09089,0.08913,0.18165,0.17587,0.17124,0.16588,0.1595,0.1540597292960378,0.14866507755812064,0.14324,0.13734,0.13195,0.12677,0.12154,0.11602,0.11071
07-01-2026 11:35,26160.05,0.1379,0.10954,0.12705,0.11342,0.1144,0.09898,0.09861,0.0955,0.09382,0.09112,0.08876,0.08766783330039417,0.08612,0.08473,0.18262,0.17686,0.17249,0.16689,0.16051,0.15488,0.14989,0.1443,0.13873,0.13333,0.12776,0.12253957884160162,0.11739,0.11192
07-01-2026 11:40,26147.1,0.11054760904603403,0.12168,0.13513,0.11628,0.12094,0.10735,0.10434,0.1003578228738449,0.09677,0.09297,0.09119,0.08937,0.08741,0.08616,0.18184,0.17607,0.1710965746582924,0.16608,0.15948,0.15385,0.14842,0.14298744088849322,0.13755,0.13244,0.12735,0.12187,0.11653,0.11076
07-01-2026 11:45,26136.15,0.15533,0.13021,0.12347,0.11764281745667758,0.1129008174345144,0.10719,0.10479,0.09917,0.09782,0.09505,0.09244,0.09021,0.08858555073519618,0.08711,0.18118,0.17565,0.17042731080269313,0.16517,0.15878,0.15314,0.14771,0.14255,0.13711,0.13168,0.12657,0.12108,0.11577120111182324,0.11045
07-01-2026 11:50,26138.65,0.15371,0.12839,0.12183,0.10693,0.11294,0.10439125719160769,0.09573,0.09332,0.09232,0.08996,0.08826,0.08661,0.08570343345569735,0.08458,0.18163,0.17566,0.17026748892681595,0.16488,0.15896,0.15312,0.1477,0.14256,0.13711547968143292,0.13173,0.127,0.12127,0.11611,0.11082
07-01-2026 11:55,26126.7,0.14994832628202373,0.13681,0.12401533917148067,0.11165,0.11006,0.10405,0.10053,0.0968,0.09586,0.0931687834998331,0.09077,0.08902411660061346,0.08749,0.08637,0.18119,0.1756679220654087,0.17019,0.16413,0.1582,0.15235,0.14692,0.14193,0.13603,0.13077,0.12604,0.12062,0.11541,0.11042
07-01-2026 12:00,26121.55,0.16447,0.14018,0.12062,0.11545778824003555,0.11045033120260966,0.10525,0.10099,0.09795,0.09557,0.09277,0.09077,0.08877,0.08735745905491588,0.08587,0.18089,0.17468,0.17036,0.16382,0.15788,0.1522168253444677,0.14659,0.14121072045755817,0.13584,0.13042,0.12544,0.12036,0.11541,0.11002
07-01-2026 12:05,26110.95,0.17059,0.14794944975372265,0.12592,0.11854,0.11393,0.10904,0.10471,0.10133995053317767,0.0982364727736409,0.09505,0.09261,0.09081329572089347,0.08905913037981729,0.08731,0.18024,0.17388,0.16946,0.16361,0.1577200084962426,0.15189537837213732,0.14608,0.14106,0.13542,0.13009,0.12564,0.12023,0.1149,0.10954
07-01-2026 12:10,26110.45,0.16807287209994395,0.14699,0.12624,0.12268,0.11581757494458944,0.10926,0.10682,0.10029,0.10023,0.09643,0.09378,0.09151,0.08936,0.08722178516570275,0.18051,0.17387,0.16862028687308422,0.16336,0.15632,0.15152,0.14588,0.14087,0.13554,0.13007,0.12538,0.11999,0.11469,0.10926
07-01-2026 12:15,26107.4,0.1726,0.15027042910452876,0.1281,0.12233660322292864,0.11634092624789295,0.11083,0.10355,0.10125,0.09722,0.09467,0.09205,0.09009,0.08853,0.08725,0.18033,0.17372,0.16902,0.16318,0.15679,0.15122062630184244,0.14568,0.14051,0.1352,0.13013,0.1254,0.11967,0.11398761103734034,0.10831748651324812
07-01-2026 12:20,26103.3,0.14749,0.15113,0.12846,0.12228,0.11176,0.1131,0.10716,0.10184,0.09835,0.0959492066611271,0.09375,0.09145,0.08962,0.0882,0.18064,0.17369,0.16832372788520783,0.16293,0.15675,0.15088,0.1457239811302404,0.14057,0.13537,0.12972,0.12512,0.1199,0.115,0.11012044076905973
07-01-2026 12:25,26106.55,0.14529,0.13635243914757023,0.12654,0.11526,0.11023,0.10932,0.10306,0.09924,0.09688,0.09433,0.09216,0.09035219883766625,0.08851,0.08719,0.18086,0.17367,0.16924,0.16338,0.15697,0.15111,0.1459667255746849,0.1408,0.13577667051272577,0.13077954028648606,0.12583,0.12057,0.11544,0.11046
07-01-2026 12:30,26108.85,0.13655886262273864,0.13189,0.12764,0.12135,0.11389,0.1097,0.1052,0.10143,0.09905,0.09602,0.09375,0.09152203165364695,0.08962,0.0881,0.17945807606579056,0.17382,0.16826114214170051,0.16268925206668106,0.15713,0.15127,0.14704,0.141496323764567,0.1359903850125489,0.13053,0.12554,0.12044,0.11535,0.11008
07-01-2026 12:35,26106.25,0.13895,0.13059305861758214,0.12312619352879196,0.11553,0.11035,0.10842,0.10552,0.10146,0.09871,0.09611,0.09355,0.09109249546050993,0.08912,0.08687782057394364,0.17976,0.17473,0.169,0.16316,0.15719,0.15237,0.14602,0.14097,0.13531,0.13035,0.12571,0.12036,0.11516,0.10997532298293175
07-01-2026 12:40,26103.5,0.11991,0.11696,0.11289,0.10667,0.10291,0.09965461721412362,0.09545,0.09235,0.0917,0.08965,0.08826,0.08653,0.0853,0.08439,0.1796,0.17457,0.16884,0.16299,0.15724,0.15153,0.14638,0.14079,0.13557,0.13083,0.12552,0.12089,0.11587,0.1108308484461173
07-01-2026 12:45,26084.3,0.13611,0.13107,0.1253,0.11451,0.11253,0.10675,0.10228207718540099,0.0982,0.09613,0.09317,0.09116,0.08921,0.08776937109348712,0.08642,0.17756654363029892,0.17193,0.16643799516360935,0.16086,0.156,0.15028,0.14511,0.1395,0.13425,0.12896,0.12449,0.11944822927531237,0.11440607974556687,0.10937
07-01-2026 12:50,26084.8,0.13576,0.13076,0.12502,0.11425,0.11181,0.10873,0.10386,0.09994,0.09747,0.09457,0.09258,0.09068398333825455,0.08887,0.08759,0.17985,0.17281,0.16768,0.16159,0.15605,0.15118,0.14534837541812154,0.13954,0.13415,0.12920369795494152,0.1243,0.1192,0.11391,0.1086574850797037
07-01-2026 12:55,26089.25,0.12651372759388227,0.12431536579895475,0.12235,0.1206,0.11469,0.10908,0.10466,0.10084,0.0984,0.0947,0.09279,0.09043,0.08873,0.08741,0.1795166782238536,0.17361833065238672,0.16774,0.16189,0.15657,0.15117,0.14577,0.13937,0.13418,0.1288,0.12429,0.11934,0.11381,0.10832384736000232
07-01-2026 13:00,26099.15,0.13774,0.12897550208569128,0.12114,0.11955,0.11469,0.10982,0.10502273220965326,0.10038,0.09815,0.09453,0.09202,0.09013,0.0883,0.087,0.17939,0.17435,0.16853160139278994,0.16276,0.15729,0.1513,0.14576149419079715,0.14022,0.13484716621724788,0.12951,0.12442,0.11914,0.1141,0.10896
07-01-2026 13:05,26103.3,0.11842714308999855,0.11724,0.11734614569624285,0.11697,0.11188,0.10731,0.1025,0.09934,0.09665,0.09384689942263495,0.09115,0.08926,0.0873,0.08606,0.17966,0.1741586573766778,0.16866,0.16285,0.15729,0.15201,0.14642,0.14034,0.13517,0.12987288688152132,0.12461,0.11956,0.11452,0.10938
07-01-2026 13:10,26105.85,0.13259,0.11512,0.11741717990916557,0.11921,0.10758,0.10426,0.10056,0.09787989612348649,0.09497,0.09178,0.08993,0.08809,0.08688768041178878,0.08572,0.1789,0.17454,0.16883,0.16274,0.15661,0.15176,0.1460402700502496,0.14036,0.13536,0.1302931488314996,0.12528,0.11997,0.11473,0.10925
07-01-2026 13:15,26097.2,0.13545,0.12209,0.11948621166734887,0.11650902821261927,0.11389,0.10896130883779151,0.10442624425560251,0.10025,0.09667,0.09342,0.0919,0.08937,0.0879392801190087,0.08674,0.17932,0.17401,0.16878,0.16261,0.15718,0.1512,0.14514,0.14012,0.13495630614311502,0.1298,0.1249,0.11945,0.11408,0.10916
07-01-2026 13:20,26097.45,0.13528,0.12192,0.12229,0.11051,0.10726,0.10272,0.09787,0.09553,0.0935,0.09048,0.08899,0.08759680373375212,0.08593,0.08506,0.17786,0.17271,0.16758551138631408,0.16248,0.15609,0.15123,0.14535,0.1400450709703062,0.1348,0.12982,0.12464764330797115,0.11951230957627802,0.11440601187712005,0.10935
07-01-2026 13:25,26076.35,0.13635,0.13632,0.13447,0.11507,0.11124,0.10481,0.10174,0.09783,0.09578,0.09306,0.09102,0.08905439011090446,0.08697990646416164,0.08498206655696608,0.17677,0.17141,0.16651,0.16114,0.15552312846930588,0.14992,0.14396,0.13872,0.13345879887370202,0.1281952292398629,0.12294,0.11771,0.11287,0.1080560917664454
07-01-2026 13:30,26070.0,0.14088,0.13909878944287984,0.13783,0.11987,0.11361,0.1091335115091649,0.10467075157570976,0.10029,0.09795,0.09434,0.09254,0.09022,0.08856,0.08687990109537999,0.17822,0.17166,0.16620912632226925,0.16075,0.15539,0.14993,0.1441872004803828,0.13846,0.1330448300542786,0.12764,0.12272,0.1176348942374663,0.11258,0.1072
07-01-2026 13:35,26074.55,0.16289821647842373,0.14886396546330993,0.13547,0.12112,0.1144,0.11189,0.10505,0.10046,0.09766,0.09457,0.09234,0.09017,0.0882,0.08695,0.17852,0.17266765682764146,0.16691,0.16108,0.15557110344765457,0.1501109943343915,0.14467,0.13862,0.1328,0.1281,0.12259,0.11738,0.11229,0.10722135983289402
07-01-2026 13:40,26074.2,0.13798,0.13149,0.13567,0.12103,0.11374,0.10907008186707669,0.104,0.10033,0.09781,0.09497122840533172,0.09207,0.09026,0.08842,0.08693,0.17851,0.17132,0.16666,0.16104,0.15485,0.14973791653502716,0.14464,0.13877,0.13308,0.12729,0.12293,0.11799,0.11262837859551462,0.10731
07-01-2026 13:45,26072.8,0.14343761496985988,0.1375,0.131126817415797,0.12452,0.11755,0.1126,0.10713,0.10257,0.10008,0.09637,0.09394,0.09167,0.08976,0.08827,0.17844,0.17245673404655315,0.16658,0.16074,0.155265457406875,0.14982,0.14267,0.13852,0.13286510334350526,0.1272,0.12272,0.11748,0.11227,0.10712
07-01-2026 13:50,26083.4,0.1311,0.13079,0.13071,0.11458,0.1109,0.10573,0.09955,0.09775,0.09571,0.09249,0.09049,0.08864,0.08724,0.086,0.17864844051388457,0.17278955743789676,0.16703,0.16122481107924086,0.15547,0.15029,0.14357,0.13909,0.13359,0.12796,0.1235,0.11838,0.11309,0.10797
07-01-2026 13:55,26079.6,0.13406,0.133180463045229,0.13283,0.12454,0.11271,0.11314,0.1075969992173777,0.10267,0.09951,0.09595,0.09371,0.09128,0.08948681389999517,0.0879,0.17644,0.17088,0.1663,0.16097,0.15524,0.14995,0.1443067138499713,0.13868,0.13319,0.1277,0.12323,0.11758,0.11262,0.10768385643834058
07-01-2026 14:00,26088.65,0.12683,0.12726,0.12118509853198062,0.11512180566281957,0.10839,0.10736,0.10616,0.10244909330221957,0.09891,0.09497,0.09270739299923142,0.09048,0.08855,0.08723,0.1759760415203768,0.17127287517287387,0.16664,0.16202,0.15453,0.15055,0.14487,0.13898,0.13368,0.12808,0.12366,0.11826,0.11304,0.10766
07-01-2026 14:05,26096.3,0.11994,0.12171,0.11491,0.11938,0.10453,0.10799,0.10284,0.09946589781347609,0.09629116579850622,0.09296,0.09098,0.08903196697533344,0.0871,0.08586,0.17797,0.17139,0.16695229599311714,0.16253,0.15644927506894163,0.15048,0.14505537045305528,0.13967,0.13406,0.1293,0.1241,0.11873,0.11363,0.10818
07-01-2026 14:10,26100.95,0.11527,0.11807,0.11166,0.11718,0.11077,0.10686,0.10024,0.09667,0.09492,0.09246262445963413,0.09014212588136655,0.08774,0.08640895899019806,0.08509,0.17619568411500855,0.17169,0.16725928411473026,0.16284,0.15557,0.15079,0.1446,0.14033,0.13485,0.12962901871408325,0.12445,0.11951,0.11389,0.10872
07-01-2026 14:15,26097.3,0.12646575698147325,0.12055,0.11426,0.11114,0.10754491382155179,0.10373,0.09785,0.09574130457393136,0.09355,0.09092,0.08925077221574021,0.08749,0.08602,0.08474,0.17776,0.17148,0.16773,0.16193,0.15535,0.15096,0.14437,0.13993,0.13446,0.12926,0.12455,0.11925,0.11381,0.10886
07-01-2026 14:20,26090.7,0.12516,0.12549,0.11967011035633554,0.11458,0.10805,0.10502315719658556,0.10217,0.09626,0.09463,0.09177,0.08988,0.0880863441768573,0.08632,0.0852,0.17421052513549404,0.17108,0.16806,0.16129,0.15707,0.15093,0.14504,0.13938208373059865,0.13371,0.12826,0.12397,0.11856,0.11323,0.10826
07-01-2026 14:25,26090.45,0.1254,0.12569,0.11903662388367899,0.11309,0.11201,0.10681216959602687,0.10202,0.09921012181257091,0.09695,0.09333,0.09125,0.08931381535965983,0.08744,0.08588,0.17707,0.1725191080277189,0.16806,0.16128,0.15769,0.14994,0.14486,0.14014,0.134,0.12826,0.12384,0.11834,0.11312,0.10767
07-01-2026 14:30,26098.65,0.11775,0.11621313669556509,0.11338,0.11283,0.108,0.10375,0.0957,0.09374,0.09245,0.08931,0.08759,0.08653914335283686,0.08508,0.08388,0.17759,0.1716,0.16859,0.16182,0.15844,0.15109,0.14578,0.14087,0.13488,0.12884,0.12393788792558454,0.11906,0.11385,0.10863325993525295
07-01-2026 14:35,26088.15,0.12742,0.12736,0.12038,0.12188,0.1129,0.10654,0.10546,0.10076,0.09843,0.09465,0.09268,0.09026,0.08777890330351476,0.08544113056964056,0.17696,0.17096,0.16640471431392842,0.16176190158112697,0.15715,0.15041,0.14520560396693843,0.14,0.13416,0.12902998586588724,0.12393,0.11829,0.11310619107317614,0.10792
07-01-2026 14:40,26097.55,0.11889,0.12046,0.12154912241214927,0.12266,0.10834,0.11052,0.10398,0.10004,0.0976,0.09418,0.09198189209877795,0.09003,0.08824,0.0868,0.1768035421574102,0.17267,0.16855,0.16316651750250205,0.15778,0.15104,0.14536,0.14082,0.13497,0.12892,0.12414,0.11889,0.11311,0.10739054626582849
07-01-2026 14:45,26107.25,0.12396,0.11763,0.1223,0.1067,0.10319,0.10394,0.09526,0.09287,0.09155,0.08889,0.08749,0.08584,0.08476,0.0837,0.17791513020033847,0.17329,0.1686349833062016,0.16401,0.15783981920227427,0.15169,0.14639,0.14071288558110656,0.13506,0.12989,0.12485,0.11947712067791752,0.11414,0.10918
07-01-2026 14:50,26098.4,0.13162,0.13675,0.12915,0.12292,0.11705227959107227,0.11258,0.10664,0.1023,0.0996,0.09579,0.09332,0.09112,0.08873341673046807,0.08661201029058246,0.17642,0.1724296623803328,0.16839,0.16346,0.15807,0.15112,0.14581,0.14057,0.1343,0.12831,0.1241,0.11866560732643888,0.1132,0.108
07-01-2026 14:55,26113.35,0.13149,0.12732,0.11988,0.1167,0.10902,0.10408,0.10127,0.09839982749939057,0.09552,0.09223,0.09015,0.08838019513294136,0.0865,0.08529,0.17946,0.1737,0.16935,0.1640920127419847,0.15885,0.15262817547947582,0.14645,0.14127,0.13532821927663544,0.12937,0.12507,0.11986,0.11433,0.10908
07-01-2026 15:00,26123.1,0.12276,0.11978,0.11306,0.11132,0.10302,0.10089475627336533,0.09855,0.0946,0.09256189945314612,0.09028,0.08881,0.08709,0.08581098822547237,0.08446,0.17827,0.17388266896942578,0.16948,0.1653,0.15908,0.15355,0.1473,0.14211,0.13767,0.13048,0.12578,0.12037,0.11508,0.10980385541687031
07-01-2026 15:05,26133.7,0.11118,0.11022,0.11097703530259222,0.11163,0.10334,0.10225,0.09753,0.09433,0.0922420716956936,0.08993,0.08822,0.08652,0.0854111384184046,0.08421,0.17893,0.175,0.16966,0.16599,0.1588250134223049,0.15163,0.14746,0.14212509952464175,0.13677,0.13081,0.12618,0.12072,0.11529,0.10998
07-01-2026 15:10,26142.1,0.09884,0.11876,0.11059,0.11222,0.10533,0.10244,0.09801,0.09482,0.09307,0.0906,0.08896,0.08737,0.08575,0.0840809581548218,0.17883354600375231,0.17441,0.17002247636032136,0.16564,0.16034,0.15424,0.14866988268561632,0.14317111911021407,0.13766,0.13155,0.12641,0.12179,0.11633,0.11055
07-01-2026 15:15,26147.8,0.10654,0.11355,0.10582,0.09637,0.0947020605760296,0.09213,0.08989,0.086,0.08722,0.08611,0.08507,0.08366,0.08305,0.08238,0.17951,0.1759,0.17108,0.16531,0.16005613829653093,0.15482,0.14842,0.14365,0.13775,0.13182,0.12758,0.12205266108247208,0.11657,0.11108147977523322
07-01-2026 15:20,26138.3,0.11792,0.12203,0.1136,0.10598,0.0986,0.09832,0.09507,0.09248578911878245,0.09046,0.08884,0.08713,0.0859844628291029,0.08502,0.08402,0.18137,0.1742,0.17198,0.1659423947783977,0.1599,0.15239,0.14836,0.14335,0.13727,0.13102,0.12552,0.12142,0.11616,0.11054
07-01-2026 15:25,26139.7,0.11638,0.12088,0.11254,0.1063180289476496,0.09944,0.09616,0.09398,0.09147,0.09192,0.08949283780113906,0.08703,0.08549,0.08408769320332667,0.08258720206056702,0.17936,0.17731,0.17159,0.16754,0.16085,0.15228,0.14936,0.14228,0.13722,0.13170274429214454,0.12627,0.12052,0.11608,0.11012
08-01-2026 09:15,26101.75,0.11678,0.10508633695263858,0.09164,0.11444,0.09806,0.1029,0.09933,0.0938,0.09226,0.09026,0.08847,0.08739100275480526,0.08673,0.08567,0.18174,0.17806,0.17069,0.16507264043518508,0.15934,0.15364338330139163,0.148,0.14234,0.13554,0.13056,0.12504,0.11964,0.11443,0.10926777450478922
08-01-2026 09:20,26109.7,0.10711,0.09556790894716814,0.0813,0.09165,0.09017,0.09083,0.08783,0.0869950193216463,0.08598052912521788,0.08478,0.08368,0.08269,0.08198349396759952,0.08091531300576207,0.1820212554963763,0.17724,0.17249,0.16592710700444604,0.15934,0.15404,0.14616,0.14272,0.13626,0.13099,0.12580416298051592,0.12066233350858233,0.11556,0.11016
08-01-2026 09:25,26087.55,0.10989,0.10793511798491004,0.10509,0.09447,0.09178,0.0908,0.08627,0.0861,0.08568,0.08435,0.08383631251397344,0.08332,0.08301014792531092,0.08234,0.18263,0.17703620560648523,0.17156,0.16522868984390232,0.15885773883668194,0.15257,0.14449,0.14138,0.13473,0.12985,0.12516,0.12037,0.11455,0.10927
08-01-2026 09:30,26063.1,0.13321,0.11121,0.10224,0.1061,0.09787,0.09834,0.09432,0.0918,0.091,0.08905,0.08769160928477035,0.08679980587002008,0.0856,0.0849,0.18109,0.17429,0.16925,0.1631539345195791,0.15695,0.15213,0.14305,0.14003,0.13411,0.12894749635367916,0.12384793261530008,0.11872953309223065,0.11362490453118929,0.10857
08-01-2026 09:35,26053.95,0.14005,0.1319126857331952,0.12750835073202035,0.1235,0.10269,0.11067,0.10566,0.10007,0.09883,0.09588014356774546,0.09342853398797334,0.0915,0.09,0.08824795542956013,0.17789,0.17332974495178333,0.16867,0.1625648921728177,0.15635,0.15153,0.145416065492713,0.13941,0.13378,0.12774,0.12355,0.11742,0.11243,0.10685
08-01-2026 09:40,26092.65,0.0424533346890648,0.07222,0.10736,0.10182,0.09554,0.09462220649573547,0.09243,0.09023,0.08867,0.08688,0.0861042314147022,0.08526,0.08454806129120669,0.08339,0.18119116683118555,0.17621,0.17119,0.16453,0.15915,0.15415,0.14546,0.14211,0.13591,0.13053,0.12529735740413267,0.12011010820182932,0.11496184921609967,0.10987
08-01-2026 09:45,26077.7,0.12038,0.09884,0.1033681834299131,0.1063,0.09633,0.09896,0.09438,0.09346804442208279,0.09236,0.09023,0.08831,0.08718,0.08581,0.08450190498233151,0.18062,0.17472,0.17048,0.16608,0.15928335202755947,0.15256,0.14601,0.14108,0.13533474315991675,0.12961,0.12496,0.11967,0.11477,0.10919
08-01-2026 09:50,26070.8,0.12674,0.12348,0.12264,0.1176947762621279,0.11319092441566347,0.1098,0.10385,0.09989,0.09784,0.09522,0.09286,0.09054,0.0887566698433642,0.08742,0.1802,0.17457,0.1698,0.16429,0.15795,0.15191,0.14627815915149278,0.14061,0.13485,0.12954,0.12542,0.11937,0.11424,0.10913700916797008
08-01-2026 09:55,26089.4,0.11893,0.11470439738537509,0.10995,0.10776,0.1017,0.09898,0.09518,0.09178,0.09021962156746068,0.0884,0.0874641461201765,0.08609,0.08468,0.08383,0.18197,0.17577,0.17225,0.16643,0.1600501138068715,0.15377,0.14812,0.14291,0.13703399404029537,0.1313,0.12645,0.12111,0.11576526077713893,0.1104684721316018
08-01-2026 10:00,26081.9,0.12612,0.11463,0.11541,0.09567,0.0905,0.09307,0.09216,0.08949848438865513,0.08683,0.08578880159822874,0.08476494133846811,0.08348,0.08295,0.08222,0.18152,0.17531,0.17055,0.16595,0.15977,0.15308,0.14762,0.1424,0.1363453423792363,0.13036,0.12591,0.12012,0.1156,0.1098
08-01-2026 10:05,26068.05,0.13746,0.12556,0.10291,0.10148813254743057,0.09975,0.09371,0.09133717537609018,0.08884,0.08787164789401972,0.08659,0.08564,0.08442,0.08374,0.08309187244463287,0.1829,0.17444,0.1704,0.16505,0.15844,0.15236,0.1465,0.14209,0.13589,0.13005,0.12486725804389938,0.11972,0.11452,0.10903
08-01-2026 10:10,26050.3,0.16051267831464408,0.13736,0.11243,0.11244,0.10807996450205222,0.10496,0.10011589946759086,0.09617,0.09397,0.09127,0.08964,0.08765,0.08614949042425656,0.08499,0.18178,0.1745,0.16974,0.16352682726329917,0.15727,0.15117,0.1453,0.1407,0.1342,0.1289,0.1237,0.11806,0.11250109904834038,0.10689952036632723
08-01-2026 10:15,26055.25,0.12383,0.13428,0.109,0.10141,0.0969,0.09441337399393789,0.09102228269274053,0.0878,0.08731,0.08648,0.08509,0.08406,0.08321,0.08252511285237339,0.18044,0.17472,0.17055,0.16423,0.15803,0.15249,0.14583,0.14138,0.135,0.12954,0.12443,0.11939,0.11427,0.10914234491768
08-01-2026 10:20,26034.9,0.11640649784565203,0.11514,0.11445,0.10932,0.10163,0.10165,0.09571,0.09396,0.09295,0.091,0.08918,0.08756,0.08630876481597297,0.08519,0.17801,0.17343,0.16923,0.16312,0.15709,0.15112,0.14533,0.14027,0.13414,0.12859,0.1235,0.11824,0.11347,0.10802
08-01-2026 10:25,26034.15,0.12668093887873236,0.12074,0.11495,0.11115151893204513,0.10716915863197779,0.1034499534643146,0.09973,0.09619,0.09422,0.09223585655418112,0.09026,0.08852,0.08737,0.08617688207565578,0.17913,0.17381876522135298,0.16856750711897736,0.1633,0.15706,0.15089,0.14554981661423938,0.14023,0.13396,0.1288,0.12348534468220007,0.11819,0.11293258057541869,0.10767161307979363
08-01-2026 10:30,26034.2,0.13043,0.12296,0.11721,0.11248,0.10654,0.10325,0.0989,0.09655,0.09449180680485156,0.09269,0.09096,0.08901,0.08703150303382398,0.08516883865303371,0.1778041357590344,0.17341,0.16909353804479987,0.16481,0.15625,0.15166,0.14588739916100177,0.1401422891756483,0.1344,0.12945,0.12358,0.11841,0.11343,0.10783
08-01-2026 10:35,26040.5,0.11556,0.1184,0.10955,0.10308,0.09929,0.09834,0.09523548145441904,0.0917,0.0908,0.08918,0.08801,0.0868869159023875,0.08555,0.08442885870968238,0.1804,0.17383,0.1695081629889211,0.16525,0.1584179520275594,0.15173,0.14627,0.14086,0.13472,0.12929,0.12429,0.119,0.11438,0.10882
08-01-2026 10:40,26027.15,0.12731,0.12778,0.11939,0.11292494263159697,0.10746,0.10523,0.09862,0.0960096338531361,0.09385,0.09187190000163016,0.09018,0.08878676146106874,0.08739987224999089,0.08618,0.17956,0.17298,0.16751419700938847,0.162,0.15683,0.15075557318869084,0.14466,0.13962,0.13434,0.12845,0.12352,0.11748,0.11278858347555581,0.10803
08-01-2026 10:45,26033.1,0.1323673631015392,0.12450450807918467,0.11577,0.10722,0.10434178007103874,0.10168,0.09616,0.09329,0.09228,0.0904,0.08908,0.08753,0.08598515098328464,0.08454799541811218,0.17855,0.17348094702670772,0.16848,0.1635,0.1573427759995784,0.15125,0.14402,0.1402,0.13407,0.12838,0.12398,0.11885,0.11398,0.10838
08-01-2026 10:50,26029.85,0.11819,0.12603,0.10632,0.10241893756550442,0.09795,0.09934,0.09624497917271467,0.09317,0.09208,0.09069133181690141,0.08927,0.08758,0.08634,0.08516254792399193,0.17836,0.17317023610230997,0.16804,0.16287,0.15642,0.15122,0.1454,0.14014,0.13441,0.1293,0.12408,0.11841,0.11399,0.10857
08-01-2026 10:55,26018.95,0.12741,0.13303,0.11918536284652817,0.10692,0.10389587491329533,0.10154,0.09625,0.09308,0.09332,0.09144,0.08964,0.08828,0.08684,0.08605,0.17825,0.1725,0.16733611475963575,0.16215,0.1557,0.15049,0.14465,0.13969,0.13433,0.12876517259696374,0.12323239826980176,0.11767,0.1138,0.10990642115881324
08-01-2026 11:00,26016.4,0.12889,0.11864,0.10849,0.11085,0.1006,0.10269,0.09771,0.0946,0.09377,0.09163,0.09012402514233003,0.08867,0.08761,0.08655170222355588,0.17684431283520202,0.17207830680622357,0.16694193428438875,0.16178,0.15696,0.15046614014064202,0.14414,0.13982,0.1344215398137676,0.12894,0.1245,0.11922,0.11393139742967084,0.10871624873297704
08-01-2026 11:05,26011.95,0.13223,0.12934,0.1200902967137964,0.11196,0.10841,0.1012,0.09888,0.09649,0.0944106583964138,0.09243,0.09093469984853352,0.0895290671054492,0.08817,0.08698,0.1834201664648631,0.1758,0.16808,0.16128,0.15571312988349142,0.15004,0.14476234215529982,0.13952,0.13506,0.12899,0.1240025446307339,0.11898,0.11392,0.1088
08-01-2026 11:10,26009.35,0.147693340890005,0.13098,0.11365,0.10859,0.10444189002855142,0.10029,0.09856,0.09608263781778117,0.09367754724770483,0.09127,0.08993,0.08862,0.0876,0.08655,0.17986,0.17346,0.1673452434945597,0.16112,0.15557427176061198,0.14987,0.14506017419890227,0.14024,0.13528832221858808,0.13033887011720008,0.12544,0.11999,0.11509,0.10994
08-01-2026 11:15,26005.55,0.13832300669411335,0.12268,0.1073,0.10588,0.10003,0.09851,0.09432,0.09407,0.09316,0.09112,0.09004651366501407,0.08896,0.08802509585857717,0.08703,0.18067,0.17517,0.171,0.16475093664608065,0.15864207117850085,0.15248,0.14687,0.14114,0.13579,0.13133,0.12617,0.12106520772065783,0.11597,0.11087
08-01-2026 11:20,25984.4,0.14374,0.13566,0.11071,0.10416,0.09902,0.09753370592611116,0.09553,0.09345,0.09251,0.0916,0.09065,0.08947,0.08841103452816008,0.08721729203276828,0.17931,0.17519,0.17042,0.16514,0.1596,0.1542852948443579,0.14908,0.14263,0.13824,0.13264,0.12703,0.12199,0.11699,0.11194
08-01-2026 11:25,25968.0,0.13393,0.14451,0.12940982916714874,0.11621,0.10783,0.10532,0.10246,0.09972,0.09817,0.09555,0.09394687537786381,0.09258,0.0912,0.09028,0.17739566163561987,0.17343,0.16954,0.1644,0.15998,0.15371162136530425,0.14752272595988447,0.14131,0.13656,0.13102640201479,0.12547,0.12017,0.11526,0.10994
08-01-2026 11:30,25968.05,0.15482868864842694,0.14451,0.1321049293638984,0.12124076484715039,0.10996,0.10584,0.10251265649226202,0.09904,0.09736016331692413,0.09558484321875554,0.09381,0.0924,0.09118,0.09058,0.17845302698474913,0.17458,0.17075,0.16483308673848468,0.15899677075922183,0.15315,0.14693,0.1421,0.13492,0.13068,0.12595,0.12068,0.11592,0.11084
08-01-2026 11:35,25971.65,0.12433877707736224,0.12237765401823433,0.12047,0.11888,0.11249,0.10861,0.10423,0.10083,0.09857,0.09641,0.09465,0.09281,0.09139,0.08996559534665025,0.1792607952764997,0.17483,0.17042,0.16429280906586932,0.15823,0.15199,0.1463483959785816,0.14072444836754625,0.13508,0.13000499489180523,0.12493,0.11961642649699146,0.11426,0.10886
08-01-2026 11:40,25983.85,0.13538,0.11016,0.11307,0.10963,0.10591714820805535,0.10171,0.0990669080873647,0.09626,0.09523,0.09304,0.09174,0.0905,0.08937,0.08904,0.17934,0.17566,0.17105,0.16496763941886644,0.15897947170468002,0.15302,0.14714189646101686,0.1413,0.13551,0.13019,0.12571,0.12045324338380747,0.11521,0.10985
08-01-2026 11:45,25973.8,0.12243,0.12497,0.10904,0.10848907952371528,0.10746,0.10034,0.09668,0.09552920132622456,0.0941,0.09275961843239094,0.09124,0.09009,0.08932,0.08911,0.1787,0.17567,0.17019,0.16335,0.15791486875666902,0.15249,0.14695,0.14125,0.13574,0.1303,0.12569,0.12043,0.11571,0.11036
08-01-2026 11:50,25958.25,0.13347,0.12051,0.1206,0.11501,0.10958,0.10568580948801866,0.1023655940040643,0.09931,0.09775,0.09542,0.0938,0.09237,0.09104,0.08967365669087667,0.17995548888038496,0.17465,0.16935,0.16471,0.15803,0.1514,0.14585,0.14052,0.13471,0.12923,0.12457,0.11926,0.11463,0.1092
08-01-2026 11:55,25958.05,0.12189,0.11063,0.10786782862065893,0.10429,0.10104847916504957,0.09719,0.09531295786018186,0.09325,0.09271,0.09138,0.09045,0.08941,0.08854,0.08892,0.18039,0.17443,0.17054,0.16471,0.15869472876135088,0.15281,0.14684,0.14193,0.13633,0.1313633602902849,0.12657,0.12119,0.11693,0.11263639585228458
08-01-2026 12:00,25936.15,0.12217,0.11547,0.10832,0.10595801716873418,0.10256,0.10034,0.09708,0.09569,0.09503,0.09382,0.0926,0.09184642103511574,0.09081,0.09107,0.18079,0.17552,0.17076,0.16496,0.156,0.15065,0.14638,0.1418914468574888,0.13743,0.13233133583329865,0.12748,0.12229,0.11748119467545234,0.1128
08-01-2026 12:05,25896.7,0.1448,0.1364015221868495,0.12976,0.1243,0.11772,0.11319,0.10987568203351386,0.10719111176982216,0.10487,0.10247,0.10057,0.09884,0.09759163382134611,0.09686,0.1799,0.17523,0.1701326098609842,0.16499,0.15649888827802275,0.14801,0.14378,0.13864007084435093,0.13335,0.12858,0.12484,0.11972079937057292,0.11452,0.10966
08-01-2026 12:10,25920.3,0.1311,0.12721,0.12316,0.11872,0.11304,0.10923,0.10565,0.10319,0.10149,0.09916,0.09766,0.09594,0.0951,0.09445,0.18108,0.17569,0.17024568728132777,0.16472,0.1588,0.15031,0.145758831349965,0.14123,0.13549,0.1291,0.12563,0.12046,0.11531,0.10996
08-01-2026 12:15,25935.5,0.12800025707400925,0.12281,0.11819119771901931,0.1133375948665294,0.10827,0.10499397125567088,0.10135,0.09952,0.09774,0.09636,0.09485,0.09395,0.09295,0.09262,0.18318,0.17791,0.17292,0.1666100378159,0.16035,0.1549,0.14943837136086727,0.14401,0.13794,0.13165,0.12804,0.1227,0.11781,0.11288
08-01-2026 12:20,25923.15,0.13462,0.12982,0.1211,0.11657,0.11259,0.10757,0.10456711068650888,0.10183,0.09983,0.09796,0.09661,0.09537171511853121,0.09427,0.09404,0.18674,0.17896,0.17478,0.16847,0.16299,0.15402,0.15118,0.1452,0.13893,0.13283,0.1282065470003968,0.1236,0.11875,0.11375
08-01-2026 12:25,25934.95,0.12705,0.12349,0.11508,0.11706,0.11002,0.10694461102359792,0.10373,0.1013,0.09949702350082035,0.09751,0.09629,0.09469,0.09344,0.09341,0.18718,0.17979,0.17429,0.16832632912557494,0.16228,0.15913,0.15197055743991683,0.1449,0.13854,0.13267,0.12842,0.12324912774942302,0.11803,0.11335
08-01-2026 12:30,25935.9,0.12309,0.12295,0.11958,0.10904,0.10503,0.1022192362506028,0.09853,0.09758,0.09652082628158691,0.09479,0.09357,0.09246,0.09168,0.09175,0.1855,0.17987,0.17521,0.17092,0.16412276724853406,0.15750481659287247,0.15083,0.14631,0.14015,0.13405,0.13004,0.12477,0.11989,0.11495613767392565
08-01-2026 12:35,25914.7,0.13927,0.13463,0.12812736408915895,0.12176231125426232,0.11617,0.11019,0.1071089127737493,0.10462,0.10226,0.10014454284149817,0.09823755735079868,0.09653,0.09498,0.09504,0.18467,0.18126,0.17357,0.16729,0.16143,0.15625,0.1514,0.14427,0.1375,0.13174,0.1269099912389256,0.12192,0.11703440322439179,0.11202
08-01-2026 12:40,25920.75,0.13831023273021092,0.13148,0.12465,0.11739,0.11421,0.11052,0.10652,0.10369,0.10141287978803928,0.09919,0.09712,0.0957,0.09428,0.0943,0.18451,0.1783,0.17334,0.16731028502747597,0.1613,0.15799,0.15113672920052376,0.1443,0.13768,0.1313,0.12676273119500464,0.12209,0.11706248357382282,0.11197
08-01-2026 12:45,25921.8,0.13509,0.1261802046451347,0.11644,0.11302,0.10968,0.10613,0.10408697730717296,0.10173,0.09984,0.09802,0.0967000263587552,0.09526457629787609,0.09385,0.09401,0.18459,0.1782,0.17427,0.16751,0.16183,0.15808,0.15153887022375975,0.14505,0.13859810882026158,0.13223,0.12851,0.12311,0.11803169672387447,0.11301
08-01-2026 12:50,25913.2,0.1312,0.13546,0.11517,0.12057,0.11542448077806787,0.11085,0.1067,0.10438,0.10171,0.09974,0.09825,0.09712728925983502,0.09604433227580816,0.09513,0.18073937011105157,0.17763,0.17466,0.16692,0.16249,0.15695,0.15086,0.14408,0.13762,0.13137,0.12726,0.12212295903647907,0.11699,0.11152
08-01-2026 12:55,25910.65,0.1328,0.13677,0.11648,0.11758,0.11238,0.10766,0.10469,0.10295,0.1008,0.09920318946969676,0.09733,0.09612,0.09476,0.0946,0.18504,0.17875,0.17514,0.16873,0.16246859798509022,0.15621951392374805,0.1499937479495051,0.14379,0.13734,0.13127,0.12722,0.12162,0.11703,0.1113
08-01-2026 13:00,25905.65,0.13583,0.13928,0.13112360054151515,0.12451,0.11087,0.11208,0.10926278208505483,0.10712,0.10472,0.10241,0.10025,0.09844,0.09673,0.09617,0.1849,0.17824,0.17416,0.16839,0.1624150806542284,0.15642,0.14973,0.14390238201003802,0.13804279495615054,0.13225531818989636,0.1265,0.12156,0.11665690794701061,0.11173836364900161
08-01-2026 13:05,25924.95,0.12353,0.12931,0.12087,0.11706,0.10851,0.10663794253313919,0.10422558347150622,0.10217,0.10062224570617469,0.09887633173080167,0.09716648073470088,0.09544392000571399,0.09364,0.09321,0.18388611315290906,0.17959,0.17537,0.16857,0.16325,0.15786,0.15166,0.14501,0.13852487848812112,0.13215,0.12785,0.12213,0.11736,0.11212
08-01-2026 13:10,25922.25,0.13656,0.12639,0.12284713890407901,0.11962,0.10956,0.10765030775166408,0.1055646948842838,0.10381,0.10093,0.09913239825561873,0.0974069709473018,0.09566,0.09417,0.0937,0.18665,0.17942,0.17404,0.16829375134849997,0.1625,0.15598,0.14979,0.14416,0.13714,0.13092,0.12699,0.12155659267579359,0.11611,0.11058
08-01-2026 13:15,25921.8,0.13686,0.12666,0.12001,0.11462,0.10975,0.10641,0.10299,0.10090916971796088,0.09863,0.09725,0.09579,0.09442041153118777,0.09295,0.09277,0.18663,0.1794,0.17502,0.17019,0.16319,0.15785200171919836,0.15262,0.1448,0.13804,0.13155,0.12777,0.1221,0.11685241629513962,0.11163
08-01-2026 13:20,25914.55,0.14112,0.1321126710546153,0.12430403912380299,0.11617,0.10916,0.10646,0.10447,0.1013,0.09915,0.09761,0.09613698720762966,0.09483,0.09341,0.09347,0.1841725001196757,0.17892,0.1738233690068278,0.16863,0.16309,0.157,0.15083029388696448,0.14458,0.138,0.13155,0.12751,0.12179,0.11666702705110897,0.11148
08-01-2026 13:25,25911.75,0.14273,0.11662,0.11326653688343584,0.10904317240347149,0.10431,0.10172,0.09957,0.09856788474494106,0.09721437720125188,0.0957967789295411,0.09439,0.09305,0.09214,0.09239,0.18654,0.178,0.17609,0.17066,0.16372,0.15681,0.15234,0.14556,0.13909027776499674,0.13278,0.12901,0.12375773547496628,0.11871,0.1133
08-01-2026 13:30,25888.65,0.15494,0.12545,0.12737,0.12153,0.11639559833661994,0.11202288996225164,0.10803,0.1054,0.10268,0.10074282951144448,0.09919,0.09714,0.0957,0.09418395108636259,0.18496,0.17858,0.17384,0.1659,0.16123,0.154962329032841,0.14865046651630445,0.1423,0.1359,0.12941,0.12539,0.11989,0.11478,0.10939
08-01-2026 13:35,25907.5,0.13114,0.11468,0.11856,0.11656,0.10942,0.10737,0.10467,0.10234,0.09968,0.09784,0.09675,0.09513,0.09392,0.09367,0.18702,0.17624,0.17407,0.16726,0.16178,0.15753,0.149,0.14287,0.1373372124263691,0.13184223723495397,0.12642442045311858,0.1209955202345091,0.11563,0.11024
08-01-2026 13:40,25901.95,0.132,0.1257386453992943,0.12127,0.1177,0.11328148459717857,0.10918923583371458,0.10502,0.10332,0.10113550497698749,0.09908,0.09750738920721762,0.09594919642329341,0.09445,0.0942,0.18665,0.17587,0.17385,0.16767563377720238,0.16153,0.1547,0.14847,0.14279,0.13615,0.13003,0.12503580083894375,0.12003866639507439,0.11509,0.10991
08-01-2026 13:45,25914.15,0.12419,0.11049,0.12285,0.11764,0.11345332376478531,0.1095469743553065,0.10554,0.1032,0.10095,0.09865,0.09752,0.09555,0.09387,0.09366,0.18446,0.17653,0.17324,0.16776,0.161,0.15561,0.14841,0.14238,0.13659915412748375,0.13082956316874766,0.12515,0.11953,0.11462,0.10972131290391536
08-01-2026 13:50,25911.55,0.12595,0.12756,0.12328,0.1173776116312536,0.11156,0.1097,0.10648,0.1038,0.10147,0.09906,0.09742,0.0955,0.09384,0.09357,0.1843,0.17656,0.17239,0.16713,0.16083,0.15543,0.1476,0.14185,0.13543804264806714,0.12901,0.12495,0.11895,0.11414,0.10917
08-01-2026 13:55,25926.6,0.1370049443695732,0.12702,0.11579,0.11513,0.11104,0.10677933259756799,0.10242,0.10115,0.09911,0.09696,0.09542,0.0937,0.09229,0.09191,0.18372,0.1776,0.17346,0.16678,0.16164139883446252,0.15655,0.14783,0.14195,0.13563648091083239,0.12932,0.12499,0.11922,0.11420749423917816,0.10919
08-01-2026 14:00,25936.35,0.107,0.11221851910408501,0.11047585207488643,0.11052,0.10497,0.10471,0.10075,0.09910473395608915,0.09796975579151776,0.09582658992460025,0.09465528646972006,0.09302817026999595,0.09121,0.09073,0.18597220536050246,0.17975474871534705,0.17364,0.16748,0.16161,0.15728,0.14829,0.14293,0.13609,0.13009,0.12561,0.12019,0.11524,0.11019
08-01-2026 14:05,25930.35,0.11223,0.11377070589045295,0.11388,0.10824,0.10288,0.10302,0.09939,0.09783,0.09643877005230381,0.0946,0.09339793597879363,0.09199901753106612,0.0905,0.08928707592988641,0.18401,0.17848383961193365,0.17306,0.16707,0.16149,0.15425,0.14839,0.14228801736550478,0.13619,0.12993,0.12574,0.11978,0.11547,0.11007
08-01-2026 14:10,25918.0,0.12091380557433502,0.12049176712421748,0.11963,0.11897,0.11452,0.10974710930587707,0.10544,0.10303,0.10038,0.09775,0.09634,0.09436,0.09285,0.09241,0.18193,0.17706,0.17256,0.16621,0.16062,0.15337,0.14749,0.14216,0.13536,0.12937,0.1242684566261452,0.11915,0.11414984698663362,0.10909
08-01-2026 14:15,25928.1,0.12890950073722673,0.12166,0.11446,0.12067,0.11479394492957912,0.10934,0.10438,0.10159,0.09926,0.09705311423590546,0.09504,0.09328,0.09228751348290323,0.09133,0.18327004397833277,0.17777,0.17223,0.16661,0.16019828086808643,0.1538187325551308,0.14746,0.14187,0.13505,0.12877,0.12401,0.11844,0.11320054157302195,0.10785
08-01-2026 14:20,25935.4,0.13496,0.11721,0.12441,0.11023,0.1087,0.10389704307183942,0.09895,0.09649,0.09506,0.0934,0.09194,0.09027,0.08969156388809814,0.08901,0.18095,0.17527,0.17148,0.16355,0.15991,0.15465,0.14708,0.14092706608847985,0.13472,0.12884,0.12416,0.11825,0.11342359281277248,0.10851
08-01-2026 14:25,25922.75,0.12021847466533833,0.12481,0.13045,0.10787,0.10510265144304758,0.10105,0.09948,0.09789058761397426,0.09604453346268654,0.094,0.09245,0.09096,0.08972,0.08928,0.18314,0.17546,0.17224,0.16527,0.1604,0.15514,0.14826,0.14255,0.13603784778228156,0.12967,0.12450167729138813,0.11942,0.11485,0.10948
08-01-2026 14:30,25906.05,0.13827,0.13385,0.1379,0.12758,0.12218,0.11544,0.11051,0.10707,0.10419,0.10081,0.09805678314378288,0.09595,0.09330901924409028,0.09102028026839473,0.18033,0.17553,0.17091,0.16411,0.15937,0.15227,0.14627,0.14005520889246173,0.13373,0.12739,0.12271,0.11712,0.11207,0.10621
08-01-2026 14:35,25930.65,0.12256,0.12021,0.12677,0.11586,0.11047,0.10851,0.10262,0.09925,0.09721,0.09540278721277892,0.0933,0.09138,0.08976,0.08937,0.18112,0.17722,0.1712,0.16569,0.16011697994337012,0.15463,0.14743,0.14175,0.13484,0.12871,0.1235614175131359,0.11845,0.11364,0.10879702559847157
08-01-2026 14:40,25928.05,0.12441,0.12039619712499645,0.11682992367534167,0.11274207488622198,0.10867,0.10578,0.10106,0.09931,0.09753,0.09475,0.0931764753811353,0.09158205892811613,0.09002,0.08972,0.18119,0.17706,0.17122,0.16552,0.1594610297946607,0.15346,0.14686,0.14132,0.13483862364381194,0.12841,0.12388,0.11793,0.11298524361207599,0.10801
08-01-2026 14:45,25926.4,0.12557,0.12220217169109508,0.11923,0.11485,0.11037,0.10580648215660436,0.10178,0.09907,0.09678,0.09467,0.09333,0.09151,0.09017,0.0897,0.18282,0.17696,0.1701785449635689,0.16335,0.15887,0.15278,0.14648,0.14097,0.13398,0.12845357092183357,0.12295,0.11748,0.11234234349209572,0.10713
08-01-2026 14:50,25932.65,0.12118,0.11905,0.11400905898786862,0.1087412549268785,0.10319,0.09904,0.09626,0.09518,0.09362925103231697,0.09175,0.09061564274208678,0.08918,0.08805,0.08799,0.18086,0.17476,0.17156,0.16555890577471033,0.15964,0.15339679344805177,0.14722,0.14169,0.13492,0.12848,0.12409,0.11849,0.11391,0.1092839849773387
08-01-2026 14:55,25918.9,0.13056,0.12709,0.11701,0.11014,0.1061,0.10315,0.09977,0.09765,0.09557,0.09352,0.09229,0.09084136114284529,0.08947,0.08904,0.18171,0.17384,0.17044,0.16591,0.15867,0.15269,0.14649,0.14055,0.13422,0.12784,0.12326,0.1172,0.11302,0.10728
08-01-2026 15:00,25894.05,0.13419419758393553,0.11947,0.10472,0.10119,0.09933750405581881,0.0968655902145562,0.09391,0.09234,0.09109,0.08992,0.0891,0.08886043252120782,0.08836315568368253,0.08774,0.18089,0.17459876491829568,0.1684902973713226,0.16234,0.15753,0.15062,0.14532,0.13894,0.1332,0.12671,0.12274,0.11785278133085365,0.11307,0.10820670240542125
08-01-2026 15:05,25867.85,0.13369,0.12731,0.12359,0.11508,0.10997,0.10648,0.10299,0.10031,0.09828398421538266,0.09645659978579679,0.09487665457578202,0.09338,0.09204,0.09182,0.177,0.17062,0.16675,0.16034,0.15396,0.14916,0.14290773069361362,0.13662,0.13044,0.12476,0.11990320880459582,0.11498331421271601,0.11008,0.10543
08-01-2026 15:10,25878.85,0.12899,0.12152,0.115,0.11272,0.10769,0.1042890829868958,0.1008,0.09855,0.09645,0.09477149210356021,0.09346,0.09231650036119116,0.09113,0.0900418977946389,0.17776,0.1722,0.16674607392646518,0.1613,0.15523685086144345,0.14926,0.14305,0.13722,0.1312018404146296,0.12524,0.12102,0.11568,0.11072,0.10577419026728437
08-01-2026 15:15,25875.3,0.13029,0.11994,0.11446,0.11037142708572527,0.1063,0.10282,0.10033,0.09768,0.0959,0.09421158037105387,0.09259,0.09148,0.09008,0.09017,0.17687,0.17032,0.16729,0.16056,0.15484,0.14784,0.14306,0.13708,0.13093,0.12467,0.12017229842011118,0.11562,0.11074,0.10588216431496433
08-01-2026 15:20,25877.45,0.13005,0.12392,0.1134,0.10786,0.10435115721908934,0.10106,0.09813,0.09608,0.09453,0.093016822500298,0.09119,0.09032,0.08942337467247176,0.0886406602653568,0.17703,0.17111,0.16692011587832403,0.16272,0.15578,0.14932,0.14283,0.13686044124777338,0.13088,0.12505,0.12050667193111544,0.11589,0.11114680038456569,0.10639
08-01-2026 15:25,25872.2,0.12803,0.11592,0.11061,0.10494,0.10007,0.09872,0.09597138913587779,0.09347,0.0934,0.0924140831648973,0.09086,0.0897,0.0883,0.08906,0.18108155029122172,0.17433,0.16747,0.15982462725894656,0.15205,0.14918217992759683,0.14626,0.13817,0.13159985421892587,0.12504,0.12242,0.11678,0.11259,0.10836611925654119
09-01-2026 09:15,25899.85,0.14298,0.12727,0.12220166307744829,0.11838800209703285,0.11599,0.11149,0.10630647270487571,0.10327,0.10051,0.09754,0.09616,0.09390384052210383,0.09254,0.09258,0.17626,0.17371,0.1685,0.16185,0.15604,0.15102,0.14520959298717118,0.13935,0.13353,0.12681,0.12252,0.11718,0.1122602447011288,0.10734
09-01-2026 09:20,25916.2,0.13305,0.11456823189301041,0.09457,0.09091,0.08856,0.08824,0.08706,0.08685,0.08565,0.08505,0.08477,0.08448,0.084,0.08518,0.17816,0.17484,0.16986,0.16371555388305845,0.1576884532731012,0.15175,0.14643,0.14073,0.13492,0.12918,0.12447521489487086,0.11994,0.1155007607817655,0.11126
09-01-2026 09:25,25858.55,0.13567,0.12722,0.11838694921879583,0.11184,0.10806,0.10555,0.10028,0.0978,0.096,0.09394996484627094,0.09284,0.09082,0.08988,0.09067,0.1768,0.17023,0.16645,0.16049654337539102,0.1546,0.14865,0.14395,0.137,0.13104,0.12573,0.12155,0.1165,0.11190071265589592,0.10728
09-01-2026 09:30,25855.3,0.11631,0.1148208173032341,0.11179635880676797,0.10938,0.10492,0.10179,0.09982,0.09624,0.09472,0.09321742794969844,0.09208,0.09097,0.09066031502778171,0.09032,0.17635,0.17114,0.16663,0.15894,0.15504,0.14898988618646314,0.14304,0.13726630307133908,0.1315444638525373,0.12588,0.12172,0.1166,0.1125,0.10776
09-01-2026 09:35,25832.05,0.13099,0.1306,0.12762,0.1166,0.11021,0.10683,0.10345,0.10058,0.09838495809108244,0.09572,0.09480981884537332,0.09351,0.09197,0.09299,0.17503,0.16911,0.1652,0.15805,0.15336,0.14717,0.14198,0.13561,0.12998,0.12431,0.11965123556011402,0.11504,0.1104,0.10589
09-01-2026 09:40,25822.35,0.14028,0.15544,0.14081,0.13487364055470974,0.12915512252944755,0.12428467969969666,0.11972,0.11401044312568526,0.10968,0.1066,0.10381,0.10112,0.09868,0.09897,0.17414,0.16845,0.16395,0.15682,0.15185,0.14647,0.14004,0.13288,0.12687,0.12082,0.11665,0.11089,0.10643,0.10141
09-01-2026 09:45,25853.6,0.12218,0.14562,0.14179,0.12956,0.12297332395923333,0.11759,0.11166,0.10778374211504303,0.10425,0.10106,0.09868,0.09701,0.09465,0.0947,0.1758,0.16972,0.16474454248705067,0.1598,0.15345,0.14727407511107446,0.14111318714964552,0.135,0.12908,0.12385934272936108,0.11879,0.1135317624476989,0.1084,0.10386
09-01-2026 09:50,25857.2,0.14752,0.1383761502747049,0.1292,0.12532,0.11969224678969242,0.11474,0.10985,0.10596,0.10317837203010392,0.10043953017139126,0.09786,0.09569,0.09483598228506304,0.0942,0.17726,0.16998,0.16583,0.1598611922702521,0.15389,0.14876,0.14226815182501065,0.13581,0.13034199707467564,0.12485240648540623,0.11946,0.11467584796709702,0.10996,0.10532
09-01-2026 09:55,25884.0,0.1330270934561748,0.13078,0.12877,0.1207,0.11479,0.11041,0.10683,0.10269,0.09982,0.09704,0.09541,0.09358,0.09172,0.09189,0.17670058313366874,0.17206,0.16751,0.16047,0.1539,0.15059,0.14326,0.13759,0.13157,0.12543,0.12081942568176003,0.11619506796343763,0.11161741598178834,0.10705
09-01-2026 10:00,25894.2,0.12583,0.11041,0.10847,0.10722350824474615,0.10376,0.10087,0.09838,0.09637,0.09421,0.09309191729723118,0.09171,0.0903,0.08883,0.08974,0.18005,0.17232,0.16905,0.1623828080532877,0.15589,0.1497863149863247,0.14373,0.13851,0.13249,0.12646,0.12252,0.11687,0.11256,0.10820533946557441
09-01-2026 10:05,25862.35,0.14485,0.12893,0.13607,0.12919,0.12020943819880409,0.11323,0.1088,0.10481,0.1016,0.09899228105709194,0.09707,0.0948,0.09299,0.09339,0.17742,0.17239,0.16723,0.15954,0.15396,0.14826,0.14211,0.13634971210642177,0.1305,0.12458,0.11957630065132778,0.11443,0.11017,0.10536
09-01-2026 10:10,25871.6,0.13977,0.1223,0.1204,0.10981,0.1064,0.10257,0.09915,0.09632,0.09445,0.0929,0.09191,0.09144520190147924,0.09065813335945978,0.08995,0.17901,0.17304,0.16769,0.1604,0.1555,0.14941,0.14345831256960087,0.1376,0.13158,0.12554,0.12159,0.11609,0.11181,0.10716
09-01-2026 10:15,25866.2,0.13361,0.12299,0.11845,0.1129,0.10899643149236583,0.10452,0.10083,0.09703,0.09536,0.09384,0.09266586758091426,0.09152474766684836,0.09015,0.09082,0.17772,0.17268,0.16713,0.16003,0.15512,0.14903,0.14257,0.13707,0.13106,0.12554,0.12071,0.11517,0.11127,0.10733770183659856
09-01-2026 10:20,25855.2,0.14386699943769038,0.13817,0.13246,0.12533,0.11987,0.11290684051729119,0.10634,0.10197,0.09926,0.09696,0.09535,0.09359,0.09239,0.09265,0.17907,0.17311892460516964,0.1671892797275935,0.16128,0.15434,0.14824,0.14161,0.13586,0.12998,0.12342,0.11918,0.11401,0.10936,0.10442
09-01-2026 10:25,25858.65,0.15299,0.14164,0.13545,0.128,0.12042823110809729,0.11408,0.10968,0.10496,0.10207,0.09932,0.09691988627417608,0.09509,0.09331,0.0914834374697447,0.17933,0.1743,0.1678,0.16154,0.1552282439723889,0.14896,0.1416,0.13626,0.13014,0.12433,0.11992,0.11431,0.10962359317558168,0.10487
09-01-2026 10:30,25876.25,0.14372,0.12319,0.12244,0.10581,0.10194,0.09806,0.09564,0.09339,0.09181,0.09045,0.08954,0.08862,0.0876,0.08862,0.18055,0.17554,0.16925,0.16352,0.15555,0.14990046351735978,0.14434,0.13813,0.13222,0.12616,0.12175,0.11712917303487563,0.11267,0.10792
09-01-2026 10:35,25856.25,0.13386,0.12186,0.11509,0.11409,0.11083,0.10442,0.10153,0.09794,0.09652,0.09387,0.0931,0.09155794253831924,0.09015,0.09111,0.17919,0.17291,0.16785,0.16049,0.15512,0.1490968189365263,0.14313,0.13699,0.13113,0.12489,0.12002601620400336,0.11514,0.11095,0.10594
09-01-2026 10:40,25848.5,0.13828,0.13072,0.12174,0.11631785775828377,0.11156,0.10677,0.10343,0.09947,0.09758318017450957,0.09577273625327788,0.09413,0.09245,0.09072458192144836,0.0892084214037175,0.177,0.17175,0.16614919477960866,0.1605,0.15457,0.14841,0.14173,0.13616,0.13031,0.12495554068663746,0.11965,0.11418,0.10962201345400618,0.10499
09-01-2026 10:45,25856.0,0.1329629265372038,0.12691,0.12058223147592803,0.11436836615334577,0.10894,0.10426,0.10107,0.09729,0.09535,0.09318,0.09212,0.09086121934733847,0.08965,0.09047,0.17921,0.17163,0.16709,0.16105,0.15497,0.14836,0.14247683213946766,0.13662,0.13056,0.12437,0.11984,0.11436,0.10975726089819184,0.10507
09-01-2026 10:50,25857.85,0.12575,0.12071,0.10942,0.1029,0.10115,0.09755,0.09588384069693986,0.09391278235497431,0.09205051160088296,0.08997,0.08915,0.08859,0.0881403988231093,0.08767368820039881,0.17913,0.172,0.16724,0.1611390499633147,0.15511,0.14851,0.14315,0.13715,0.1306,0.12494,0.12071,0.11531,0.11159,0.10663
09-01-2026 10:55,25829.65,0.12173,0.13509,0.1134,0.11215,0.10597,0.10186,0.09907,0.0963,0.09507,0.09307,0.0924,0.09124554691552991,0.09028,0.09146,0.17455333450421187,0.17006,0.16565,0.15919,0.15275,0.14645,0.14105,0.13537,0.12942,0.1242124885349935,0.11907,0.11452954314897196,0.11001,0.10509
09-01-2026 11:00,25812.95,0.1654107533954254,0.14272,0.11773,0.11095,0.10633,0.10294150483096856,0.0999040153320235,0.09664,0.09499,0.09329,0.09252,0.09146,0.0908,0.09218,0.17375,0.16891,0.1641,0.15801,0.15038,0.14383,0.13952,0.13385,0.12801,0.12206,0.11785,0.11311609729895256,0.1084241374387059,0.10372
09-01-2026 11:05,25810.2,0.13273,0.12575702084183926,0.11842,0.11358772924277975,0.10914,0.10523820874363715,0.10222,0.0984,0.09696,0.09459,0.09354,0.09227,0.09127,0.09265,0.1731,0.16874,0.16329791621807327,0.15782,0.1536,0.14333,0.13840778101745435,0.1334,0.12724,0.12214,0.11763,0.11213,0.10826,0.10438519677973583
09-01-2026 11:10,25819.45,0.1199213537354749,0.11504,0.11078,0.10668167452561061,0.10212,0.09707,0.09532454033258043,0.09292,0.09129,0.09002,0.08973,0.08945,0.08886,0.09057,0.17655,0.17039988946600565,0.16439,0.1585,0.15188,0.14781,0.14072,0.13474,0.12887,0.12371650018616387,0.11867,0.11354,0.10999,0.10637303543245946
09-01-2026 11:15,25805.3,0.12636,0.11857,0.1129,0.11045,0.10525,0.10193639812729875,0.09905,0.09601,0.09436,0.0927,0.0923,0.09144,0.09176407032421491,0.09233,0.17514,0.16843,0.16398,0.1575,0.15209878849742206,0.14676,0.14006,0.1339,0.12815891287541803,0.12245,0.11782,0.11268,0.10864,0.10376
09-01-2026 11:20,25797.5,0.1313897758188913,0.12365,0.1158,0.11065198468894692,0.10532,0.10169,0.09969,0.0968,0.09541,0.09379,0.09248,0.09198,0.09139,0.09279,0.17105,0.17038,0.16344,0.15695,0.15129,0.1454,0.13908,0.13307,0.12716,0.12153,0.11701,0.11186,0.10775,0.10286
09-01-2026 11:25,25799.65,0.13192,0.12292,0.11743,0.11411,0.10961063818410302,0.10561,0.10227,0.09918,0.0971,0.09498,0.09443,0.09333,0.09254,0.0939,0.17363,0.17055,0.16436,0.15712,0.15146,0.14637,0.13926,0.13349,0.1275317776498876,0.12162,0.11711,0.11184,0.10764,0.10345671395794633
09-01-2026 11:30,25809.4,0.12855,0.12212994007730979,0.11577,0.10497,0.10617,0.09831,0.09527,0.09358,0.09225,0.09053,0.0903964914251098,0.08988,0.08972,0.09155,0.17384,0.16829,0.16283122185627757,0.1573057749152577,0.15186,0.14628,0.14001,0.1342624228489169,0.12854516340754604,0.12291,0.11795,0.11335144053576499,0.1088140045038379,0.10429
09-01-2026 11:35,25776.0,0.1207136822066689,0.11663900862603689,0.1124,0.10842,0.1043,0.10131248286400477,0.09847538192695023,0.09582,0.09455,0.09282,0.09248,0.09187,0.09137,0.09325,0.17295,0.16871,0.16379,0.15744497468690644,0.15116,0.14588,0.13918,0.13343,0.12775735619942974,0.12214,0.11801,0.11312,0.10927,0.10467
09-01-2026 11:40,25764.3,0.12402,0.11836823527455287,0.11266,0.10838,0.10458,0.10002,0.09825460471278738,0.09662584035253245,0.0949,0.09302,0.09277,0.09217,0.09178,0.09368,0.17327,0.1679,0.1635,0.15682,0.15015,0.14304,0.13917,0.13286,0.12774471373934132,0.1226602112991535,0.11762,0.11281,0.10858742407809077,0.10434
09-01-2026 11:45,25759.6,0.1246,0.1174,0.11296,0.10788,0.10384,0.10107,0.09909,0.09735915117645311,0.09554523155657267,0.09381,0.09336511145750619,0.09289,0.0925,0.09223254306084161,0.17404,0.16779,0.16335,0.15714,0.15348,0.1448,0.13781,0.13273,0.1273,0.12195,0.11783,0.11298,0.10925,0.10483
09-01-2026 11:50,25748.85,0.11904768459792009,0.1156,0.1126474066918429,0.10937917813409287,0.10639,0.10327,0.10085,0.09828,0.09658506378795188,0.09501,0.09427,0.09372,0.09334,0.09306404092996391,0.17309,0.16704,0.16363,0.15588,0.15184,0.14262,0.13909,0.13266,0.12732,0.12158,0.11764,0.11272,0.10858206022667675,0.10442
09-01-2026 11:55,25747.75,0.12476,0.12003,0.11490100500741707,0.10947,0.1062788832151822,0.10313,0.1003826349996933,0.09761,0.09638,0.09487,0.09399,0.0937217424707847,0.09347,0.09537,0.17387,0.16928,0.1649,0.15866,0.15159575175946724,0.144512779610623,0.13755,0.13256701704392077,0.12762,0.12219,0.11814,0.11360884494484152,0.10922,0.10487
09-01-2026 12:00,25743.15,0.13228,0.12221,0.11891,0.11635,0.11147694992933833,0.10741,0.10372121898166015,0.10049,0.09866,0.09675,0.09587,0.09519445372339953,0.09475,0.0964,0.17252565630153194,0.16802,0.16358,0.15848,0.15158,0.14386,0.13796288275394364,0.13202,0.12579,0.12008,0.11544034866458183,0.11067,0.10671,0.10182
09-01-2026 12:05,25753.7,0.12165,0.12006,0.1133,0.10911858461157327,0.10417,0.10205,0.09949,0.09693,0.09555597933006986,0.09403,0.09353,0.09325,0.09313,0.0931750203743648,0.17411,0.16841,0.1647,0.15928,0.15238,0.14468,0.14064,0.13363,0.12765869884988754,0.12176,0.11758,0.11235,0.10889,0.10423
09-01-2026 12:10,25746.8,0.11672,0.11435,0.10901,0.10629161035275797,0.10277,0.10029,0.09794,0.09643226001364763,0.09496,0.09365,0.09328,0.09338268887774494,0.0935,0.09519,0.17406,0.1685,0.16421,0.15878,0.1521070195188296,0.1454402429498931,0.13886,0.13416,0.12796,0.12188,0.11816,0.11283,0.1091,0.10466
09-01-2026 12:15,25744.0,0.1284,0.11526,0.11091487178176963,0.1079894894631756,0.10388,0.10155,0.09914891027633889,0.09722703389306869,0.09568,0.09451,0.09330017257482665,0.09243060577669218,0.09162264839720985,0.09111997674757588,0.1749802725688191,0.16926,0.16352,0.15696514592387523,0.15044556414382604,0.14391783972026387,0.13744,0.13277,0.12678,0.12097,0.1169,0.11181,0.10814,0.1035
09-01-2026 12:20,25738.7,0.11805,0.11418,0.1091,0.10497,0.10187,0.09897,0.0973,0.09516,0.09412,0.09323,0.09295,0.0933,0.09377,0.09568,0.17311,0.16962,0.16276020673063263,0.15587,0.15058,0.14357,0.13789,0.13214,0.12587,0.1210914157838339,0.11636244933270348,0.1116,0.1075994898708626,0.10358
09-01-2026 12:25,25737.5,0.10941,0.10511,0.10629,0.09865,0.09742,0.09601,0.09433,0.09271,0.09196,0.0914,0.09129,0.09187,0.09267,0.0947,0.17366,0.16534,0.16391,0.1569,0.1503228145283361,0.14376,0.13833348547868357,0.13292,0.1269326994677152,0.12104,0.11744,0.11276,0.10877598949606253,0.10484
09-01-2026 12:30,25724.25,0.11536,0.11023,0.1069,0.10431,0.10061,0.09884,0.09649,0.09464,0.09402,0.09313,0.09304,0.09347,0.09490553250002727,0.09648,0.16535945501359975,0.16442,0.16377,0.15531,0.15051,0.14394,0.13813309793122444,0.13229,0.12577,0.12044,0.11671,0.11258303587993679,0.10843,0.10371
09-01-2026 12:35,25712.65,0.11323,0.10829,0.1045,0.10192,0.09951,0.09803545878453153,0.09626,0.09479,0.09436,0.09358,0.0939,0.09457,0.09622280169413348,0.0979,0.17528,0.16956,0.16529,0.1590207612485153,0.153,0.14618066848918065,0.13946,0.13458,0.12846,0.12405349475940543,0.11983,0.11572195432810647,0.11176,0.10717
09-01-2026 12:40,25689.45,0.11739,0.11336,0.10882,0.10546,0.10281,0.10124,0.09924211427655474,0.09745,0.0966,0.09613044984431274,0.09592,0.09656,0.0978,0.09994,0.1751,0.17006,0.16506,0.15848484158317022,0.15211,0.14599,0.13954,0.1342,0.12763,0.12249,0.11887,0.11394,0.11,0.10574
09-01-2026 12:45,25685.25,0.10932,0.10617414915298054,0.10217,0.1025,0.10058,0.09812,0.09748035746488583,0.09663900879503402,0.09582632841379121,0.09488,0.09577,0.09679,0.09857980704465372,0.10032,0.17535,0.17019207028653247,0.16505,0.15833771690379264,0.1517565606663115,0.14521,0.13911,0.13377,0.12754,0.12272,0.11887,0.11426,0.11071,0.10707139622642668
09-01-2026 12:50,25678.5,0.12829,0.12135211811403707,0.11553,0.1109787804636381,0.1072,0.10395,0.10167,0.09964,0.09878,0.09762,0.09793551259254535,0.09849,0.09949,0.10145,0.17871517221527053,0.17056,0.16233,0.1558573971387257,0.14938,0.14329,0.13477,0.13075,0.1244,0.11944,0.11544,0.11085,0.10704,0.10251
09-01-2026 12:55,25695.15,0.12027,0.11243,0.11052,0.10742,0.10497241557923188,0.10229755471690849,0.09972,0.09771,0.09703,0.09608,0.09627,0.0968,0.09761,0.09973,0.17501,0.17181,0.16434,0.15784420195678736,0.15145,0.14496,0.13844,0.13270240639721323,0.12703,0.12174,0.11734651358573837,0.11301,0.10916,0.10509
09-01-2026 13:00,25694.0,0.1162659556198481,0.11285,0.10979,0.10675,0.10417977778937138,0.10131,0.09968516447970996,0.09794,0.09704,0.09577,0.09623,0.09692,0.09834827220984145,0.09985,0.17567,0.17174,0.16532,0.15674,0.15082299677182587,0.14488,0.1389,0.1333,0.12729,0.12233,0.11798,0.11381959311762525,0.10973,0.10531
09-01-2026 13:05,25687.3,0.12321,0.11865,0.11451,0.10988,0.10627,0.10377,0.10167,0.09932,0.09807681718232115,0.09691,0.09726,0.09796,0.09861613044939659,0.09939917604620391,0.17521,0.17013701153566885,0.16483,0.15793149969097076,0.15176,0.14530770463423365,0.13924955884709408,0.13305,0.12682,0.12230098315009066,0.11787652790216414,0.11333828240197077,0.10920165660708055,0.10469
09-01-2026 13:10,25691.5,0.11959639442924763,0.11744,0.11545,0.10842,0.10596,0.10336,0.10088,0.09950261692093781,0.09821,0.09756345559607911,0.09704,0.09744,0.09886598208484144,0.10037,0.17552,0.16948,0.16365535968406122,0.15774904627345276,0.15197,0.14561257592919805,0.13936,0.13369,0.12693,0.12183,0.11751,0.11275,0.1095,0.1049
09-01-2026 13:15,25696.8,0.12103,0.1164804974337582,0.11193,0.10906,0.10638,0.10430746039303865,0.10233583655067785,0.10042116859933778,0.09865,0.09817079118384116,0.09788011019340698,0.09762,0.09831,0.10017,0.17556,0.16988,0.16483,0.15823131061371346,0.15176,0.14418,0.13891464464286202,0.13366,0.12696,0.12177,0.11768,0.11275,0.10866203878739625,0.10454
09-01-2026 13:20,25704.7,0.12089684071065851,0.11566,0.11049,0.10641,0.10405257767496497,0.10143,0.09899,0.09758,0.09689,0.09572,0.096,0.09672,0.09757,0.09942,0.17485,0.16771,0.16437,0.15830850933882357,0.15238,0.14601,0.13882,0.13355,0.1271,0.12201,0.11774,0.11275,0.1087199456000568,0.10466
09-01-2026 13:25,25701.95,0.12224,0.11706883445059944,0.11251,0.10795,0.10579,0.10305,0.10117,0.09904,0.09799,0.09694,0.09702985664493412,0.09733,0.09843,0.10009,0.17541,0.16753,0.16479,0.15654,0.15179,0.14545,0.13938,0.13336701302807993,0.12732,0.12201,0.11797,0.11302,0.10946,0.10590580294497468
09-01-2026 13:30,25705.5,0.11593,0.10972,0.10335,0.10307,0.10018,0.09862,0.09718,0.09644898478943643,0.09555,0.09465,0.09496,0.09588,0.09754047971245018,0.09903,0.17569,0.17073,0.16537,0.15682,0.15272,0.14653154006731217,0.14043,0.13508,0.12859,0.12355,0.11929,0.11519910881439756,0.11129,0.10651
09-01-2026 13:35,25704.05,0.12743,0.1214343254536087,0.11610637413653338,0.11167,0.10775,0.10526,0.10226,0.10053767477197327,0.09945,0.09833356941662062,0.09781,0.09816,0.09904,0.10073,0.17428,0.16903182397432945,0.16374,0.1573597548353289,0.15106,0.14576,0.13931818790970046,0.13284,0.12693594211713688,0.12096,0.1165,0.11202,0.1086,0.10521556537123943
09-01-2026 13:40,25707.75,0.10972,0.10693202135492305,0.1037,0.101481770136256,0.09823,0.09644,0.09503,0.0943,0.09393,0.09321,0.09384,0.095,0.09637,0.09789972001766839,0.17513,0.16888,0.16496,0.15582,0.15254,0.14654,0.1401,0.1340919707248805,0.12819,0.12362,0.11904573164847583,0.11463,0.11134,0.10796631753224169
09-01-2026 13:45,25683.75,0.1120344706626095,0.11147,0.11084,0.10705,0.10388,0.10133,0.09953,0.09777,0.0966129572019798,0.0957,0.09627,0.09717,0.09848,0.10032,0.17398,0.16861091499560235,0.16334,0.15693786749820013,0.1507,0.14472712508102614,0.13873173303021558,0.13275,0.12644,0.12138,0.11727,0.11252,0.10907,0.10425
09-01-2026 13:50,25682.0,0.11444,0.11369,0.10968347499150041,0.1056,0.10242,0.10013,0.09877604744465407,0.09695,0.09655,0.09643932599530683,0.09612,0.09718,0.0986,0.10046,0.16852937232930942,0.1658,0.16322,0.15392,0.15058,0.14454,0.13837,0.13319,0.12794340960024278,0.12279974955031692,0.11776,0.11325,0.10975,0.1051
09-01-2026 13:55,25665.25,0.13117,0.11883,0.11544380693443777,0.11245828194880979,0.10983,0.10688,0.10407,0.10189,0.10099,0.09943,0.09955,0.10003,0.10122223012603936,0.10274,0.1725,0.1646,0.16004188288941795,0.15528,0.14904,0.14288,0.13651,0.13106,0.12472,0.11955,0.11552,0.11076,0.10706,0.10236
09-01-2026 14:00,25689.05,0.11498,0.1132,0.10849,0.10576624665486684,0.10267,0.10027,0.09885644892952652,0.09693,0.0963582757867711,0.09531,0.0958,0.09696,0.09858,0.10034,0.17441,0.16895,0.16408,0.1571,0.15123992687382606,0.14540885580688231,0.1396435058783265,0.13398,0.12735,0.12225,0.11836,0.1135,0.11011,0.10547
09-01-2026 14:05,25678.55,0.12473295476883453,0.12009,0.11455577303771709,0.10995,0.1064,0.10305,0.10082,0.09954,0.09859,0.09715,0.09738,0.09828,0.09941,0.10108,0.17367,0.16886,0.16361,0.15706511904960022,0.15061,0.14457109729424322,0.13865829056757914,0.13275,0.12639,0.12141,0.11734,0.11256,0.10876,0.10422
09-01-2026 14:10,25674.05,0.11993,0.113419652523199,0.10659,0.10482,0.10293,0.1001,0.09781,0.09679,0.09658,0.0955,0.09608,0.0967316122124065,0.09735074622141265,0.09798202465145084,0.17391,0.16854,0.16343,0.155,0.15065,0.14451146198596215,0.13852,0.13304,0.12686,0.1225570155641395,0.11832,0.11367,0.11005,0.10553
09-01-2026 14:15,25669.0,0.11382,0.11203,0.10784,0.10523995979354032,0.10262,0.10114,0.09873,0.09726,0.09676,0.09572,0.09619,0.09744,0.09886,0.10039,0.17392,0.17027,0.16336,0.157,0.1504,0.14252,0.13853,0.13282,0.12685,0.12213,0.11774,0.11297,0.10935,0.10483
09-01-2026 14:20,25668.65,0.11456453803415752,0.11177,0.10885138464105834,0.10614,0.10316,0.10092,0.09864,0.09768629955587413,0.09688,0.09562,0.09597,0.09731,0.09845,0.10029,0.17337,0.16979,0.16261,0.15642272309712024,0.15026,0.1444177233018385,0.13871270495518354,0.13298,0.12675,0.12182,0.11772,0.113,0.10905721757951344,0.10508
09-01-2026 14:25,25671.35,0.11449,0.11094230047234487,0.10674,0.1025,0.10075980554529089,0.0984,0.09697,0.09582,0.09539,0.09442,0.09527,0.09626,0.09792,0.09983,0.17321,0.17,0.16342,0.15713533992197526,0.15096226983646624,0.1447360956337592,0.13865,0.13368,0.12757,0.12228,0.11872,0.11392,0.11039,0.1067919190982545
09-01-2026 14:30,25652.65,0.1269,0.12078,0.11398,0.11234,0.10794,0.10499,0.10242,0.10067443205105532,0.09938,0.09808,0.0983,0.09923983350361329,0.10044,0.102,0.17453,0.16863,0.16176261631384897,0.15484,0.14873034359095713,0.14255,0.13683,0.13149,0.12523,0.12042,0.11625,0.11135,0.10737,0.10319
09-01-2026 14:35,25659.1,0.12071,0.11683,0.1133,0.1082,0.10504,0.10241,0.10052408262158681,0.09844,0.09796,0.09651,0.09719,0.09831,0.09967,0.10142,0.17291,0.16652,0.16282,0.15575,0.14968455224477195,0.14357594077408295,0.13757,0.13231,0.12678656350488987,0.12136,0.11741,0.11274,0.10915,0.10462
09-01-2026 14:40,25650.4,0.12401097233237014,0.11901,0.11374,0.1103,0.10697013115592374,0.10393,0.10153,0.09997187270001984,0.09863,0.09820546434000628,0.098,0.09876,0.10028454077925583,0.10194,0.17395464634019353,0.1685,0.16305,0.15801,0.15037,0.14286,0.13719,0.13241,0.12612,0.12102,0.11697,0.11206,0.10843,0.10422
09-01-2026 14:45,25668.25,0.11893,0.11485625214671129,0.11041,0.10761,0.10483570416839476,0.1021,0.09986,0.09815,0.0978,0.09646,0.09693,0.09755,0.09897,0.10073,0.17396,0.16722,0.16383,0.1562,0.1508,0.14406,0.13782,0.13240793891382605,0.1269844350020554,0.12162,0.11754,0.11257,0.109,0.10484
09-01-2026 14:50,25663.45,0.11923,0.1159,0.11115,0.10822,0.10457,0.10245,0.10011,0.09834,0.0974734083878842,0.09664,0.09701,0.09807135530047022,0.09928,0.10092,0.17416,0.16882675625857665,0.16363,0.15667,0.15093,0.14334,0.13817,0.13298,0.12678,0.1217,0.11772,0.11271,0.10912,0.10492
09-01-2026 14:55,25674.9,0.11822,0.1133,0.10902,0.1054,0.10328384568403075,0.10099,0.09814,0.09760038970283748,0.09696,0.09556,0.0958,0.09655,0.09819,0.10004,0.17375,0.1680196656604412,0.1624166248941464,0.15674,0.15109,0.14426,0.13849,0.13284,0.12678,0.12179,0.11734017700967375,0.11291,0.10919,0.10506
09-01-2026 15:00,25668.55,0.12334,0.11686,0.11281904105887709,0.10907,0.1063333071607108,0.1036138881066844,0.10097829208688186,0.09847,0.09805,0.09666,0.09714,0.09787,0.09934,0.10076738625056945,0.17385,0.16679,0.1617676632702448,0.15668,0.15036,0.14390544872909636,0.13746,0.1327,0.12641,0.12116,0.11678,0.11209,0.10836,0.10429
09-01-2026 15:05,25679.0,0.12261,0.11496,0.11263,0.10917,0.10577923095004714,0.10242,0.1002,0.0985,0.09781,0.09643,0.09701,0.09746,0.09913,0.10077484425483338,0.17315,0.16824,0.16306,0.15652,0.15017540977097477,0.1438664122942006,0.13757,0.13236,0.12621,0.1212,0.1166,0.11165,0.10678747787393982,0.10190104663884442
09-01-2026 15:10,25688.85,0.11877193019652554,0.11582,0.11321,0.10988,0.10583,0.10386,0.10089,0.09887,0.098,0.09658,0.09688740064722771,0.09724,0.09912,0.10076,0.17297978624819785,0.16743,0.16195455315593937,0.15642,0.15002,0.14398,0.1376,0.1327,0.12695395353101444,0.12124,0.11718,0.11255,0.10800386711575917,0.10342319096387545
09-01-2026 15:15,25690.6,0.1145436134315887,0.1108,0.10787,0.10435,0.10131,0.10057,0.09761,0.09692322709736101,0.09612877605091769,0.09521,0.09612,0.09663,0.09878,0.10097,0.17363,0.16809,0.16381,0.15799,0.15155977620890365,0.14519147849886133,0.13885,0.13334125249122983,0.12782,0.12317157779219251,0.11865,0.1146510020867552,0.11073,0.10651
09-01-2026 15:20,25695.2,0.1259945410728974,0.11945247039419907,0.11336,0.10723,0.10507989548653152,0.10272,0.10077373762256027,0.09868,0.09815,0.09745402359749791,0.09688,0.09766,0.09924,0.10136,0.17187780007947734,0.16844,0.16508,0.15679,0.15261,0.14593,0.14029,0.13487,0.12864,0.12373418785640762,0.11896,0.1143,0.11059,0.1068477161060975
09-01-2026 15:25,25688.2,0.13292,0.12614,0.12044,0.11589055205047948,0.11233,0.10939,0.10641,0.10353,0.10210274746459126,0.10086569787010824,0.09965,0.09992,0.10147,0.10334,0.17462,0.16795,0.16501,0.1588728604034075,0.15278431003599402,0.14643,0.14070517587614745,0.13467,0.12881,0.12288,0.11896,0.11234,0.10955,0.10414
12-01-2026 09:15,25657.45,0.11579096583677902,0.11324,0.11181,0.10923,0.10651,0.10512,0.10354,0.1025,0.10271117775365825,0.10281056636276457,0.10287,0.10466,0.10656,0.10945,0.1905,0.18496,0.17625088245018045,0.16792,0.16397,0.15764,0.15087,0.14559,0.13863,0.13422,0.12931,0.12478736473649536,0.1207,0.11627
12-01-2026 09:20,25594.15,0.1282037583936782,0.12206,0.1163,0.1162,0.11379640284214526,0.1116,0.10976531325207059,0.10867,0.10825,0.10783,0.10912,0.11053,0.11293,0.11619,0.18837,0.18215,0.17641,0.17045,0.16311193134047716,0.15582,0.14937,0.14418,0.13860645143376776,0.13308,0.12840197246933815,0.12372,0.11909502423567053,0.11447308523113557
12-01-2026 09:25,25548.3,0.13463,0.13255,0.12451,0.12229,0.1187,0.11659,0.11409781378530247,0.11275,0.11187,0.11185,0.11324147881748406,0.11469,0.11707,0.12066,0.18706,0.18142,0.17544,0.16842,0.16152,0.15484,0.14868,0.1434,0.13738,0.13246826490324018,0.12763,0.12272,0.11844,0.1144
12-01-2026 09:30,25559.65,0.13959331867524669,0.13513,0.13053,0.12762,0.12353842730294068,0.11992,0.11696102175229336,0.11528,0.11433350826599309,0.11364,0.11442,0.11596,0.11845,0.12193,0.18674,0.18073362763491596,0.17469176588002444,0.16872,0.16123,0.1546,0.14874474025865816,0.14294,0.13629,0.1307,0.12579,0.12049,0.11614,0.11154
12-01-2026 09:35,25575.3,0.14006,0.13464,0.12761,0.1248,0.12047,0.11840555122367048,0.11604661967079774,0.11439785405412523,0.1125,0.11211,0.11322988450115332,0.11439,0.11676,0.1192311814738579,0.18503,0.1794580429247937,0.17376,0.16686,0.16,0.15408,0.14815,0.1427271755324075,0.13722918015667857,0.13180930881663624,0.12645,0.12142,0.11707395127746996,0.11271
12-01-2026 09:40,25569.55,0.13262759157968912,0.12814,0.12468187957986021,0.12038,0.11743,0.11497,0.11236,0.11087,0.11045,0.11015,0.11133,0.11332,0.11595,0.1195,0.18611,0.1804345644347508,0.17467,0.1679,0.16147,0.15594,0.14974,0.1448,0.13920066698390585,0.13369858458682604,0.12831,0.12336,0.11915,0.11505
12-01-2026 09:45,25560.8,0.14288,0.13986,0.13543,0.13261,0.12714,0.12351,0.11999,0.11711,0.11605,0.11475,0.11528,0.11638,0.11732286423207137,0.11856416343488833,0.18657,0.1808369748235464,0.17502,0.16911,0.16194,0.15526,0.14912,0.14334,0.13702,0.13124,0.1259194191803681,0.12046,0.11565653902475402,0.1107
12-01-2026 09:50,25588.7,0.13697,0.13079,0.1272824336895837,0.12282,0.11879,0.11587,0.1133,0.11240462444515567,0.11097497070967696,0.10979,0.11073,0.11209,0.11424,0.11756,0.18788,0.18272,0.17674,0.17095,0.16343,0.1574,0.1512,0.14596,0.13945,0.13402,0.12872,0.12356,0.11925861317816842,0.11512
12-01-2026 09:55,25588.5,0.12519,0.11951,0.11762132664262363,0.11372,0.11107,0.10967124980230876,0.10768,0.10762865108137178,0.10652,0.10686,0.10853713104739379,0.11001,0.11340760235858914,0.11653,0.18740703548922863,0.18242,0.17742,0.17095,0.1641,0.15841,0.15246,0.147,0.14067,0.13527,0.13053,0.12529,0.11992946574854085,0.11481155334428499
12-01-2026 10:00,25564.15,0.14326591329676902,0.13787,0.13159,0.12824,0.12398,0.1202281413123525,0.11732,0.11475,0.11375,0.11366057789449723,0.11407440197341046,0.11464,0.11676,0.12025,0.18474,0.18026,0.17374,0.16725,0.1605,0.15419,0.14812,0.14258,0.13552,0.1301,0.12497666175720434,0.11957,0.11465,0.11054
12-01-2026 10:05,25588.7,0.13313,0.12825,0.12214,0.11971,0.11604,0.11335,0.11096,0.10916,0.10861,0.10851,0.10967,0.1111,0.11368,0.11713,0.18794,0.18250546283434216,0.17721,0.17052,0.16393,0.15741465644523017,0.15106,0.14561,0.13983047714139882,0.1341772729968489,0.12862532332208554,0.12301,0.11852,0.11399203647341719
12-01-2026 10:10,25566.95,0.1341,0.127,0.12233,0.11971,0.11694307916204114,0.11383,0.11152,0.10984,0.10919,0.10922,0.11084,0.11330303355323226,0.11571934984620645,0.11835,0.18718,0.18098,0.17492362753586946,0.16883511199281015,0.16279,0.1563,0.15058,0.14488,0.13799,0.13263,0.12756,0.12265861292643904,0.11787,0.11383
12-01-2026 10:15,25557.55,0.14588,0.13846,0.13169,0.12799,0.12354,0.11972,0.11606,0.11398,0.11253,0.11213,0.11286733257546686,0.11392,0.11473072062396938,0.11585060893402309,0.18550040272347482,0.18007,0.17472,0.1676,0.16109,0.15445,0.14828,0.14200115976095978,0.13556,0.12978,0.1245962649884604,0.11929,0.11418530788019877,0.10902595745732593
12-01-2026 10:20,25583.3,0.13279064495274026,0.12801,0.12396,0.12163,0.11793,0.11486,0.11166,0.11001,0.10913,0.10842,0.10982,0.11101,0.11345,0.11601535334947344,0.18773,0.18178,0.17694,0.17023,0.16349828477744452,0.15691,0.1507,0.14521,0.13843,0.13265,0.12755045670356324,0.12247129555241332,0.11752,0.11314
12-01-2026 10:25,25574.15,0.1426731958320924,0.13623,0.12967,0.12376,0.11887,0.11599,0.11417930573060256,0.11245878724492796,0.11089022490519251,0.1095,0.11075,0.11194,0.11423,0.11789,0.1865718424748841,0.18134,0.17618,0.16883,0.1626,0.1564606826667187,0.15031581365128466,0.14418,0.13768,0.13146,0.12617,0.1213623088770909,0.11655,0.11219
12-01-2026 10:30,25584.2,0.12876778243531742,0.12478,0.1213,0.11695,0.11385,0.11154,0.10950751274020484,0.10727,0.10654,0.10672,0.10821388586608072,0.10943,0.11229,0.11575,0.1885,0.18265,0.17719,0.17009,0.16362,0.15743,0.15109,0.14502622986878164,0.13905,0.13309,0.12789,0.12261,0.1185,0.11429
12-01-2026 10:35,25564.75,0.13492,0.1278,0.1239164743259539,0.12019,0.11652,0.11359647387164033,0.11093,0.1091,0.10819,0.108,0.10963,0.11056,0.11387723371322458,0.1173,0.18742,0.18134,0.17634,0.16927,0.16235,0.15578,0.14955,0.14395,0.13775976551731461,0.13153,0.12646,0.12132,0.11691,0.11272
12-01-2026 10:40,25572.4,0.13601,0.13054499266101377,0.1251519743068375,0.11988305555265326,0.11433,0.11195,0.1096,0.1079,0.10715,0.10698,0.10851,0.10977,0.11320949045661713,0.11652,0.18839,0.1817,0.17701,0.1702,0.16316,0.15689,0.15047,0.14502,0.13819,0.13259,0.12758,0.12226,0.11697370524364155,0.11168445957774958
12-01-2026 10:45,25556.8,0.1375,0.13167,0.12703,0.12366,0.119,0.11582,0.11307,0.11089,0.10998168481170884,0.10963,0.11119123165799775,0.11280318945030683,0.11478,0.11859,0.18665,0.1813,0.17556,0.16825,0.16157,0.15509,0.14911510142158732,0.14305,0.13636,0.13061,0.12534,0.11996,0.11566089995517008,0.11122
12-01-2026 10:50,25579.85,0.1222,0.11899,0.11375,0.112660047303102,0.1106664643810206,0.10858,0.10623,0.1048,0.10456,0.10457,0.10633792631741325,0.10778,0.11086,0.11483,0.18856,0.18306177078371863,0.17769,0.17077,0.16419,0.15771,0.1512,0.14545,0.13918,0.13364,0.12852,0.12348957895324282,0.1187,0.11488
12-01-2026 10:55,25554.9,0.12813,0.12435,0.12022,0.11731521061701364,0.11395,0.1115,0.109,0.10761,0.10696,0.10694,0.10856699390894495,0.1101,0.11344107617032499,0.11692,0.18701,0.18147,0.17524713187314706,0.16896,0.16253,0.15628495083386293,0.1500473924767844,0.14384,0.13698,0.13174,0.1269,0.12203398850730328,0.11732,0.11260058492367317
12-01-2026 11:00,25550.75,0.1294084291002415,0.1261,0.12269879443604807,0.11932,0.11604276513998495,0.11307,0.11061,0.10912,0.10866581046115477,0.10824,0.10971,0.11189268855960796,0.11413,0.11807,0.1870357844478305,0.1807,0.17436286565737225,0.16802,0.16163,0.15508,0.14859,0.14240611407510867,0.13622,0.13101,0.12632863857876592,0.12165276708614453,0.11705812339455676,0.11248
12-01-2026 11:05,25538.1,0.13176022518162053,0.12782,0.1236,0.12044291276501287,0.11739757422227866,0.11451705348462932,0.11172,0.10985,0.10916,0.10888,0.1104,0.11198,0.11491,0.11861,0.18486,0.17966,0.1739,0.16727108730605317,0.16062,0.15433,0.14776,0.14223,0.13525,0.13015420634908045,0.12502,0.11987,0.11562,0.11145
12-01-2026 11:10,25544.8,0.12768974217878237,0.12331,0.11886,0.11651,0.11347,0.11101,0.10925150635344964,0.10721,0.10714246858586929,0.10691,0.10852,0.11041,0.1133,0.11741,0.18527,0.18024,0.17423,0.16813,0.16113,0.15506,0.14885297836415204,0.142726000162999,0.13663,0.13121,0.1263,0.1209,0.11679,0.11303
12-01-2026 11:15,25528.8,0.12595,0.1217,0.11886454829340203,0.11598,0.11333,0.11162488099931649,0.10996896290552319,0.10818,0.10776,0.10781,0.10975,0.11188,0.11487,0.11907,0.18365,0.17819,0.17235,0.16591,0.15971,0.15341,0.14744,0.14174,0.1353,0.1302,0.12548,0.12065,0.11628,0.11298
12-01-2026 11:20,25512.25,0.13111,0.12465,0.11983,0.11831,0.11531,0.11282,0.11091,0.10965,0.10944,0.10972,0.11151,0.1133,0.1168297799191177,0.12045,0.18148,0.17667,0.17081,0.16375,0.15824,0.1518,0.14588,0.14013,0.13384,0.12869,0.12385842686411136,0.11902,0.11468,0.11114
12-01-2026 11:25,25509.25,0.12887,0.1246,0.12078663881814146,0.11729,0.11454,0.1123,0.11069,0.10934,0.10911,0.10999,0.11181,0.11361,0.11695,0.12117,0.18160662501228075,0.17614,0.1707,0.16363,0.15760199995474625,0.15155848296819277,0.14553,0.13962,0.13348,0.12852703124861678,0.12353,0.11867,0.11474,0.11088
12-01-2026 11:30,25496.15,0.12283,0.11979,0.11693,0.11543,0.11285,0.11124,0.11003,0.10937,0.10944,0.11028,0.11224,0.11446,0.11778,0.12226,0.18198,0.1761575619827023,0.17038408842095118,0.16462,0.15892,0.15261,0.14665,0.14131,0.13519,0.13044,0.12596,0.12101,0.11711,0.1142
12-01-2026 11:35,25487.1,0.12896,0.12428777624415797,0.11988,0.11806,0.11552519311997818,0.11321,0.11170350855261404,0.11034,0.1103,0.11119,0.1131,0.11494,0.11853,0.12292,0.18093,0.17561,0.17024,0.16314,0.15712248783652719,0.15104,0.14522799819165855,0.1394,0.13317,0.12835756840317417,0.12347,0.11930617389701201,0.11508,0.11171
12-01-2026 11:40,25485.45,0.1244948597004529,0.12236093044597379,0.12019,0.11832,0.11599,0.11366,0.11195,0.11111,0.11123,0.11201,0.1137,0.11586,0.11937,0.12385,0.18081,0.17563,0.17025,0.16382,0.15778,0.1518150692048938,0.14594236186530787,0.14013,0.13359,0.12863,0.12393,0.11956,0.11581001405136375,0.11221
12-01-2026 11:45,25476.55,0.13517,0.12957,0.12533,0.12351,0.11952,0.11682,0.11481,0.11361,0.11317,0.11357,0.11488,0.11688,0.11992,0.12409,0.18025,0.17461,0.16924,0.16224,0.15605,0.14943,0.14365,0.13787,0.13125,0.12603,0.12139,0.11699,0.1129,0.10915
12-01-2026 11:50,25491.7,0.1293,0.12492,0.12093,0.11849,0.11608429916853123,0.11342,0.11252653606686558,0.11153249597618835,0.11052,0.111,0.11288,0.11482,0.11826,0.1227,0.18185,0.17591,0.17019,0.16313,0.15692,0.15086,0.14495,0.13939,0.13296,0.12809849541951568,0.12333,0.11901,0.11499,0.11149
12-01-2026 11:55,25495.85,0.13106,0.12537,0.12187,0.11957,0.11614,0.11401026451557418,0.11205,0.11089,0.11089088265226366,0.11102,0.11273,0.11467,0.11789,0.12115700932729102,0.18173,0.17556,0.16959944569428714,0.16363,0.15731,0.15068,0.14477,0.13922,0.13293,0.12779,0.12291,0.11878171715975744,0.11471,0.11065252718570197
12-01-2026 12:00,25499.2,0.12806,0.12433,0.11977,0.11788,0.11466,0.11248,0.11083,0.11025422983594287,0.10963,0.11033,0.11191,0.11395,0.11737,0.1217,0.18155,0.17572,0.1701,0.16342188699470547,0.15677,0.15024,0.14459,0.13903,0.13296,0.12752,0.12279,0.11880671333301955,0.115,0.11110871581118237
12-01-2026 12:05,25507.65,0.13197,0.12643,0.12244,0.11962639181939456,0.11613,0.11407,0.11227005223619729,0.11057,0.11070587218855077,0.11061,0.11212,0.11396,0.11724,0.12139,0.18194,0.1763,0.16977790790196612,0.16326,0.15656,0.14995,0.14383,0.1381,0.13178,0.12652,0.12189,0.1175210992623334,0.11337,0.10923
12-01-2026 12:10,25526.3,0.14473,0.1426,0.13664,0.13244,0.12752,0.12306,0.11974804859429708,0.11725,0.11547,0.11434,0.11538,0.11631,0.11832,0.12241,0.18250983703635593,0.17639,0.17031,0.1638,0.15650911867971434,0.1492,0.14285,0.13669,0.13021,0.12464718896950266,0.11907133382711715,0.1134,0.10904465663102172,0.10445
12-01-2026 12:15,25577.45,0.14302,0.13618,0.13037,0.12711,0.12239,0.11946,0.11592,0.114499058469919,0.1127,0.11224,0.11306199061541375,0.11361,0.11532,0.11883,0.18443,0.17862,0.17238,0.16537,0.15893,0.15208,0.14584,0.13976,0.13325,0.12715,0.12234,0.11758,0.11315,0.10869507635969186
12-01-2026 12:20,25614.85,0.15144,0.1439076725487232,0.1381,0.13268852918837085,0.12816,0.12403,0.12111,0.11765,0.11628,0.11484,0.11474,0.11538,0.11734157885391182,0.11973,0.186,0.17815,0.17464,0.16816,0.16208,0.15542,0.1490398450822916,0.14266,0.136,0.1304320156255737,0.12488,0.11939,0.11495,0.11059117063790525
12-01-2026 12:25,25653.4,0.12809189898276727,0.12728,0.12805,0.12478,0.12093,0.11774,0.11503,0.11288,0.11166,0.11104,0.11111,0.11239551686867645,0.11325,0.11604,0.18872,0.18389,0.17771,0.17116,0.16556,0.15827,0.15227,0.14636,0.14013,0.1342,0.12930657431108414,0.12448,0.12027,0.11551
12-01-2026 12:30,25668.1,0.154,0.14368,0.13897,0.13336024239043395,0.12916,0.12465072023762279,0.1213,0.11878,0.11738,0.11624,0.11566,0.1161,0.11709,0.11789857017085575,0.18692440699667753,0.18248,0.17816,0.17214,0.16583,0.15888,0.1533,0.14792,0.1408,0.13493,0.13013231558187408,0.12518470476307936,0.12038,0.11487
12-01-2026 12:35,25690.5,0.13488,0.12381,0.12445,0.12024,0.11698,0.11468,0.11213,0.11118,0.11081965978072185,0.10965,0.11016,0.1115668158793506,0.11232,0.11471,0.19113,0.18537,0.18081,0.17518,0.16841,0.1622058170143792,0.15617,0.15057,0.14446633970338335,0.13864,0.13428,0.12908113173401176,0.12421,0.11905809611932919
12-01-2026 12:40,25684.35,0.15507,0.14787956238965497,0.14347,0.13701070758344627,0.13275,0.12895,0.12453,0.12115,0.11955579674938978,0.11829,0.11733327975527634,0.11716,0.11832,0.11999,0.18826,0.1849,0.17793,0.17149,0.1654,0.1590638335971657,0.1527744348920889,0.14640215435341225,0.13995,0.13419,0.12962,0.12398,0.11915566070451343,0.114
12-01-2026 12:45,25727.5,0.13318,0.1290101845683069,0.12466,0.11945,0.11652,0.11498585370675439,0.1126244262259592,0.10981,0.10988691894514015,0.10914,0.10965833334096194,0.10977,0.11192202917001401,0.11342,0.1931,0.18998,0.18359,0.17732,0.1711,0.16463942431987816,0.15835,0.15204569154585693,0.14586,0.1398,0.13499519866458182,0.13039,0.1256852747742862,0.12103
12-01-2026 12:50,25724.55,0.14204,0.13733409048604953,0.13291,0.1285,0.12508,0.12156,0.11893545335223533,0.11654,0.11567,0.11427,0.11384,0.11403,0.11481,0.11638,0.19309,0.18835,0.18208,0.17651,0.16953,0.16277,0.15723,0.15094853546300993,0.14472,0.13859,0.13453,0.12962,0.1253,0.12029
12-01-2026 12:55,25715.5,0.14309,0.13735,0.13052940178689065,0.12356,0.12039,0.11681,0.11462,0.11332935787174425,0.11168,0.11139,0.11155003030267709,0.11148,0.11248,0.11441,0.19219,0.18729,0.18184,0.17548,0.16905,0.16237,0.15666,0.15096976400361703,0.14529123471126507,0.1396510380301854,0.1341,0.12879,0.12405127377552994,0.11933
12-01-2026 13:00,25692.65,0.13268,0.13424,0.13095,0.12770119597673021,0.12484,0.12196,0.11816,0.11592,0.11484457695139047,0.11386024769499924,0.11292,0.11340454000135539,0.11399,0.11458094796859603,0.19101,0.18652,0.18014,0.17417,0.16761015293303025,0.16101,0.15571,0.14964222752178438,0.14354270217691473,0.13751,0.1327,0.1277,0.12285,0.11824
12-01-2026 13:05,25702.65,0.14577,0.14039277663987113,0.13579,0.1306044204942872,0.12591,0.12264,0.11964,0.11692,0.11573,0.11455,0.11356,0.11369,0.11508553099490063,0.11663,0.19162,0.1860439848294691,0.1805,0.17474,0.16825173326650245,0.16178,0.15598,0.14948824668612562,0.14297,0.13744,0.13288,0.12799332067852037,0.12314,0.11809
12-01-2026 13:10,25710.85,0.14323,0.13453,0.12998,0.128,0.12374,0.1201,0.117,0.11471,0.11291,0.11137,0.11141,0.1113,0.11310211316095177,0.11484,0.19088,0.18534,0.18005,0.17456,0.1683,0.16214,0.15586,0.15028,0.14341,0.13822601944214938,0.13310428141741057,0.12799,0.12361,0.11846
12-01-2026 13:15,25725.15,0.12758,0.12543,0.1204,0.11741333922480655,0.1132,0.11159,0.11017301245063409,0.10805,0.10708,0.10735710656237077,0.10713,0.10858629340854027,0.10992466407213798,0.111,0.1888937338458251,0.18479,0.18073,0.17517,0.16885,0.16266,0.15748,0.15134209384667696,0.1453,0.14009858805811745,0.1350100027748116,0.12999,0.12639,0.12266294015686022
12-01-2026 13:20,25697.4,0.1395266179299496,0.13529,0.13031,0.12629813600515408,0.1224,0.11874,0.11536,0.11443,0.11229,0.11137,0.11095483318582967,0.11101,0.11313,0.11508674099733279,0.18904,0.18412,0.17899,0.17303,0.16719024977264166,0.16131013646548464,0.15545,0.15004,0.1433,0.13781,0.13305,0.12716,0.12254184441134616,0.11772
12-01-2026 13:25,25704.15,0.12732,0.12404,0.11901,0.11695792242767754,0.11413,0.11166,0.11046910230700097,0.10819,0.10813636605722622,0.10714,0.10751,0.10825,0.10931033911793346,0.11006988538963236,0.18916,0.18468,0.17939,0.17361,0.16806,0.16223141930900248,0.1565,0.1507494696759007,0.1450290132345124,0.13946,0.13464018635397934,0.12991,0.1254,0.12063
12-01-2026 13:30,25707.95,0.16035,0.150915800862288,0.14463,0.13811233502738596,0.13262776838483728,0.12750114284155611,0.12301,0.11901,0.11727,0.11597,0.11518,0.1148,0.11578,0.11723,0.18884,0.18368060762905308,0.17838,0.17289,0.16635,0.16048,0.15456601181809326,0.1485,0.14168,0.13599,0.13102562447513094,0.12600051301179485,0.12086,0.1159908773137105
12-01-2026 13:35,25747.0,0.12697,0.13005,0.12265,0.1201119638186919,0.11753991293296642,0.11525,0.11212,0.11098023575174226,0.10947,0.10874,0.10825,0.10898,0.11004,0.11183,0.19147,0.18757,0.18138,0.17551,0.16951,0.16335,0.15791,0.15185,0.14597,0.14020630675093473,0.13462,0.12971874916552634,0.12485,0.12001
12-01-2026 13:40,25745.1,0.14252778362657917,0.1348,0.1265011572265605,0.11842,0.1158,0.11363,0.11035,0.10893,0.10798,0.10794911769400017,0.10791432956579627,0.10789,0.10922,0.1109,0.19178,0.18621276647550267,0.1806182955207707,0.17505456510853276,0.16951,0.16359,0.15776,0.1521,0.14563,0.13943,0.13472185006395548,0.13003622221495545,0.12541,0.12045
12-01-2026 13:45,25739.05,0.14182,0.13243,0.1274,0.12355,0.11938,0.11529,0.11248,0.11011,0.1089,0.10768,0.10761,0.10793,0.10927,0.11099,0.19273231456381776,0.18692458028116823,0.18113,0.17536,0.16902,0.16257,0.15702,0.15116,0.14464453667610452,0.13813,0.13379,0.1287,0.12433,0.11995802180152194
12-01-2026 13:50,25735.6,0.13764298347109036,0.13311495880630747,0.1294186094851561,0.12561,0.12169,0.11822,0.11384,0.1118,0.1105,0.10937,0.10914037265105861,0.10914,0.11039,0.11193,0.19298,0.18672,0.18206,0.17617,0.16967404314480203,0.16319,0.15763,0.15127,0.14468,0.13839,0.13388,0.12816,0.12364,0.11821
12-01-2026 13:55,25743.25,0.13752,0.12317,0.1274,0.12181,0.11763,0.11525,0.11133,0.10985,0.10855,0.1078785692660921,0.10716,0.1077,0.10939100234329457,0.11096,0.19486392916808612,0.18885,0.18278767948032346,0.17678868762505953,0.17081,0.16449,0.15855,0.15269,0.14559,0.14011637716938588,0.13473,0.1298636518823671,0.12508,0.11957
12-01-2026 14:00,25734.9,0.13141,0.12459,0.12266975094663041,0.12034,0.11725890868149495,0.11401366766751392,0.11059,0.10946,0.10815,0.10718,0.10723,0.1084067403764817,0.1096135247415416,0.11075,0.19338,0.18746,0.1820159268432488,0.1766,0.17053,0.16404,0.15790227502501386,0.15175528905359528,0.14563730288897328,0.13956,0.13488,0.12952,0.12441649477371927,0.11936
12-01-2026 14:05,25732.75,0.13756,0.13142,0.12339,0.12785,0.12267,0.11871,0.11506752807625768,0.11212,0.11061883782222963,0.10958,0.10914604559623829,0.10908,0.10889519626478208,0.10867472334709094,0.19324,0.18731,0.18188,0.17644,0.16982,0.16312,0.1571695867028822,0.15116,0.14477972151007293,0.1384,0.13316079936437983,0.12785,0.12289,0.11768
12-01-2026 14:10,25739.35,0.1404038638873579,0.13049,0.12053,0.11735934931511668,0.11324,0.11198,0.10906,0.10643,0.10608,0.10546,0.10522,0.10593,0.10790307546795795,0.10964,0.19315,0.18786,0.18327,0.1769379349272625,0.17067,0.16446,0.15848,0.15258,0.1461634510833252,0.13985,0.1347212570237712,0.12965,0.12533,0.11911
12-01-2026 14:15,25729.15,0.13958,0.13351,0.12656,0.1222,0.11842,0.11527,0.11263837505644823,0.10986,0.10878,0.10763,0.10776,0.1082,0.10965,0.11154,0.19299,0.1865,0.18163,0.17544851652524415,0.169279182877941,0.16309,0.15715,0.15097,0.14479,0.13865,0.13344,0.128511796058655,0.12363,0.11826
12-01-2026 14:20,25736.35,0.1496986707550083,0.14464,0.13888,0.13311,0.1279,0.12280013427840873,0.11872,0.11572,0.11399,0.11222,0.11146104356092804,0.11128,0.11182,0.11226242462091388,0.19212,0.1869,0.18105,0.17619,0.1699,0.16246,0.1561904826147999,0.14988030271233327,0.14360809138716,0.13731,0.1324,0.12651,0.1213168067726846,0.11595
12-01-2026 14:25,25762.75,0.13676,0.13189,0.12698,0.12283,0.11747,0.11438,0.11065,0.10897,0.1075,0.1065,0.10599,0.10682057925887142,0.10746,0.10825392955083336,0.19377,0.18807189270257152,0.1825,0.17716,0.1708900322099993,0.16475,0.15889,0.15266658219867885,0.14648137965438474,0.14034,0.13525,0.12988,0.12539,0.1197
12-01-2026 14:30,25753.1,0.12465520790073432,0.11977,0.11613,0.11389,0.11126,0.10962455783315371,0.10683,0.10553,0.10493,0.10422,0.10501767200057667,0.10536,0.10669,0.10846,0.19326,0.18793884886486556,0.18279,0.17731,0.17091916620728584,0.16471,0.15875,0.15268,0.14634,0.14043,0.13567,0.13022,0.1255,0.12037
12-01-2026 14:35,25716.7,0.15174,0.14512,0.13909,0.13307,0.12727,0.12346,0.11932,0.11674735880197386,0.11478709601818783,0.1128391608954723,0.11126,0.11126,0.11099466288888889,0.1111527335,0.19086,0.18502,0.17934,0.17431,0.16802,0.16121,0.15532,0.14906200753873755,0.1426,0.13638,0.13169,0.12575,0.12104,0.11646576434591793
12-01-2026 14:40,25749.0,0.14146,0.13481533228628384,0.12715,0.12317,0.1194455327975534,0.11552,0.11292,0.11058,0.10931,0.10795,0.10775,0.10821,0.10918248014425036,0.11043,0.19276,0.18761,0.18249,0.17632153347073742,0.1702,0.16397982537673603,0.15785,0.15171248790264874,0.14553,0.13957,0.13458,0.12875,0.12421,0.11969663203475898
12-01-2026 14:45,25763.85,0.13183,0.12769411583434767,0.12209,0.1189287296529864,0.11506,0.11314,0.11013,0.10793,0.1075544947536594,0.10698181694889435,0.10646759490029135,0.10592,0.10718,0.10852278835888911,0.19416,0.18743,0.1825348043336739,0.17764,0.17176,0.16465,0.15882,0.15287,0.14663941582010193,0.14051,0.13534,0.12992,0.1247609671735124,0.11968
12-01-2026 14:50,25774.05,0.14353,0.13758,0.13082,0.12617,0.12190021657705573,0.11819,0.11434,0.11136,0.10965663000156077,0.10794,0.10689,0.10757746699278796,0.10835338357348277,0.10916,0.19388,0.18866,0.18293201397061803,0.17722,0.1706,0.16408,0.15814832161960507,0.15221,0.14529,0.13945,0.13402186126149312,0.12857,0.12345,0.11838032960837135
12-01-2026 14:55,25796.15,0.14247,0.13767,0.13126,0.1254,0.12008,0.11677,0.11369,0.11074,0.10988,0.10782,0.1073166950320077,0.10694,0.10774,0.10875,0.19471,0.189,0.18312,0.17722,0.17063,0.16448140739067998,0.15838,0.15198460160328975,0.14561,0.1398760282082102,0.13418,0.1291473177305091,0.12416,0.1191744380259843
12-01-2026 15:00,25785.15,0.13593,0.13388,0.12688,0.1223,0.11803,0.11433,0.11181,0.10984,0.10847899690687757,0.10710305734961349,0.10578,0.10594,0.10639,0.10766,0.19502675224526897,0.18900005057679684,0.183,0.17702,0.17066,0.16441257652122662,0.1582,0.15202,0.14524,0.13980362919727696,0.13438568641554033,0.12898,0.12431,0.11883
12-01-2026 15:05,25789.75,0.1304,0.12499,0.12171,0.11729,0.11382,0.1119,0.1089,0.10767470359808602,0.10626,0.10491,0.10485240326998868,0.10472,0.10536,0.10686,0.19338299669415285,0.18854,0.18376,0.17824,0.17177016710084447,0.1653535942211278,0.15899,0.15311,0.14667,0.14017,0.13508,0.12999660305903565,0.12499,0.11971
12-01-2026 15:10,25785.05,0.13681225908878847,0.12841,0.11964,0.1167,0.11368650250691671,0.11045,0.10802,0.10662437426779049,0.10497,0.10326,0.1040240031771317,0.1046476022014056,0.10533637482549503,0.10601,0.19482,0.18819,0.18332402576561851,0.17836,0.17144,0.16481,0.15909,0.1527033510165619,0.14629856960062537,0.13992,0.13472,0.1292,0.12462,0.11945
12-01-2026 15:15,25782.95,0.14014172221743207,0.13489,0.12875403497606827,0.12302794614148849,0.11744,0.11417,0.11137,0.10853,0.10738,0.1052,0.10474,0.10481,0.10563,0.10705,0.19663,0.1907839596216385,0.18513079746270533,0.17933,0.17261,0.16587,0.16024,0.15355488043529272,0.14687,0.14062,0.13514,0.12981000131875975,0.12452,0.11877
12-01-2026 15:20,25786.05,0.13920531219935425,0.13389858800423943,0.12843,0.1228,0.11761,0.11465,0.1115,0.10893,0.10713,0.10521,0.10512858311333159,0.10515215097263164,0.10526,0.1067,0.19815,0.19091,0.18787,0.18113563141033306,0.17447515483794704,0.16785,0.16137649127589687,0.1549203433618057,0.14852,0.14213,0.13614,0.13,0.12435899169269297,0.11872
12-01-2026 15:25,25801.35,0.13043,0.12173,0.11803844945872047,0.11510397760626159,0.11127,0.10854500076615406,0.10605,0.10462,0.10349,0.10165,0.10145,0.10137,0.10221,0.10465,0.19547,0.19534,0.18691,0.18088,0.1739897223953778,0.16707,0.16224,0.15508,0.1486676318926023,0.14221,0.13697,0.13075,0.1252,0.11944
13-01-2026 09:15,25853.0,0.10138,0.10057,0.10156,0.10164166008463654,0.10046875024870024,0.09894,0.09885969417733845,0.0983064907069732,0.09738,0.09759470685031012,0.09726,0.09771,0.0992,0.10094,0.19934,0.19786,0.19002790507788675,0.1824,0.17542,0.16959,0.16328,0.15746,0.15049,0.1448849715430724,0.13946,0.13333,0.12841,0.12266
13-01-2026 09:20,25825.4,0.1301,0.12038,0.11652,0.11379,0.11063,0.10853,0.10573,0.105,0.10365,0.10229,0.10185,0.10238,0.10336,0.10516,0.20101679966195582,0.19459,0.18813,0.17948,0.17454,0.16867,0.16259,0.15600951458355608,0.1492868510598804,0.14263,0.13708860769424303,0.13143,0.12647,0.12052
13-01-2026 09:25,25818.35,0.07494,0.07925863777436855,0.07843,0.08460813779353758,0.08732,0.09071,0.09192,0.09345,0.09489,0.09538,0.09659,0.09772,0.09926,0.10186,0.19877467741311747,0.19492,0.19107,0.18192,0.17599147403973275,0.17018,0.16505889614101232,0.16014,0.15390227414260518,0.14795,0.14288035776037095,0.13807,0.13444,0.1289
13-01-2026 09:30,25766.85,0.09386,0.09701122120039184,0.09733,0.09867031277873138,0.0985,0.09873135746956084,0.09936,0.09957,0.0998829245094808,0.10013,0.10115787838759865,0.1022,0.10407,0.10676,0.19758,0.18681,0.1874,0.18077,0.17444,0.16772,0.1615,0.15519423997305468,0.14881,0.14315,0.13844,0.133,0.12898,0.12387
13-01-2026 09:35,25737.7,0.11826,0.11441357378936838,0.1101,0.11011,0.109,0.10780845157404215,0.10689855892382398,0.10605,0.10628,0.10556,0.10597,0.1067,0.10811,0.11024,0.19641,0.19402,0.1861523122375635,0.17834,0.17151,0.16504,0.15939,0.15322,0.14657,0.14058,0.13586,0.13051,0.12570467444180464,0.12088
13-01-2026 09:40,25732.1,0.11814992906701506,0.11635,0.11417280383180382,0.11226,0.11041869558901998,0.1094,0.10754,0.10682,0.10672,0.10605,0.10663,0.10736,0.10873,0.11101,0.19531,0.1897,0.1851,0.17854,0.17119,0.16484,0.15903,0.15272,0.14566,0.13996,0.1353,0.12993,0.12517,0.12017
13-01-2026 09:45,25766.4,0.10985,0.10211,0.10066777817045891,0.09765,0.09883,0.09904,0.0996532912795628,0.09984898932161201,0.09968,0.09971,0.10075,0.10208,0.10395,0.10665,0.19268762330647252,0.18954,0.18651,0.17875,0.17198,0.16605,0.15962,0.15338645548743543,0.14721,0.14102,0.13691,0.1316,0.12743,0.12286
13-01-2026 09:50,25750.85,0.11754,0.11262,0.11364,0.10823,0.10611,0.10542,0.10416,0.10457,0.10446,0.10352,0.10426,0.10550675784294067,0.10695,0.10944,0.19685,0.19127133814720237,0.1858,0.17799,0.17208,0.165,0.15952,0.15321591070146812,0.14694451812685586,0.14069,0.13566,0.13018,0.12479946712045406,0.11938732169311887
13-01-2026 09:55,25731.0,0.10362,0.10571,0.10317,0.10456,0.10509640464441014,0.10433,0.10374,0.10378,0.10438,0.10435,0.10535,0.10636,0.10817,0.11081,0.19596,0.19028,0.18489,0.17822939475185645,0.17164176034832848,0.16499900295057873,0.1585,0.15331,0.14657,0.14121454410029505,0.13604,0.13094,0.1269,0.12208
13-01-2026 10:00,25714.65,0.14097,0.13349,0.13009,0.12686,0.12114,0.11849,0.11568,0.11373,0.11286,0.11147,0.1113,0.1117684888912882,0.11276,0.11336148073948638,0.1931,0.18816,0.18229,0.17698,0.1694603687585909,0.16188,0.15581,0.14965,0.14249,0.13684,0.13118,0.12617,0.12153,0.11621
13-01-2026 10:05,25746.85,0.12843,0.12569,0.11961,0.1167,0.11418,0.11206,0.11025,0.10891,0.10827,0.10803,0.10751,0.10817,0.10983956497041915,0.11162,0.19569,0.18741,0.18167066902855603,0.1758,0.17055,0.16428,0.15821,0.15229,0.14503,0.13955,0.13415632860052068,0.12879,0.12451,0.11968
13-01-2026 10:10,25759.95,0.10494,0.10371,0.10288,0.10202,0.10091,0.10211,0.10183826476922346,0.10084,0.10126,0.10178,0.10247,0.1034,0.10505,0.10788,0.19744,0.1923,0.18608,0.17937029623954576,0.17271948656725034,0.16615,0.16016,0.15378649151833867,0.1475,0.14216805826829296,0.13695,0.1312,0.12764,0.12396986398165374
13-01-2026 10:15,25754.7,0.10612,0.10838,0.10433,0.10362,0.10244,0.10284,0.10250540841605708,0.10176,0.10236,0.10237,0.10308,0.10428,0.10568,0.10871,0.19659,0.19045,0.18549,0.18043,0.17189,0.16543,0.15933,0.1528626317062862,0.14641,0.14114,0.13626246217261567,0.13138287056805867,0.12656,0.12168857567873095
13-01-2026 10:20,25761.35,0.12196,0.11832855385824183,0.11421,0.10883,0.10757,0.10618868701783922,0.10509,0.1039,0.10396,0.10338,0.10386,0.10477,0.10632,0.10797675805453606,0.19667,0.19089668637910193,0.18512,0.17844473637201008,0.17169,0.16546,0.15956,0.15344,0.14623,0.14073,0.1351,0.12988,0.12551,0.12025
13-01-2026 10:25,25770.15,0.14012,0.13305,0.12665,0.12195,0.11838,0.11464736134393017,0.11211,0.10968,0.10903,0.10803,0.10721,0.10737,0.10855,0.11041,0.19716,0.19135849336384023,0.18548,0.17993,0.17251651927583278,0.16508,0.15866,0.15193134469788552,0.14506,0.13931549760726794,0.13348,0.12756,0.12274,0.11802715034901531
13-01-2026 10:30,25804.6,0.13282,0.11933113884693941,0.10534,0.10765,0.10653,0.10582,0.10306,0.10275023479193632,0.10235485233492868,0.1018246869197033,0.10103,0.10169,0.10378654069290498,0.10556,0.1990439234990444,0.19389,0.18871,0.18195,0.17508,0.16807,0.1617892463793513,0.15564,0.14934074503353995,0.14324246621910436,0.13714,0.13180807406889677,0.12664,0.12147
13-01-2026 10:35,25783.95,0.12325,0.1098,0.10718,0.10779,0.10526,0.10288,0.10219,0.10221,0.10230734328053244,0.1022420491628833,0.10214,0.10265,0.10405,0.10676,0.2022828545007279,0.19495910100895555,0.18761,0.18025,0.17383,0.16764728675841628,0.16149,0.1552,0.14874893082570967,0.14241,0.13709,0.13144,0.12653458066496762,0.12165
13-01-2026 10:40,25772.4,0.11286,0.10172,0.09986,0.10643,0.10474,0.10468,0.10303,0.10234,0.10255,0.10191,0.10239,0.1037156576185616,0.10494,0.10768,0.19788,0.19209310965046006,0.18626832640160568,0.18052,0.17303,0.16664,0.1604396280317872,0.15426515893291531,0.14816,0.14168,0.13631626897262028,0.13102,0.12613,0.12107
13-01-2026 10:45,25763.45,0.13134621591814438,0.11857,0.10489,0.11266,0.11001369372236727,0.1078,0.10651,0.10655,0.10529,0.10428,0.10453,0.10574,0.10617,0.10849,0.19601,0.19035237977635536,0.18463,0.17979,0.17084,0.16428,0.15841,0.15174,0.14493,0.13907,0.1341,0.1286910285844438,0.12323,0.1189
13-01-2026 10:50,25794.3,0.11933,0.11414,0.11134,0.10842237141106459,0.10497138856181285,0.10179105658347767,0.098,0.09865179883310125,0.09832,0.09864,0.09876,0.09983,0.10165,0.10429,0.197,0.19049,0.18559,0.17919,0.17247,0.1662,0.15938,0.15394,0.14715,0.14127,0.13627,0.13120263981099398,0.12622751606489896,0.12139
13-01-2026 10:55,25765.7,0.1357577897845705,0.1277,0.11839,0.11653,0.11209,0.11026369273251045,0.1084,0.10623,0.10569,0.10431,0.10434,0.10496,0.10648317574293721,0.10846,0.19378,0.18824,0.18328,0.17684,0.16974,0.1635431549108671,0.1572838295708167,0.15101,0.1442,0.13808,0.13279,0.12762,0.12277,0.11766
13-01-2026 11:00,25784.9,0.11114,0.11637,0.1004,0.10533,0.10417,0.10366861810178213,0.1025067591706726,0.10121,0.10136,0.10075,0.10117,0.10206,0.10379334550736824,0.10537,0.19581,0.1899770808235464,0.18426,0.17715,0.1710861564887439,0.16513,0.15832,0.15288,0.14577,0.13983,0.13496,0.12932,0.12433865017454708,0.11948
13-01-2026 11:05,25771.65,0.13216,0.11938,0.12029,0.11747,0.11378,0.11176,0.109268416576845,0.10724,0.10636,0.10527,0.10501,0.10534,0.10616,0.10809,0.19504,0.18875,0.183,0.17641003044801004,0.16977,0.16355,0.15506,0.15072,0.14357,0.1381,0.1327958917799498,0.12739,0.12263,0.11793400481203517
13-01-2026 11:10,25787.85,0.11856,0.10777,0.11044,0.11006,0.10668,0.10586,0.10409,0.10338808711518317,0.10252,0.10135,0.1017,0.10224,0.10386587790302386,0.10541,0.19507,0.18935818610653568,0.18371,0.178,0.17081,0.1648,0.15819,0.15219,0.14495,0.13945,0.13398521752399167,0.12849409335643502,0.12308749182582235,0.11771438421295924
13-01-2026 11:15,25787.55,0.115263887307095,0.11290831452121244,0.11131,0.10958,0.10777,0.10559,0.10327,0.10223,0.10211,0.10092,0.10121,0.10247,0.1027,0.10501,0.19481,0.18867,0.1835,0.17724,0.17046,0.16354,0.15748,0.1509403647169235,0.14437,0.13874,0.13399,0.12815,0.12386,0.11956189300081844
13-01-2026 11:20,25784.1,0.12704,0.11694,0.11314,0.10838,0.10646,0.10523,0.10245,0.10227,0.10176,0.1012678792332665,0.10077,0.10144,0.10261,0.10482,0.19456,0.18866,0.18282,0.1764,0.16948,0.16327,0.15648,0.15139,0.14396,0.13843,0.13358,0.128449974110077,0.12338,0.11825
13-01-2026 11:25,25786.2,0.12557,0.12715,0.11235,0.11523,0.11187128861404445,0.10887,0.10572,0.10391,0.10300835706235344,0.10212,0.1020869475657743,0.10209,0.10371633072959045,0.1054,0.19449,0.18884,0.18251993506138223,0.17621,0.16914,0.1625,0.15639,0.1498972119459295,0.14336,0.13753,0.13241415149695332,0.12729,0.12252,0.11716
13-01-2026 11:30,25793.55,0.12837,0.12356,0.11864,0.11503938764345853,0.11179,0.11038,0.10804019651006892,0.10597094119217419,0.1041,0.1031,0.10283,0.10315,0.10381,0.10564,0.19482,0.18945,0.18277,0.17604,0.16887,0.16281,0.15675,0.15086,0.14333,0.13761,0.13242,0.12697,0.12213,0.11732976076207857
13-01-2026 11:35,25814.5,0.11175,0.11080819307061886,0.10854,0.10642,0.10504,0.10288,0.10123,0.09991,0.09954188239902094,0.09904,0.0994,0.10023214847400204,0.10101,0.10192831085461646,0.1975349789048484,0.19086626928123362,0.18425,0.1775757574305922,0.17099,0.1641,0.15813,0.15207,0.145,0.13937,0.13446,0.12935641804953804,0.12442,0.11932
13-01-2026 11:40,25811.5,0.09832,0.09935282798610615,0.09810186381633798,0.0976,0.09793,0.09766,0.09684,0.0965,0.09714,0.09663,0.09748,0.09813,0.09936,0.10197,0.19251081629371078,0.18823,0.18403,0.17714,0.17076,0.16403,0.15819,0.15149836588175997,0.14487,0.13994,0.13509,0.1300657421499806,0.12525,0.12026
13-01-2026 11:45,25782.05,0.12434,0.11605,0.1116997002354347,0.10915,0.10828,0.10657,0.1041476088634103,0.10265,0.10178,0.10097,0.10186127511421192,0.10295134469891438,0.10404741916104421,0.10543,0.19171882510994429,0.18644,0.18126,0.17477,0.16779,0.16189,0.15566,0.14976,0.14269,0.1372,0.13206,0.12708,0.12223462127379559,0.11725
13-01-2026 11:50,25785.0,0.0963,0.09354,0.09555,0.09782,0.09939,0.09804,0.09687,0.09688,0.09736,0.09746,0.09855722980237785,0.09955675974969325,0.10052,0.103,0.19372,0.18669,0.18073628230574473,0.17483,0.1686,0.16250032353234015,0.15652,0.15081,0.14368,0.13831,0.13315,0.12814,0.124,0.11980088118038934
13-01-2026 11:55,25762.65,0.13302,0.1138,0.11021210079522979,0.10752159427796461,0.10494,0.10345,0.10155,0.1008,0.10116,0.10053,0.10112,0.10179,0.10305,0.10553,0.19174,0.18471,0.17974,0.17282,0.1664,0.16069298190664083,0.15503,0.14909,0.142,0.13661,0.1316222786189144,0.12661,0.12205760289432183,0.11746
13-01-2026 12:00,25747.9,0.11514,0.11089,0.10672,0.10734,0.10493,0.10426,0.10283,0.10239583193375004,0.10193,0.10157,0.10203,0.10267,0.10395,0.10659,0.19166,0.18595,0.179,0.17203,0.16573,0.15969,0.15404,0.1476329670088248,0.14122,0.13581,0.13089,0.12575,0.12115000084636364,0.11652
13-01-2026 12:05,25735.35,0.11577,0.1123019676974308,0.10927,0.10984,0.1081,0.10654,0.10478973649783661,0.10347,0.10359,0.10292,0.10355,0.10403,0.10514,0.10793,0.19152301191059573,0.18497,0.17843,0.17102,0.1647,0.1588,0.15296,0.14658646858456573,0.14019,0.13482376636784818,0.12941,0.12453,0.11977221208876379,0.11497
13-01-2026 12:10,25733.45,0.11476486067233983,0.10744,0.10023,0.10076428975631509,0.10048666226474916,0.09977,0.09999,0.09968,0.10002,0.1002,0.10123,0.10217,0.10362,0.10667,0.19005,0.18343,0.17914,0.17089,0.16596,0.15959,0.15405,0.14802652814851047,0.1421,0.13608,0.13199,0.12692,0.12255538758238133,0.11837
13-01-2026 12:15,25722.55,0.11631,0.11501186510488547,0.11484,0.11267,0.11004,0.10822,0.10612214279962179,0.10475,0.10468,0.10391,0.10394,0.10484,0.10608,0.10728736544367923,0.18896,0.18259,0.17786,0.17174,0.16536730473642422,0.15903302070444938,0.1527,0.14666,0.14003,0.13392,0.12907,0.12386,0.11959,0.11474
13-01-2026 12:20,25724.7,0.10816,0.10535,0.10462,0.10356,0.10227,0.10220317137707341,0.1016,0.10069,0.10113,0.10095,0.10163,0.10244,0.10438,0.10734,0.18941,0.1823,0.17826,0.17148261225895253,0.16474,0.15918,0.15358,0.14819,0.14142,0.1362128637145953,0.13122,0.12589,0.12206,0.1181017357727285
13-01-2026 12:25,25714.0,0.11595,0.12216,0.11939,0.11684,0.11278,0.11026574065170071,0.10864,0.10709,0.10658,0.10555,0.10563,0.1062,0.10724,0.10997,0.18688961816416677,0.18147,0.17615,0.17069,0.16425689096484417,0.15785748370546854,0.15143,0.14504601748901402,0.1385,0.13274,0.12767,0.12243,0.11784,0.11295
13-01-2026 12:30,25723.0,0.11512,0.11016,0.10486,0.10314,0.10241,0.10152,0.10044,0.1004,0.1008214873774333,0.10069,0.1015,0.10234,0.10505612793978396,0.10756,0.18932,0.1830740897098171,0.17691002525606733,0.17074018107748967,0.16464,0.15876,0.15323733716221308,0.14783,0.14097,0.13566187150065537,0.13052,0.12589048149413715,0.12144,0.11704
13-01-2026 12:35,25717.45,0.11999,0.11351,0.11092,0.10715,0.10522,0.10404,0.10306,0.10289754708965551,0.10301,0.102795151262991,0.10282,0.10392,0.10614521104780393,0.10843,0.18786,0.18227,0.17647,0.16908,0.1633928989117514,0.15772561710914945,0.15204,0.14686,0.14059821385930532,0.13433,0.12935154130420048,0.12435,0.12008,0.11588402640289952
13-01-2026 12:40,25710.25,0.11488,0.10683,0.10567,0.1048,0.10327,0.10239,0.10145,0.10102,0.10138,0.10109,0.1021,0.10339,0.10503,0.10678334582328071,0.18732,0.18124,0.17612,0.1696738498591041,0.16325,0.15749699493892977,0.1517,0.14634,0.14074437719101834,0.1351554310270415,0.12958,0.12462,0.12072,0.11687399775057704
13-01-2026 12:45,25702.9,0.09992,0.09969676128706377,0.09852,0.09849,0.09819,0.09857,0.09847,0.09857,0.09981,0.10014,0.10166947720759212,0.10301,0.10528,0.109,0.18883,0.18068,0.1776,0.17041,0.16469,0.15844,0.15306,0.148,0.14121,0.13628,0.13152,0.12642,0.12269,0.11824
13-01-2026 12:50,25667.1,0.10716,0.10802,0.10656244596054165,0.10518402114195341,0.10432,0.10344,0.10262,0.102,0.10292,0.10288,0.10416,0.10557,0.10796,0.11179,0.18652,0.18117363385965413,0.17586,0.16928628855144384,0.16278,0.1572,0.15163,0.14603,0.14031219244867038,0.13461,0.12979,0.12499,0.12093,0.11684
13-01-2026 12:55,25659.75,0.11791,0.1124923910610294,0.10762,0.10609364100744956,0.10512,0.10415,0.1032,0.10271,0.10309,0.10316,0.10461663898834442,0.10613,0.10772012238680824,0.10928204775898352,0.18717,0.18133,0.17414256360352764,0.16686,0.16311,0.1571978826322583,0.15135,0.14549754885636895,0.13966,0.1347609866442328,0.12995,0.12522,0.12050703602528709,0.11583386764712539
13-01-2026 13:00,25645.05,0.10976,0.10878,0.1072,0.10506,0.10368,0.10279,0.10217,0.1016,0.10199,0.10237,0.10408,0.10585,0.10953571125618651,0.11306,0.18672,0.18015,0.1745394918418454,0.16881,0.16108,0.15626,0.15003,0.14537,0.1397231728738461,0.13405928986273782,0.12849,0.12396,0.12001,0.11595
13-01-2026 13:05,25639.05,0.1210412627421062,0.11676,0.11177,0.11205,0.10962,0.10782890317896243,0.10667,0.10521,0.10519,0.10545,0.10703,0.10849,0.11118,0.11386140998969203,0.18741,0.18135,0.17490244985773776,0.16832,0.16258,0.15642,0.1501,0.14493,0.13882174342874742,0.13266,0.12808,0.12301,0.11891,0.11472
13-01-2026 13:10,25669.25,0.10935,0.10859,0.10366,0.10559,0.10461767779491316,0.10302,0.1022,0.10165,0.1021993707933409,0.10236,0.10422,0.10579,0.1075754255091526,0.10925613236416339,0.18893,0.18332050960103416,0.17783,0.17107,0.16414,0.1583,0.15221526665969146,0.14621634933442687,0.14024,0.13511454675742854,0.13015,0.12503,0.12106880305484972,0.11724
13-01-2026 13:15,25650.75,0.12082,0.11121,0.11372,0.11219,0.10964,0.10786,0.10663316375584211,0.10575,0.10531,0.10651927512853143,0.10793124764866383,0.1093263994537438,0.11088,0.11512,0.18823791039730156,0.18215,0.17614518909143267,0.17011304812981443,0.16408,0.15777,0.15168,0.14627,0.1395,0.13437543099112426,0.12934,0.12428,0.12014531687871158,0.11605
13-01-2026 13:20,25659.9,0.1205,0.1172939362174939,0.11425284382720569,0.11136,0.10866,0.10703,0.10566,0.10502626097242129,0.10456,0.10459,0.10609,0.10748,0.10997,0.11253920135693003,0.18846,0.18292,0.17728,0.17132,0.16353,0.15772685601801598,0.15194448620164971,0.1462,0.13927,0.13374,0.128794414167636,0.12385,0.11967802170334943,0.11548
13-01-2026 13:25,25660.75,0.12224,0.11729,0.11027,0.10601,0.10486361140851949,0.10322,0.10242,0.10167,0.10215,0.10236,0.10404,0.1057,0.10927067874274385,0.11278,0.18901,0.18301,0.17721212357719646,0.17141,0.16476173557328566,0.15819685950824416,0.15166,0.1463,0.14022286111625681,0.13425,0.12888,0.1242,0.12064,0.11627
13-01-2026 13:30,25661.85,0.11661,0.11306,0.11056,0.10953961713422676,0.10907,0.10743,0.10578,0.10449,0.10434,0.10429,0.10545,0.10696,0.10926,0.11328,0.189167832438595,0.18271,0.17636953423951282,0.16999003983248454,0.16358,0.15744,0.15203,0.14567,0.13872,0.13321,0.12836,0.12335,0.11943,0.11493
13-01-2026 13:35,25679.45,0.11288,0.10962,0.10556,0.1049,0.10328,0.10239812221523437,0.10105,0.1006,0.1008,0.10102,0.10265,0.10423,0.10655,0.11074,0.19079,0.18416,0.17879,0.17237,0.1648,0.15876999410856615,0.1529,0.14733,0.14052,0.13489,0.12982189563490903,0.12491,0.12084,0.11675
13-01-2026 13:40,25665.55,0.11343,0.11269,0.1141,0.11145121508764642,0.1096,0.10751527735864147,0.10591,0.10488725658428344,0.10439,0.10456729273496192,0.10518,0.10639,0.10871,0.11278,0.19036110819113458,0.18305,0.17574,0.17036,0.16171,0.15582,0.14980441890682952,0.143755552621592,0.13763,0.13215,0.12716,0.12221,0.11834,0.11372
13-01-2026 13:45,25671.3,0.11584,0.11118795109696063,0.10635,0.10582,0.10347,0.10247,0.10190292373026268,0.10104,0.10132378039719227,0.10129,0.10279,0.10425,0.10681,0.11089,0.18758,0.18354,0.17641797973990414,0.1693943304659977,0.16238,0.15706,0.15095,0.1455,0.13879,0.13343,0.12873,0.12374,0.12019,0.11657221828270102
13-01-2026 13:50,25672.15,0.11731,0.11294,0.10877,0.10733,0.10546,0.10394,0.10265,0.10185,0.10214739349829759,0.10238,0.10338,0.10528,0.10765,0.11184,0.18693,0.18363,0.17494,0.16847,0.1623659266038205,0.15629,0.1500914947017349,0.1439601432853914,0.13779,0.1324,0.12742,0.12257,0.11886,0.11428
13-01-2026 13:55,25662.15,0.11435,0.11479,0.1103,0.10876096322316986,0.10766,0.10529,0.10379,0.10312,0.10317757033679378,0.10345,0.10442,0.10618,0.10874,0.11265,0.18616,0.18284,0.17494,0.16855,0.16209517470126503,0.1556812692165542,0.14926,0.14458,0.13805,0.13272,0.12796,0.12314,0.11889468557796148,0.11462
13-01-2026 14:00,25659.5,0.10596,0.10466706154031157,0.10224,0.1033,0.10247,0.10193113490701744,0.1011,0.10064,0.10092,0.10146,0.1032,0.10512,0.10781,0.11198,0.18695,0.18068920156595641,0.1743911763458478,0.168129214879885,0.16191,0.15622,0.15019,0.14468,0.13899396754509255,0.1334,0.12892,0.12422,0.12043,0.11642
13-01-2026 14:05,25647.55,0.11484,0.1111,0.1089,0.10697,0.1057,0.10442089553489542,0.1034,0.10231,0.10272,0.10298,0.10447,0.10656782250298813,0.10889,0.11113616852063238,0.18578,0.18017556396949916,0.17455,0.16736,0.16133477809769226,0.15533,0.14912,0.1433574043944191,0.13755,0.13214,0.12782,0.12261,0.1193,0.11494
13-01-2026 14:10,25642.55,0.10361658087749075,0.10297,0.10352660648324671,0.10333,0.10191,0.10139,0.1002,0.09978,0.10039,0.10149382326503792,0.10243,0.10455,0.10748,0.11189,0.1854,0.1796,0.17396,0.16696,0.16049,0.1546714806793023,0.14894,0.14389,0.13718,0.1321904529439807,0.12731,0.12244,0.11873,0.11476
13-01-2026 14:15,25631.25,0.11749,0.11278,0.10971,0.10795,0.10585,0.10392,0.10293,0.10226,0.10228,0.10231,0.10399493759504136,0.10586,0.10873,0.113,0.18301694072234445,0.17761,0.17227,0.16603,0.15857,0.1525,0.14705,0.14187,0.13524,0.12995,0.12528344735277852,0.12054,0.11695,0.1122
13-01-2026 14:20,25627.6,0.11083675558552723,0.10613,0.10161,0.10124,0.10023,0.09971,0.09958616196374658,0.09911,0.09991,0.10055,0.10272,0.10495,0.10815,0.11248,0.18352,0.17733,0.1716056387234582,0.16591,0.15892,0.15306,0.1479094828608819,0.14283,0.13634,0.13116,0.12685640443033938,0.12254530461729995,0.11835,0.11427
13-01-2026 14:25,25619.65,0.10956,0.11014,0.1057,0.10475,0.10334910003951905,0.10202,0.10187,0.10119,0.10176092376090673,0.1022,0.10421154300523362,0.10613,0.10918,0.11368,0.18315,0.17736,0.17107165711612726,0.16481473089201196,0.15856601027453468,0.15237,0.14715,0.14144823673780574,0.13572405345199048,0.13005,0.12556,0.12083,0.11741,0.11306
13-01-2026 14:30,25622.55,0.12078,0.12092,0.11681,0.11413,0.1112617361605368,0.10886,0.10725,0.10601,0.10568,0.10572,0.10693,0.10864,0.11153,0.11541,0.18116,0.17762,0.17082,0.16392,0.15739,0.15062,0.14568,0.13988666330825456,0.13406446998428667,0.12828,0.1237,0.11924286282805327,0.11478,0.11039287375994396
13-01-2026 14:35,25644.0,0.12605,0.12063,0.11697207179354457,0.11338,0.11022,0.10835,0.10637,0.10478,0.10446,0.10439,0.10572,0.10785973679152694,0.10998,0.1122266823595785,0.1818950130615546,0.17643,0.17097,0.165,0.1583447054882264,0.15176,0.14553,0.14018,0.13362,0.12835,0.12352,0.11842,0.11481,0.11120197321461153
13-01-2026 14:40,25667.6,0.12795,0.12144856051032578,0.11577,0.11455,0.111264958211542,0.10854,0.10660699386732614,0.1051,0.10422,0.1038,0.10482,0.10636,0.1087,0.11237,0.18178,0.17905,0.17186,0.16506,0.15835,0.15321,0.14765,0.14167180850900624,0.13570273310262712,0.12977,0.12453277305682822,0.11926,0.1152,0.1102
13-01-2026 14:45,25695.95,0.1173,0.1098,0.10739,0.10562,0.10358,0.10225,0.1008,0.10039,0.10083936713775846,0.10106695105595964,0.10123,0.103,0.10582,0.10876360765272519,0.18457,0.18134,0.17374,0.16742,0.16129,0.15552,0.1492,0.14389,0.13759,0.13227,0.12738,0.12243,0.1183,0.11406166283328079
13-01-2026 14:50,25698.45,0.12994,0.121,0.11481,0.11213,0.10844,0.10629,0.1044,0.10284,0.10209,0.10146,0.10196,0.10374,0.10593,0.10922,0.18423,0.18012,0.17396,0.16765,0.16024,0.15479,0.14848608536413518,0.14212787123322734,0.13573,0.13023,0.12503,0.11963,0.11547,0.10993
13-01-2026 14:55,25717.05,0.10227,0.10131,0.10561,0.103,0.10178,0.10063614961962138,0.09903,0.09832836806207686,0.09788,0.09778,0.09901,0.10052,0.1035563334668727,0.10675,0.18886223296507154,0.18223709360101908,0.17615,0.16966124322085566,0.16292,0.15689,0.15108732720207127,0.1445059626178323,0.13826,0.13281,0.1279637768289138,0.12305317729303208,0.11832,0.11270821202680287
13-01-2026 15:00,25754.0,0.06496,0.08771,0.08152,0.08567,0.08764,0.08906517030103739,0.0891,0.08982,0.09066,0.09105,0.09367704826540382,0.09549,0.09849,0.10247,0.18914,0.18403519804950255,0.17916,0.17245,0.16566,0.15874,0.15333,0.14734197731714244,0.14139475930779752,0.13566,0.13092,0.12594,0.12166,0.1171697315054859
13-01-2026 15:05,25708.75,0.12503,0.11954,0.11389141279774205,0.11152,0.10881,0.10591002612652742,0.10352172663169446,0.10203,0.10115665685037188,0.10091654207256642,0.10117,0.10258,0.1048,0.10676544513142587,0.18537,0.18125,0.17471071947054756,0.16795,0.16079,0.15474,0.14881,0.14249635687745793,0.13604,0.13057,0.12534,0.12047205857742706,0.1153,0.1098
13-01-2026 15:10,25746.05,0.09601,0.0958711228250085,0.09434,0.09443,0.09457905657500348,0.09393,0.09376,0.09323,0.09365,0.09362,0.09538211844022529,0.09684,0.09966,0.1035,0.18712,0.18273,0.1767977653382108,0.17082,0.164189756706883,0.15776,0.1516626342901332,0.14567,0.13924,0.13403,0.12887,0.12401959418993004,0.11912,0.11362
13-01-2026 15:15,25745.9,0.09885,0.09442,0.09401,0.0927,0.09307,0.09284479478025348,0.09227,0.09186,0.09236704126375436,0.09258,0.09434,0.09682781769775771,0.09921,0.10178527847045367,0.18499039915877394,0.18117,0.17744,0.17144,0.1650295345954019,0.15878,0.15193,0.1466,0.14093223285202044,0.1353407026390939,0.12982,0.12433,0.11988,0.11427
13-01-2026 15:20,25730.9,0.10596,0.10328551889173394,0.1016,0.09989,0.0983193248520115,0.09735,0.09655,0.09557,0.0959,0.09549,0.09677299702485732,0.09835,0.10097,0.1047,0.18772,0.1824854084495126,0.17737,0.17104,0.16471,0.15803475736988867,0.15139,0.14642,0.13928,0.13342,0.12815284756443132,0.1228,0.11826,0.11245
13-01-2026 15:25,25730.8,0.10125,0.09819,0.09998,0.09608,0.09512,0.09402,0.09398,0.09364,0.0938415366907438,0.09339,0.09456,0.097,0.09919,0.10305,0.19098,0.18082,0.1789,0.17223,0.16751,0.15719,0.15183,0.14604905441237398,0.14019,0.13505788661690635,0.12995,0.1246320447834144,0.11937,0.11379
14-01-2026 09:15,25671.9,0.14959,0.12952837805054726,0.11174,0.10873,0.10765,0.10444,0.10288,0.10173,0.10139,0.10153944339943792,0.10239,0.10433,0.10685,0.1091565496383391,0.19276,0.18752,0.18191,0.17457,0.16868,0.1621636003456685,0.15574225958509838,0.14939,0.1427,0.13707,0.13117,0.12558,0.12053,0.11497
14-01-2026 09:20,25705.8,0.12363,0.12422,0.11267,0.10689,0.10436,0.10267,0.10126,0.10015,0.09998,0.09974,0.10063,0.10243,0.10524,0.10877,0.19452,0.18877,0.1834,0.17666433137887774,0.17003,0.16326,0.15622,0.15001,0.14306,0.13778,0.13156,0.12589,0.12102,0.11552
14-01-2026 09:25,25717.85,0.13317,0.12635240935140832,0.12118,0.11356,0.11106,0.10716,0.10495,0.10343,0.10229,0.10186,0.10202,0.1036,0.10598,0.10833301565843126,0.19526,0.18932,0.18288053590651965,0.17644,0.16980579918244998,0.16311,0.1565,0.14991,0.14267,0.1368173135109927,0.13089,0.1248,0.11955,0.11384
14-01-2026 09:30,25746.8,0.11272,0.10267,0.10078,0.10024,0.09959,0.09806,0.09683,0.09616,0.09616,0.09601,0.09774003361967264,0.09916,0.1019,0.10475219603533696,0.1974610652406826,0.19149,0.18542182961003364,0.17952,0.1719,0.1657,0.15915,0.15275,0.14635651813272732,0.1401025745744135,0.13387,0.1279,0.12301,0.11723
14-01-2026 09:35,25737.05,0.1012,0.11807,0.10043,0.10046285323539476,0.10049,0.09946,0.09825,0.09723,0.0971,0.0968,0.09815,0.09997,0.10293105886525693,0.10598,0.19606,0.19023,0.18421949940147414,0.17832,0.17179,0.16502,0.15814,0.15237,0.14522,0.1392,0.13298,0.12733,0.12206,0.11653
14-01-2026 09:40,25712.25,0.12103,0.10667,0.10128,0.10041133834650025,0.09942,0.09791,0.09731163295400341,0.09656,0.09661,0.09664,0.09797,0.09991,0.10275,0.10669,0.19415031882001163,0.18821,0.1823012654922073,0.17641,0.16971608805213398,0.16299,0.15661,0.15045,0.14342,0.1376063107542459,0.13178707000550932,0.126,0.12063037501661947,0.11525
14-01-2026 09:45,25691.85,0.10661,0.10863,0.10646738937247882,0.10313,0.10168,0.10053,0.09893,0.09828,0.09847,0.09854,0.09988,0.10168,0.10453,0.10839,0.19245,0.18703,0.18192,0.17525,0.16891,0.16230669375335255,0.15575282365220347,0.1492351141557236,0.14278000650468275,0.13627,0.13052,0.12473,0.11991,0.11441
14-01-2026 09:50,25701.2,0.1400002724449775,0.13375498052473545,0.1298,0.12353,0.119,0.1145,0.11092,0.10787,0.10619,0.10517,0.10541,0.10623,0.10843250150059901,0.1114,0.19388535434026868,0.18738789475250783,0.18082,0.17434,0.16731,0.16093,0.15422,0.14807,0.1413831995566815,0.13451,0.12822,0.1222,0.11692,0.11055
14-01-2026 09:55,25759.55,0.09956,0.08438,0.08875,0.09669,0.09529,0.09431,0.09485,0.094,0.09440050367003618,0.09393,0.09574,0.0974,0.1,0.10384,0.19687,0.19168,0.1855,0.1787198272437836,0.17221,0.16596,0.15952,0.15273,0.14534,0.13975,0.13392,0.1281,0.12319,0.11744
14-01-2026 10:00,25727.85,0.12568,0.11977,0.10681,0.10338257209967008,0.10037,0.09973,0.09769,0.09675,0.09648,0.09705502374066703,0.09783,0.09918,0.10196,0.10473752628357604,0.19351,0.1891,0.18220596928090654,0.17525,0.16857,0.16202,0.15577214516991275,0.14942,0.14235,0.13666,0.13071,0.12522,0.12026,0.11533573244990145
14-01-2026 10:05,25713.6,0.11955,0.11485398686545455,0.10948270906432682,0.10489,0.1025,0.09999,0.09863,0.09749,0.09764,0.0975,0.09974000311853991,0.1019721302185499,0.10418680502886232,0.10655,0.19239,0.18795,0.1817,0.17426,0.16809,0.16112,0.1554,0.14851,0.14212855422963463,0.13578,0.13005633587372684,0.12439,0.11898736787745612,0.1136
14-01-2026 10:10,25697.45,0.12007,0.11399,0.1098562894001727,0.10673,0.10389959198528811,0.10127,0.09953,0.09863,0.0985,0.09833,0.09982,0.10177,0.10467936884961507,0.10784,0.19167,0.18665,0.18030509601512712,0.17391,0.16730769262756,0.16068,0.15396,0.14760967959066407,0.14124699629996915,0.1349,0.12901,0.12333,0.11843,0.11254
14-01-2026 10:15,25696.35,0.09782710102851327,0.0986,0.10025,0.09845,0.09759306252201592,0.09617,0.09559,0.09583196396965352,0.09583,0.0962,0.09798,0.10004,0.10297,0.10684,0.1927,0.1873,0.18138,0.1747498105068615,0.16823,0.16044,0.15501,0.14858,0.14157,0.13597,0.13009,0.12453,0.11944510556155803,0.11447
14-01-2026 10:20,25678.3,0.10372,0.10513,0.10303,0.10175467715263475,0.10064546442356984,0.0992569284028933,0.09806018025542373,0.09691,0.09739,0.09767,0.09961,0.10116,0.1043,0.10822,0.19099,0.18559,0.17988,0.17309,0.16653074283445687,0.15996,0.15296,0.14653,0.13984,0.1340495514870796,0.12823,0.12243,0.11752366456361055,0.11263
14-01-2026 10:25,25683.35,0.11226,0.1016,0.10787,0.10482,0.10177,0.10035,0.09895,0.09843,0.0983,0.09943663650395267,0.10064301251858519,0.10186,0.10514386646593578,0.10844,0.19167757243671993,0.18579,0.1799,0.17316,0.16608,0.15981510546023642,0.15358,0.14678,0.13968,0.13383,0.12811,0.12257,0.11746744246952757,0.11239
14-01-2026 10:30,25678.05,0.1227746065380049,0.11626,0.10899,0.10656,0.10338,0.10162,0.09964,0.0987,0.09904,0.09899,0.10027,0.10246,0.10523,0.1079650288167456,0.19074,0.1848625204590916,0.17901579188118255,0.17312,0.16651,0.15966,0.15311,0.14679,0.1393,0.13358173935154577,0.12786974194505002,0.12215,0.1173,0.11248798048910347
14-01-2026 10:35,25689.95,0.10832,0.09949,0.10136,0.10068,0.09968746379176674,0.09795613361831369,0.09648,0.09581,0.09623,0.09635,0.09811,0.10072071581087265,0.10299,0.10671,0.19281,0.18690328532025324,0.18115,0.17454,0.16705,0.16122,0.1544114932000335,0.14768,0.1408,0.13481,0.12932,0.12382,0.11923,0.11379
14-01-2026 10:40,25691.8,0.11136,0.10641396476128281,0.10051,0.10065,0.09940693763466453,0.09689,0.09613,0.0955,0.09586,0.09625,0.09803,0.10088740720652893,0.1033,0.10608050091542158,0.18730407477778324,0.18382,0.18047,0.1738125275551312,0.16723,0.15981,0.15412,0.14775,0.14032,0.13492,0.12911,0.12368,0.11915,0.11372
14-01-2026 10:45,25665.9,0.12,0.12893,0.12072065214322739,0.11447,0.11121,0.10756,0.10468,0.10287,0.10243,0.10173,0.10276,0.10481,0.10705,0.11056,0.18956,0.18173,0.17674514599636307,0.17155,0.16428,0.15752,0.15107,0.14471,0.13813991795829123,0.13147,0.1255731435940826,0.11951,0.11485,0.10912
14-01-2026 10:50,25695.5,0.11530969873414294,0.11226,0.109946767306857,0.10709,0.10433,0.10152,0.10041791017811508,0.09879,0.09854,0.0981,0.09968,0.1015,0.10402,0.10765,0.19225,0.18417,0.17964835619237202,0.17509,0.16724,0.1606484545619974,0.15422,0.14724,0.14014,0.13414,0.1284083357611212,0.12272,0.11782,0.11208
14-01-2026 10:55,25706.35,0.12523418209328466,0.12225,0.1192,0.11476,0.11089,0.10792,0.10453,0.10279,0.10175,0.10116,0.1005183404871836,0.10002944316751256,0.0996574226458439,0.09931631009454032,0.19233,0.18808,0.18066,0.17386,0.16693,0.16001,0.15406,0.14736,0.14066816189199519,0.13401,0.1278,0.12218,0.1167918954657492,0.11133
14-01-2026 11:00,25720.95,0.12452,0.11411,0.11064,0.11044,0.10585,0.10416,0.102,0.10027,0.09959,0.09963909000681523,0.09964,0.101443071774555,0.1034,0.10674,0.19353,0.1893,0.1819,0.17513551593612323,0.1684,0.16132,0.15525,0.14887,0.14143,0.13526,0.12984,0.12359,0.11881,0.1133
14-01-2026 11:05,25733.0,0.10822,0.10616516651152977,0.10324,0.10313,0.10013,0.09901,0.09724,0.09648,0.09678595331317309,0.09701690130875573,0.0972,0.09937355757563558,0.10148,0.10476,0.19424,0.18756,0.18196705333004207,0.17638,0.16928,0.1629,0.15666,0.14987,0.14271,0.13656,0.13088329491974482,0.12527,0.1207,0.11524
14-01-2026 11:10,25729.2,0.1171510861335739,0.11287,0.1085,0.10339,0.10069,0.10064,0.09866,0.09713,0.09661,0.09677,0.09802,0.09974,0.10185,0.10552,0.19367,0.18728,0.1815893869916774,0.17587,0.1686,0.16211657868408252,0.15559,0.14888846314341792,0.14213,0.13557,0.13036,0.1245,0.11983,0.11424
14-01-2026 11:15,25736.25,0.1227,0.11967,0.11314,0.10933549472522272,0.10627,0.104,0.10157300769366576,0.09912,0.09836960819619034,0.09792,0.09883,0.10029,0.10227,0.10531,0.19426,0.18787,0.18279,0.1760074555625062,0.16923,0.1625903528430918,0.15593181620459803,0.14934881703506483,0.14269948626425766,0.13617,0.13027,0.12416,0.11944,0.11401
14-01-2026 11:20,25743.15,0.11527,0.11142928659556467,0.10532,0.10387,0.10218095345194388,0.09925,0.0981943861254334,0.09618,0.09572,0.09558,0.0966,0.09831,0.10072,0.10436,0.19837873335850745,0.1912183656915479,0.18407,0.17689,0.17059,0.16352,0.15673,0.1506,0.1438050526788645,0.13718,0.13136671310416476,0.12569,0.12109,0.11639502323051486
14-01-2026 11:25,25735.0,0.14145,0.13595,0.1270082249713111,0.12083,0.11546,0.11145,0.10785,0.10508,0.10308,0.1017,0.10193752289858767,0.1029,0.10451,0.10766,0.19335,0.18812119418756174,0.18274,0.17581,0.16879,0.16249,0.15525,0.14864,0.14139,0.13521389893706265,0.12887,0.1234783085095332,0.11791,0.11163
14-01-2026 11:30,25773.9,0.10956,0.10848918545615227,0.10518,0.10342,0.10105,0.0986,0.09766426087174472,0.09597,0.0957552534648458,0.09497,0.09599,0.09744,0.09956,0.10308,0.19735,0.19179,0.18553,0.17783,0.17140944488379461,0.16506501362696074,0.15871705694089724,0.15251,0.14556,0.13901,0.13326,0.12717,0.12170846325655627,0.11643
14-01-2026 11:35,25764.1,0.11427,0.11474,0.10436,0.10343542192210751,0.1021,0.10001377260391837,0.09823,0.09693,0.09634,0.09647829399382289,0.09686,0.09809,0.10014,0.1038,0.19601,0.1901763584732494,0.18427,0.17768,0.17075,0.16422,0.1573793436311181,0.15060403955679305,0.14378,0.13777069706182077,0.13173,0.12584,0.12078,0.11575581434059598
14-01-2026 11:40,25766.75,0.11206,0.11197,0.10283,0.10170966186121375,0.09963096189612242,0.09738,0.09612,0.0951,0.09438,0.0944,0.09522,0.09699,0.09938,0.10193858365193917,0.19566,0.19012564298279044,0.18452,0.17749,0.1708,0.16376,0.15815,0.15119,0.14392,0.13791,0.13182,0.12638,0.12158,0.11576
14-01-2026 11:45,25761.25,0.11673,0.1271,0.12184,0.11623,0.11043,0.10852,0.10507,0.10246,0.10073,0.0992,0.09968,0.10056,0.10274853600975013,0.10536,0.19642,0.190164719681365,0.18385,0.17684,0.16996,0.1633546246997499,0.15673,0.14997752833007996,0.14317,0.1364,0.13012,0.12415,0.11887,0.11271
14-01-2026 11:50,25775.3,0.11506,0.114,0.10875,0.10564,0.10242,0.1007283439116074,0.09882251952224247,0.09677,0.09612,0.09616565799681617,0.09608,0.09743,0.09925,0.1031,0.19669,0.19148,0.18503,0.17804,0.17138,0.16455,0.15768,0.15144,0.14437,0.13776,0.13182,0.12587,0.12084,0.11576207090064028
14-01-2026 11:55,25774.6,0.114414224277714,0.11031,0.10639,0.10405,0.10158498130187697,0.09915,0.09762,0.09612,0.09519,0.09483,0.09565,0.09697,0.099,0.10248,0.19695,0.19145,0.18547,0.17822,0.17146288429208303,0.16469,0.15794064178555745,0.15125,0.14432,0.1376,0.1318048604670708,0.12598,0.12121,0.11488
14-01-2026 12:00,25786.0,0.11914,0.11363,0.10792,0.1031,0.10041,0.09901,0.09688,0.09496,0.09519,0.09431,0.09502,0.09632,0.09834,0.10177,0.20109059091337972,0.19369,0.1862,0.1792,0.17253,0.1657,0.15913620923607324,0.15274,0.14553,0.13882,0.13311,0.12739943770241788,0.12175896337258987,0.1161112756176906
14-01-2026 12:05,25782.1,0.09027,0.09366,0.0915,0.09297,0.09146,0.09081,0.09084,0.09005,0.09074,0.09041,0.09152,0.09303,0.09522,0.09763155479003616,0.19731,0.1934,0.1859,0.1789,0.17183,0.16591,0.15911987255542448,0.15254,0.1456179554505017,0.1388,0.13323,0.12721,0.12212,0.1165
14-01-2026 12:10,25757.05,0.10055,0.10634,0.09609,0.09666,0.09423,0.09342,0.09262,0.09258843930689964,0.09217,0.09183,0.093,0.09514731140241514,0.09712,0.10096,0.19533,0.18983,0.18385,0.17681,0.1701,0.16392,0.15703608467595695,0.15027,0.14367310606204978,0.13719,0.13172090069320505,0.1261570081151119,0.12074,0.11525113947855489
14-01-2026 12:15,25735.55,0.13328,0.12758,0.1184,0.11589,0.11096,0.1068,0.10404,0.1013,0.10004,0.09863,0.09886,0.09992,0.10181,0.10351812688007,0.19479,0.1881,0.18209,0.17545,0.16854355119997258,0.16153,0.15534,0.14846,0.14112,0.13424,0.12834929943056825,0.12224,0.11707,0.11081
14-01-2026 12:20,25771.55,0.1023,0.10179013655989146,0.1001,0.101,0.09756,0.09538,0.09424,0.09268,0.09315,0.09221,0.09321,0.09496,0.09788486050355837,0.10063,0.19842955963379946,0.1915930504447854,0.18486,0.17808,0.17138,0.1647,0.15779,0.15149,0.14413,0.1375,0.13194,0.12591,0.12073,0.1149
14-01-2026 12:25,25768.3,0.1056,0.09486,0.09537420196159234,0.09540767348261904,0.09506,0.09382,0.09249,0.09213613544966147,0.09157,0.09139,0.09257,0.0943,0.09665,0.1007,0.19718,0.19055,0.18462,0.17826,0.17113,0.16479,0.15784,0.1508993714924932,0.14397,0.13743,0.13211,0.12609,0.12103,0.11485
14-01-2026 12:30,25761.1,0.11558,0.11165,0.10489,0.103,0.10078,0.09835,0.09650232871425161,0.095,0.09442,0.09373,0.09423,0.09663322905751053,0.09913765898779511,0.10178,0.19663,0.1904642468258045,0.18428,0.17767,0.17053,0.16388834171054797,0.15721,0.15086,0.14382,0.13687,0.13141,0.1256611001706964,0.11991,0.11385
14-01-2026 12:35,25772.4,0.10931,0.10542820634614875,0.10127,0.09988827914210466,0.09876,0.09708,0.09512,0.09425695310759653,0.09361,0.09275,0.09373,0.09505,0.09732,0.10095,0.19727,0.19102165395551404,0.18476,0.17821,0.17132,0.16501,0.1584,0.15149,0.14413,0.13741,0.13187,0.12605,0.12072,0.11455
14-01-2026 12:40,25773.6,0.10821,0.10386,0.09096,0.09282,0.09216,0.09167,0.09025,0.09012,0.09045,0.09024,0.09158,0.09359,0.09584,0.09976,0.1968,0.19185,0.18489,0.17812,0.17105,0.16496,0.15756,0.15147,0.14452,0.13765,0.1325,0.12644,0.12137,0.11562
14-01-2026 12:45,25759.5,0.11368,0.11393,0.09807,0.09706,0.09556572134794483,0.09416786471724184,0.09285,0.09254,0.09219,0.09209,0.09296,0.09488,0.09709,0.10092,0.1954,0.18913,0.18278,0.17652,0.16967,0.16304,0.15649,0.15006,0.14284,0.13609,0.13091,0.1249,0.11999,0.11407
14-01-2026 12:50,25748.9,0.10486,0.10811,0.10082,0.09988,0.097,0.09505,0.09366,0.09266,0.09275,0.09235,0.09354,0.0956472752866917,0.09774,0.09993834367792612,0.19487,0.1883,0.18241,0.17587,0.16858,0.16249,0.15557,0.14939,0.14237,0.13565,0.12996,0.12461957123815767,0.11933,0.11358
14-01-2026 12:55,25745.55,0.11091,0.10232,0.10093,0.1015,0.09815,0.09708,0.09539,0.09436,0.09441,0.09361,0.09441,0.09609,0.09843,0.10213,0.19463,0.18837417095525544,0.18215,0.17539,0.16871,0.16207093712849047,0.15545,0.14925,0.14182,0.13512,0.12983,0.12381,0.11834740002220465,0.11285
14-01-2026 13:00,25748.1,0.09798,0.10045,0.09879684741003106,0.09678,0.09641,0.0950401593541925,0.09345528508756681,0.09184,0.09217,0.09207,0.09384276605048758,0.09562862845261164,0.09743,0.099383342986597,0.19456,0.18828,0.18215,0.17563,0.16856,0.1621,0.15553,0.1495,0.14233,0.13640509320397798,0.13058,0.12426,0.1192,0.11346
14-01-2026 13:05,25745.45,0.11027,0.10808,0.10248,0.10342,0.10022,0.09776,0.09594544030196103,0.09438,0.09415,0.0935,0.0948473779955565,0.09640198906752462,0.09809,0.1023,0.19438,0.18967,0.18252140950211182,0.17543,0.16875,0.16242,0.15597088340736937,0.14955,0.1421,0.13525,0.12971884722983595,0.1241549425559329,0.11864,0.11245
14-01-2026 13:10,25759.75,0.10591,0.0997403309997549,0.09268,0.09214,0.09087,0.09034,0.09022115778725333,0.08995984978562727,0.08954,0.08952,0.09095,0.09299,0.09632369503731239,0.09952,0.19555,0.18954,0.18293793107137954,0.17643,0.16959,0.16298,0.15629,0.14989,0.14339881848293004,0.13697179150251956,0.13063,0.12488978225187446,0.11923,0.11368
14-01-2026 13:15,25750.25,0.11247987556147342,0.10412,0.09486,0.09505,0.09321557478546799,0.09183,0.09094,0.09045,0.09071,0.09162523176051025,0.09269193330304713,0.09384,0.09639,0.1006,0.19451,0.18906,0.18210179931990889,0.17521,0.168,0.16181,0.15514,0.14846,0.1418644227164398,0.1353,0.12951552998426025,0.1237,0.11871,0.11297
14-01-2026 13:20,25735.95,0.0903041369865184,0.09088,0.09116,0.08927,0.08931,0.08892,0.08832,0.08891035105792514,0.08918,0.08953,0.091,0.09341,0.09618,0.10013,0.19369,0.18739,0.18099,0.17447,0.168,0.16147,0.1547855301861109,0.14818,0.14151,0.1356186199753404,0.1298,0.12446232257679385,0.11922,0.1135
14-01-2026 13:25,25715.5,0.10443023210746674,0.10317,0.09996,0.09726,0.09535612618802178,0.09414,0.0929,0.09245,0.09268,0.09269,0.09386,0.09613,0.09831270031447172,0.1006303256289378,0.19148,0.18548,0.17932,0.1727125699998952,0.16606,0.16005,0.15318,0.14687,0.13997,0.133981751013833,0.12802,0.12251541699633985,0.11702,0.11145
14-01-2026 13:30,25717.15,0.09680972941246724,0.09475,0.09061,0.09135,0.09055,0.0902631067392367,0.08954,0.08944,0.09027,0.09078,0.09261,0.09503,0.09794,0.10085727308600335,0.19223,0.18563,0.17948,0.17315,0.16639411380964,0.1597219939293562,0.15304,0.14662,0.14002,0.13347,0.12811,0.12246,0.11762,0.11212
14-01-2026 13:35,25708.2,0.05948,0.07823,0.08042,0.08226207923406746,0.08287,0.08464880352004117,0.08537,0.08643,0.08774,0.08909,0.09137,0.09426,0.09755,0.1022,0.19065,0.18439,0.177921307484633,0.17146751278498967,0.16508,0.15979,0.15256,0.14732,0.13992,0.13409,0.12937,0.12376,0.11973,0.11559513904172454
14-01-2026 13:40,25665.9,0.10071,0.09837,0.09493,0.09387,0.09312,0.09264,0.09251,0.09227,0.09331,0.09393,0.09605,0.09887,0.10199,0.10511307057250567,0.18757,0.18096,0.17549,0.16884,0.16204,0.1559,0.14907,0.14353,0.13648,0.13084,0.12553,0.12008,0.11569,0.1107
14-01-2026 13:45,25656.25,0.10367,0.10529,0.1022612523329543,0.0999,0.0979,0.09681,0.09591,0.0953,0.09579,0.09621,0.0989397513275467,0.10196834643542473,0.10482629018056258,0.10792,0.18711,0.18019,0.17471,0.16822169956078023,0.16171788822529032,0.15523,0.1488133789601498,0.14238,0.1364198346647108,0.13047555596748067,0.12456062371247549,0.1186,0.11398,0.10875
14-01-2026 13:50,25665.25,0.08603,0.08404,0.08647986507164286,0.08744,0.08836050276339236,0.08812,0.08863,0.08953,0.09086,0.0925,0.095,0.09856742019424386,0.10184,0.10613,0.18786,0.18174,0.17618,0.16967,0.16278,0.15688,0.14995,0.14441,0.13772,0.13229,0.12693,0.12203,0.11809,0.11319
14-01-2026 13:55,25642.0,0.10223589374178524,0.10086,0.09857,0.09824,0.0967,0.09515,0.09469,0.09448,0.09544,0.09621,0.09845282664144743,0.10106,0.10456,0.10902,0.1861049642182511,0.18037,0.17471,0.16832,0.16115,0.15548,0.14814,0.14237,0.13605764206071969,0.12968,0.12442,0.11967974270002396,0.11485,0.10964
14-01-2026 14:00,25653.3,0.09106,0.09305,0.09194,0.09174,0.09191,0.0917,0.09176,0.09207,0.09317,0.09423,0.09663,0.0998,0.10317,0.10783,0.18939691569947167,0.1827252117687655,0.17613,0.16951,0.16215,0.15569,0.1494213328199412,0.14322031669954136,0.13705,0.13132,0.12603,0.12032,0.11666,0.11162
14-01-2026 14:05,25642.2,0.10832274661882076,0.10608,0.10346,0.1008,0.09905,0.09742037321758297,0.09658,0.09649919873862008,0.09667,0.09731,0.09943,0.10212,0.10515,0.10957,0.18748,0.18169,0.1751454533991705,0.16858,0.16157,0.15516967630139442,0.14877,0.14293,0.13565,0.1300930046720029,0.12459987271786147,0.11904,0.11449,0.10944
14-01-2026 14:10,25650.55,0.11123,0.10818,0.10361,0.10363,0.10124,0.09894034737299287,0.09766,0.09692,0.09754,0.09775,0.09953,0.1022,0.10529,0.10937,0.18791,0.18165,0.17572,0.16891,0.16218664221376655,0.15548,0.14853,0.14219,0.13568,0.129,0.12348444915682269,0.11783,0.1132,0.108
14-01-2026 14:15,25666.25,0.09477,0.09303213986050224,0.09021,0.09398,0.09103,0.09079,0.09055,0.09167496243305687,0.09260950046783421,0.09333,0.09585,0.09888,0.10243,0.10614089997882906,0.1892,0.18297,0.17661,0.17028,0.16316,0.15707,0.15028,0.14447,0.13785642039259371,0.13139,0.1261,0.12108,0.11656,0.11181
14-01-2026 14:20,25637.25,0.09594,0.09529,0.09429,0.09333,0.0932,0.09245,0.09228,0.09263,0.09413,0.09507,0.09762,0.10069,0.10407,0.10859,0.18715,0.1816,0.17531,0.16882,0.16174,0.15595,0.14956523797698856,0.14326,0.13611,0.13071,0.12553,0.12079354551204036,0.11614,0.11144479649780568
14-01-2026 14:25,25618.75,0.11219,0.10809,0.10566,0.1036,0.10150163741707104,0.09998,0.09881,0.09824,0.09913,0.10035931304904408,0.102,0.10473,0.10795,0.11216,0.1862384092968589,0.18008,0.17398,0.16744,0.15996,0.15398,0.14712,0.14151,0.13442,0.12884,0.12349,0.11826,0.11355,0.10886
14-01-2026 14:30,25626.9,0.10999,0.11111,0.10756069900287096,0.10374,0.10118,0.09924,0.09838,0.09794,0.0991484247524121,0.1002434511774313,0.10151,0.10444,0.10736894791605085,0.11037099272763704,0.18745,0.1812509298993172,0.17513,0.16836,0.16088,0.15431689325002523,0.14774,0.14143501139101702,0.13513,0.12921,0.12382,0.11804,0.11231520716591341,0.10659707698329543
14-01-2026 14:35,25635.8,0.12229,0.11516,0.11152,0.10775421872123177,0.10454,0.10167,0.10004,0.09960412543623104,0.09944,0.09981,0.1019,0.10451,0.10799217009036452,0.11165,0.1871,0.1813,0.1748529351330725,0.16836,0.1615,0.154954927123313,0.1483,0.14255,0.13502,0.12908,0.12364,0.11828,0.11329,0.10781
14-01-2026 14:40,25660.55,0.11727,0.10852,0.10585160970876663,0.10285,0.10016,0.09882,0.09774039074677875,0.09656,0.09711,0.09738,0.09949,0.10216,0.10515,0.10935,0.1897,0.18509,0.17715,0.17051,0.16369,0.15701625103668293,0.15024368216826617,0.143542988662385,0.13687,0.13103914748355366,0.12521748413440204,0.11945,0.11436410196660396,0.10926
14-01-2026 14:45,25696.2,0.10274,0.09888,0.09841802409981582,0.09761819748806169,0.09661,0.09562,0.09465719692855101,0.09361,0.09452,0.09663898929057754,0.09877731156913208,0.10089945633177677,0.10308,0.10702,0.19234,0.18584,0.17971,0.17297,0.16607,0.16036,0.15297,0.14625244939896534,0.13961,0.13304,0.12740660391297495,0.12184,0.11678,0.11170116902988353
14-01-2026 14:50,25697.1,0.1088097618636493,0.10479,0.10023,0.09933,0.09631,0.09522718669315597,0.09436051156886313,0.0936,0.09423,0.09482,0.09688,0.09956495615540442,0.10241,0.10623,0.19216,0.18568,0.17935,0.17286,0.1656,0.15962,0.15293468793867765,0.14629,0.13967959816890566,0.13314,0.12776,0.12229889593296844,0.11689,0.11105
14-01-2026 14:55,25696.05,0.09894,0.09725444081373005,0.09485428166503881,0.09216,0.09177121453651056,0.09065,0.09068,0.09041,0.09135,0.09226,0.09483,0.09741,0.10123511812367902,0.10479,0.19065,0.18713,0.17834,0.17181356602040776,0.1652929287296491,0.15886,0.15208,0.14621,0.13941066049866024,0.13274,0.1271895548094561,0.1217,0.11692,0.11209115943049772
14-01-2026 15:00,25666.15,0.10545,0.10721,0.10359,0.10214,0.09894,0.09703,0.09589283696548724,0.09541,0.09563,0.09602,0.09841,0.10077,0.10414,0.10821,0.18941,0.18161,0.17703,0.17046,0.16314,0.1566967767123536,0.15014,0.14397,0.13713,0.13129665421947087,0.12537,0.11968,0.1144,0.10874
14-01-2026 15:05,25690.25,0.07851,0.09021,0.08915,0.09128,0.09116,0.09067,0.09081,0.09139,0.09267,0.09359,0.09631,0.09954966590472668,0.10261,0.10675,0.19082,0.1848584380405571,0.17908,0.17234,0.16507,0.15907,0.15263042803843604,0.14637,0.13923,0.13364,0.12816577970925916,0.12283,0.11837,0.11334
14-01-2026 15:10,25672.65,0.09847,0.09817,0.09722,0.09614012691508769,0.09517,0.0947,0.09444,0.09436,0.09494,0.09609,0.09852057175686456,0.10099,0.10445,0.10834,0.18913,0.18298,0.17669,0.16994135587385378,0.16318,0.15736,0.15017,0.14410082394619997,0.13802,0.13231,0.12719,0.12222039736374497,0.11733,0.11239
14-01-2026 15:15,25654.0,0.11178,0.10719,0.10592,0.10318792030749388,0.10052,0.09908,0.09815,0.09792504554245988,0.09775,0.0990209316138369,0.10062,0.10284,0.10571,0.11003,0.1885,0.18147,0.17584,0.16886,0.16139,0.15588,0.14943895908304503,0.14301,0.13577,0.13045180980018387,0.12509,0.11969,0.11511,0.11056017128839281
14-01-2026 15:20,25659.6,0.11563,0.1131,0.10901,0.10678,0.10388,0.10162,0.10026,0.09934,0.09887,0.10002568438618704,0.10162,0.1044409801944129,0.10748297021147235,0.11045,0.18926,0.18298,0.17657,0.16936,0.16209,0.15706,0.14917,0.14293107890897427,0.13668,0.13113,0.12554085590999806,0.11996,0.1153,0.11002
14-01-2026 15:25,25670.6,0.10588503280818098,0.10381,0.10346,0.10035,0.09914,0.0972,0.09624,0.09617,0.09556,0.09666,0.09979,0.10179,0.10403381314755704,0.10611638269654292,0.19156,0.184833566019205,0.17797,0.16772,0.1662,0.15985,0.15004,0.145,0.13928780371790353,0.13353,0.12719,0.12262,0.1184,0.11410782033936626
16-01-2026 09:15,25709.45,0.14811,0.13601,0.13172,0.12472,0.11844,0.11432,0.11076,0.10759,0.10617357204007076,0.10543223296661475,0.10516,0.10618,0.10852,0.11261,0.19829,0.19189,0.18628,0.17871010501620968,0.1716627428108734,0.16446697441512262,0.15732,0.15113,0.14345,0.13686,0.13085780632717925,0.12493,0.11912943815761395,0.11341
16-01-2026 09:20,25731.8,0.12249378030950958,0.11626,0.11251153070304287,0.10672,0.10463,0.10260042448755027,0.09945,0.09803,0.09773851089733031,0.09736,0.09879,0.1004,0.10317,0.10711,0.2002,0.19314,0.18643,0.17834224605857393,0.17063,0.16466,0.15804212125256534,0.15158,0.1445603954123919,0.1377,0.13216,0.126,0.12070279684794957,0.11561
16-01-2026 09:25,25713.95,0.13856,0.129510001951395,0.12231,0.11478,0.11059465692945754,0.10721,0.10394,0.10164,0.09945,0.09887,0.09971,0.10126440879424017,0.1032,0.10493663334814343,0.19718,0.19095,0.183,0.17458,0.16717,0.16118,0.15412,0.14773,0.14128914316384353,0.13493763856325558,0.12856,0.1223,0.11729,0.1114
16-01-2026 09:30,25717.25,0.12074,0.11467,0.10708,0.10591076648716641,0.10414,0.10136008060192256,0.09836,0.0972205241308326,0.09593287306543467,0.09457,0.09555,0.09727,0.09987,0.10408,0.19539309929906723,0.18833,0.1813,0.17333,0.16636,0.15968625552281057,0.15300557476617596,0.14636,0.13917,0.13305,0.12774,0.1223238416384187,0.11695,0.11151732812726603
16-01-2026 09:35,25703.5,0.12154,0.12388,0.11176,0.10671,0.10359,0.10087,0.09855,0.0969,0.09574,0.09533,0.09651,0.0993010988984223,0.1020694551023151,0.10491,0.19475,0.1872,0.1815,0.1742830809062524,0.16714698013136622,0.16004,0.15277,0.14565,0.13886,0.13325,0.12740388862571253,0.12168,0.11707,0.11233521156600379
16-01-2026 09:40,25700.0,0.14571,0.13989,0.1281,0.12149,0.11634,0.11163,0.10743,0.10397539089383698,0.10102,0.09973,0.09978,0.10071,0.10264,0.10461944821932775,0.1957,0.18768,0.18089,0.17314,0.16645876813183025,0.15977930994794468,0.15311,0.14438,0.13719,0.13049,0.1244,0.11798,0.11307,0.10711
16-01-2026 09:45,25718.5,0.13848,0.13252,0.12612619304513725,0.12012,0.11514,0.11078,0.1061,0.1033,0.10191871572132159,0.10053792656627841,0.09937,0.10053,0.1021,0.10583,0.19647,0.18979673513031348,0.18317,0.17508,0.16795,0.16145,0.15485,0.1467377751595865,0.13866,0.1313,0.12539983167283672,0.1194557592136414,0.11363,0.1077
16-01-2026 09:50,25745.0,0.13175,0.12499,0.11837,0.11484085092980277,0.11044042716391766,0.10694734770226028,0.10272942205542208,0.09899,0.09754686538025072,0.09574,0.09639277141097441,0.09708,0.09913,0.10256,0.19912,0.19260187818100505,0.18614,0.17893,0.17177906094354264,0.16483,0.15817,0.14905,0.14158,0.13425,0.1278,0.12165786426580416,0.11573,0.10952
16-01-2026 09:55,25750.1,0.12116,0.12027459085132784,0.11348889402222215,0.110492695848709,0.10247,0.10229942224884668,0.09694,0.09638283240729324,0.09541256123770418,0.09265,0.09316,0.0946,0.09695295859078776,0.09866254627568388,0.20054026755573207,0.19348,0.18644861499345614,0.1794,0.17240346253514766,0.16556,0.15846,0.15047206169113328,0.14261,0.13492,0.1286,0.12247227980363347,0.11652312471552854,0.11059
16-01-2026 10:00,25740.5,0.14949,0.14199,0.13182459448453537,0.12292,0.11662,0.11173,0.10763,0.10461032369214533,0.1019687255948524,0.09937,0.0992,0.10044,0.10172582613664541,0.10294495866807368,0.2,0.19269,0.18597630796127151,0.17918,0.17187,0.16518,0.15801,0.14887,0.14153,0.13353,0.12685,0.12,0.11433,0.10793
16-01-2026 10:05,25754.15,0.14244,0.1307,0.12569,0.11996,0.11346,0.10965411558885513,0.10556,0.10204,0.09952,0.09822,0.09824,0.09963,0.10127328469465888,0.1025355915221296,0.19997,0.19314,0.18658120191086766,0.17994453459380608,0.17338,0.16645,0.158318455656244,0.15018,0.14269,0.1349,0.12799,0.12135,0.11577,0.11016367188908326
16-01-2026 10:10,25768.1,0.15031,0.14081688864984646,0.13218,0.12358,0.11847741073157547,0.11277,0.10856,0.10474,0.10237,0.10123634379414151,0.0998,0.10087,0.1039087805890257,0.10645,0.20237,0.19593954499399993,0.18954,0.18223,0.17517,0.16822,0.16104,0.1521,0.14493,0.13691,0.13005467166798862,0.12319,0.11695,0.11015
16-01-2026 10:15,25809.45,0.17053,0.1584080657576048,0.14845,0.13976,0.13346,0.12639,0.12041,0.11533,0.11258,0.10915,0.10741,0.10778,0.10879,0.11139,0.20638492150759707,0.20007,0.19377,0.18647,0.17941,0.17247,0.16461367098294574,0.15669933983956566,0.14892,0.14084,0.13404,0.1272,0.12082,0.11367
16-01-2026 10:20,25841.8,0.15819,0.14716,0.13899,0.13187,0.12373,0.1192528898383591,0.11434,0.11109023984550681,0.10763,0.10463,0.10322,0.10351,0.10520449669127015,0.10678,0.21057981400303977,0.2039,0.19723,0.18991,0.1831,0.17617933909641745,0.16939,0.1614251495585753,0.15362,0.14545,0.13856786740329363,0.13178,0.12547,0.11796
16-01-2026 10:25,25852.75,0.16242,0.14949,0.13906407533614212,0.12939,0.12252,0.11715,0.11283,0.1087,0.10561891823652554,0.1027,0.10127,0.10126,0.10209,0.10456,0.2119,0.20486,0.19800672920733126,0.19119,0.1841552794954089,0.17714415781416915,0.17022,0.16149,0.15415714483330437,0.14685,0.14009,0.13271,0.12637,0.11887
16-01-2026 10:30,25857.6,0.15034,0.13945,0.13079,0.12498609638684602,0.11883,0.11293,0.10892,0.1052,0.10288,0.10016,0.0989,0.09916,0.09982,0.10275,0.21194,0.20495,0.19833,0.19135,0.1842291715581121,0.17715,0.1694802021679768,0.16177,0.15466,0.14751,0.1404936076567373,0.13347,0.12712,0.11996
16-01-2026 10:35,25863.75,0.14884448262958042,0.14056,0.13121,0.12583,0.11931584717465417,0.114,0.10955,0.10609,0.10326,0.10069,0.09935,0.10029397683898694,0.1014820940858947,0.10294,0.21288,0.2055,0.19870841952136267,0.19191,0.18501807625942276,0.1782,0.17108,0.16276,0.15562,0.14813,0.14179,0.1348915541735384,0.12811,0.12131315937409384
16-01-2026 10:40,25871.4,0.11897,0.11633,0.10899,0.10727,0.10349,0.10199,0.0993,0.09705,0.09528,0.094,0.09446359831327837,0.09435,0.09576,0.09883,0.21248549991817717,0.20618,0.1999,0.1929,0.18585125661749,0.17892,0.17202,0.1635,0.15638,0.14942214481155977,0.14258,0.13578217755526809,0.12916,0.12225
16-01-2026 10:45,25855.55,0.13501469292555077,0.13244,0.12971,0.12357,0.11755,0.11201,0.1082,0.1044,0.10165,0.09939,0.09839,0.09844,0.09942,0.10234,0.21222868384579305,0.20522,0.19823907495078813,0.19125,0.18446,0.17775,0.1700198030355009,0.16223,0.15496807919491515,0.14768,0.14126,0.13440631404824965,0.12765,0.12038
16-01-2026 10:50,25847.05,0.14577,0.13897,0.13034164374956397,0.12192,0.11503,0.11031,0.10605,0.10261,0.10005,0.09817,0.09713,0.09857841123664544,0.10007132570125397,0.10168,0.2108,0.20382,0.19754,0.19054,0.18314889591241545,0.17577869721274583,0.16845256978579584,0.16107,0.15390208871440123,0.14671,0.14015,0.13314,0.12674,0.11969
16-01-2026 10:55,25842.9,0.14318,0.1324,0.124153398923175,0.11551,0.11107,0.10684,0.10404240605577468,0.10114873476327976,0.09825,0.09702473526407396,0.09575,0.09636,0.09761,0.09901351037610966,0.21185540172963552,0.20448609913822116,0.19721,0.18991,0.18287,0.17618,0.16946,0.1609,0.15371,0.14662,0.14015,0.13329261427257377,0.1265,0.1194
16-01-2026 11:00,25831.1,0.14914,0.13790161137780813,0.12683,0.1186,0.11283,0.10897,0.10495,0.10159,0.0998651874284288,0.09802102617011817,0.09635,0.09695,0.09832,0.10148,0.20992,0.20217,0.19686,0.1892,0.1821,0.1756,0.16791743411971952,0.1602,0.15294,0.14593,0.13922,0.13240701039853736,0.12564967955480935,0.1189
16-01-2026 11:05,25828.0,0.15898,0.14145,0.13754,0.1275,0.11895,0.11351,0.10883,0.10513,0.10239,0.10034080802096924,0.09879,0.09902,0.09998,0.10281,0.2093,0.2023,0.1963,0.18895,0.18185,0.17453454475268448,0.16724876161465072,0.15993,0.15249,0.14534,0.13853,0.13165,0.12519,0.11877796483703232
16-01-2026 11:10,25825.7,0.13287,0.12163,0.11516,0.11241,0.10781,0.10493,0.10233431593348782,0.09914,0.09761025239742455,0.09583,0.09518,0.09622,0.09783,0.1011,0.20835,0.20105,0.1943352420632523,0.18761,0.18088,0.1747,0.16794,0.15954,0.15263,0.14559,0.13948,0.13255,0.12667,0.12009
16-01-2026 11:15,25823.0,0.1348,0.11791,0.11802,0.11308,0.10815,0.10492,0.10197037942779814,0.09876,0.09692,0.09503,0.09545348269046314,0.09583,0.09765,0.1011,0.20775,0.20065030092005404,0.19365,0.18588,0.17904,0.17256,0.16557,0.15775,0.1510147580679963,0.14429,0.13832,0.13183,0.12611,0.11987
16-01-2026 11:20,25813.0,0.1374,0.12177,0.12075,0.11476,0.10972,0.10533,0.1025,0.10031092489274267,0.09811921938571731,0.0959,0.09635592223579997,0.09673,0.0982,0.1015,0.20552853894331516,0.19854,0.19167299059438012,0.18476526873295634,0.1779,0.17119,0.16423,0.15643,0.14972,0.14286,0.13693,0.13067652389956044,0.12445,0.11825
16-01-2026 11:25,25811.55,0.14089,0.1292,0.12487,0.11889,0.11332,0.10936,0.10597,0.10248,0.1002,0.09808,0.09763,0.09839717196488425,0.09942,0.10261,0.20686,0.19845,0.19273,0.18494,0.17799956132411043,0.17108,0.16435,0.15612,0.14943,0.14258,0.1362409218413213,0.12987,0.12375780776828715,0.11761
16-01-2026 11:30,25823.8,0.15411,0.113,0.11435,0.10898,0.10573877067017058,0.102,0.09995,0.0975,0.09647,0.09487,0.09483,0.09594,0.09743,0.09909761414330359,0.20831,0.19913,0.19347,0.18572,0.17835,0.17154978710041405,0.16483,0.15688,0.15027,0.14366,0.13741,0.13085,0.12501,0.11873
16-01-2026 11:35,25810.0,0.12446,0.1195452022283388,0.11493,0.11061168205172323,0.10626,0.10419,0.10133,0.09905,0.09732,0.09597,0.09616017151958291,0.0965,0.09825,0.10142,0.20388,0.19723,0.19164,0.18424,0.17716,0.17024,0.16336,0.15606745040784575,0.14879,0.14201,0.13600713560878885,0.12997,0.12389,0.11763
16-01-2026 11:40,25806.75,0.1389,0.12465,0.11794,0.11222919662457727,0.10622,0.10315,0.10062,0.09812,0.09705,0.09621520702175212,0.09532,0.09634,0.09806,0.10154,0.2045,0.19813,0.1924,0.1843,0.1769,0.16997,0.16284255165091935,0.1557307605660007,0.14868,0.14202,0.13598,0.12931,0.12373,0.11758
16-01-2026 11:45,25794.7,0.14051,0.13091,0.12372184788367147,0.11682,0.1107,0.10674,0.10367,0.10097,0.09913,0.0973,0.0968,0.09763,0.09919,0.10272,0.20353,0.1979,0.19172,0.18358,0.17642,0.16943881981661738,0.16245,0.15443,0.14754,0.14069,0.13437,0.12782,0.12182775709335295,0.11579
16-01-2026 11:50,25794.65,0.14526,0.13098,0.12389,0.11744246278439634,0.1119,0.10766,0.10416,0.10134,0.09948,0.09772,0.0971,0.09817,0.09991,0.10361,0.20397,0.1976869605798644,0.19142,0.18361,0.17616,0.16921895747110727,0.16225,0.15425,0.14738,0.14055,0.13438,0.12772,0.12185,0.11541
16-01-2026 11:55,25797.25,0.11631,0.11333,0.10804,0.10403,0.10069,0.09881,0.09713,0.09555,0.09487,0.09344,0.09480273999185533,0.09565,0.09765,0.10157,0.20337,0.1978,0.19066220677609275,0.18355,0.17697,0.17019,0.16317,0.15567503841570351,0.14836,0.1416,0.13527124611050012,0.12902,0.12270742856424985,0.11647495563804622
16-01-2026 12:00,25774.5,0.15153007311479508,0.14442,0.13569,0.12757,0.12104,0.11543,0.11063,0.10685,0.1044,0.10161,0.10161869481335621,0.10162,0.10292,0.10615,0.20194,0.1949844891086293,0.1879949700352441,0.18098,0.17401169533407188,0.16691,0.15970672916044928,0.1524,0.14513,0.1386,0.1324752444730135,0.1262870073281715,0.12011,0.11355
16-01-2026 12:05,25790.15,0.14832840267188582,0.14723,0.14572,0.13608,0.12841,0.12167,0.11576,0.11161186063517689,0.10792,0.10457,0.10314,0.10357,0.10446,0.10716,0.20284382564900572,0.19612,0.18942,0.18174,0.17456516574173386,0.16733,0.16055,0.15322569463638058,0.14594,0.13939,0.13275988495722446,0.12604,0.11993638942130339,0.1138
16-01-2026 12:10,25810.95,0.15056,0.14548280029735333,0.14114,0.13138,0.12354,0.11753,0.11310133523616178,0.1085,0.10627218780338037,0.10379763960866499,0.1017,0.10199,0.10283,0.10549,0.20417,0.19712,0.19123,0.18259,0.17569,0.16842,0.16154,0.15399,0.14702,0.1405,0.1339713442232013,0.12742,0.12188,0.11633655442432475
16-01-2026 12:15,25821.3,0.13938,0.13234,0.12675,0.11879,0.11084,0.10838,0.10516512472971916,0.1012,0.0998470858326281,0.09792,0.0971,0.0978,0.09951,0.10262,0.20592,0.19919,0.19149348422096477,0.18384,0.17603,0.16828,0.16178,0.15432,0.1477294328056428,0.1412,0.13511056099689805,0.12906519355744994,0.1230096084655878,0.11702
16-01-2026 12:20,25815.75,0.14513,0.1334,0.12467303364399145,0.11959,0.11366154887769045,0.10936494354912372,0.10576,0.10238,0.1004,0.09856,0.09786,0.09855,0.09994,0.10298,0.20463,0.19798359733079265,0.19134,0.18306,0.17587,0.1685646099383842,0.1613,0.1542405002904044,0.14733,0.14068,0.13489,0.12881969890750158,0.12264,0.11623
16-01-2026 12:25,25811.0,0.07388,0.07556,0.07403,0.08059,0.0818,0.08406,0.08529,0.08605,0.08702,0.08707,0.08859,0.09116,0.09519194045335068,0.0983,0.20227256297303217,0.19641,0.19061,0.18234,0.17548,0.1685,0.16209,0.15520001830800872,0.14875,0.14289146420908766,0.1372480659212332,0.13181,0.12600589852989363,0.12040575030593526
16-01-2026 12:30,25738.6,0.15064,0.14403,0.13703,0.12998,0.12139,0.11635,0.11184,0.10782,0.10574,0.10304,0.10235,0.10337,0.1046,0.10804,0.19938880979697685,0.19115,0.18304,0.17546,0.16765,0.16045,0.15362958571938437,0.1465,0.140062637769041,0.1333,0.12759,0.12143,0.11626,0.11068
16-01-2026 12:35,25771.0,0.13271,0.11957,0.11999,0.11437,0.1116220492445397,0.10873621501954245,0.10586932660116327,0.1033093974305326,0.10032597249582875,0.09743,0.09828440360166124,0.09898,0.10074,0.10431,0.20273423928758977,0.1944036729568926,0.18619,0.17795,0.1699,0.16309,0.15609,0.14932,0.14276,0.13619,0.13039980500985018,0.12469,0.11993,0.11418
16-01-2026 12:40,25768.5,0.12121012704473151,0.11783,0.11523,0.11094,0.10513,0.10293,0.10049,0.09959388552520902,0.09773,0.09643,0.0967,0.09827,0.10039,0.10439,0.20181450647741467,0.19373,0.18564,0.17742,0.17032,0.16289,0.15638,0.14954,0.14292,0.13661,0.13136,0.12545,0.12058,0.11512
16-01-2026 12:45,25759.4,0.13574,0.12873,0.11727,0.11155,0.1062,0.10422671524963473,0.10183,0.1007895361523735,0.0989056644732512,0.09762,0.09773,0.09966624286458856,0.1015,0.10533,0.19968,0.1918,0.1840749967501137,0.17633,0.16985,0.16292,0.15605,0.14955,0.14262,0.13604,0.13029231367936395,0.1246,0.11957,0.11427
16-01-2026 12:50,25750.05,0.15113,0.1299,0.13151,0.12439,0.11706,0.1124,0.10845,0.10559,0.1031579611796588,0.10154,0.10175597771982431,0.10258,0.10427,0.10777,0.19893,0.19105,0.18448,0.17589,0.16936,0.1619546968617087,0.1545,0.14786,0.14082,0.13403,0.12818,0.12194,0.1167,0.11113
16-01-2026 12:55,25759.95,0.13098,0.11788,0.10878,0.10572816886604983,0.10147,0.10013,0.09889013691148223,0.09701,0.09661,0.09593,0.09607,0.09866,0.10065,0.10459,0.20021,0.19253805706791136,0.18499,0.1771,0.17085,0.16355,0.15686,0.14965,0.14307,0.13687413746726537,0.13093,0.12546500007231073,0.1202,0.11467
16-01-2026 13:00,25740.05,0.11584,0.11504,0.11099760473350596,0.1065,0.10353,0.10136,0.09962,0.09881291000720707,0.09796871372723061,0.09708,0.09784,0.09999,0.1022,0.10614,0.19810985116194407,0.19105,0.18404,0.17607,0.16912,0.16179,0.15459,0.1476,0.14118,0.1350935756629818,0.12917877377239484,0.12322,0.11839,0.11323
16-01-2026 13:05,25723.25,0.13718,0.12836998168646108,0.12073,0.11549,0.11086,0.10673,0.10355,0.10198,0.10077,0.0998,0.10027,0.10199,0.10432,0.10812,0.19679,0.18752,0.18262,0.17482348535716832,0.16707,0.15978,0.1526,0.14583,0.13886,0.13222,0.12679,0.12034,0.11544820816104254,0.11048
16-01-2026 13:10,25717.95,0.13076313632258804,0.12359,0.11648,0.11189,0.10762,0.10473,0.10199,0.10044,0.09986,0.09863,0.09951,0.10155,0.10385,0.10775,0.19595,0.18846,0.18113,0.17322,0.16633,0.15906,0.1519,0.14494,0.13801,0.13187,0.12626,0.12043,0.11581,0.11036
16-01-2026 13:15,25715.5,0.12546,0.12116,0.11565,0.1126,0.10896,0.10405,0.10187890829529941,0.09984,0.099,0.09983061532575586,0.10056170014518893,0.10146,0.10356,0.10763,0.19598660482530753,0.18828,0.18058,0.1731674919724331,0.16584,0.15805,0.15146,0.14411,0.1378354288924083,0.1315673055535685,0.12538,0.11965,0.11476,0.10943
16-01-2026 13:20,25705.4,0.12947,0.11802,0.11258,0.10834,0.10583584384246415,0.10232,0.10035,0.09896,0.09863,0.09910735856249338,0.09917,0.10128,0.10405,0.1082,0.19409,0.18625,0.17938,0.17117,0.16438,0.15734369087661473,0.15032,0.14401,0.13719,0.1312492501028348,0.12549,0.11984,0.11567,0.11140481094817385
16-01-2026 13:25,25670.15,0.1388098111381627,0.1328813257229852,0.12849,0.12243772613801389,0.11803,0.11384,0.11004825506106546,0.10745,0.10562,0.10372,0.10444,0.10609,0.1075320747861401,0.10931339201841003,0.19162,0.18423336219447056,0.17675,0.16848,0.16129,0.1545539625718313,0.14775422717010941,0.14091,0.13484,0.12774,0.12256,0.11649,0.11182,0.10669
16-01-2026 13:30,25701.15,0.1265326625624995,0.12167,0.11776,0.11068,0.10665,0.10372,0.10152,0.10011,0.09928,0.0984,0.09946,0.10177,0.10453,0.10864,0.19291,0.18635,0.17820070351613454,0.17016,0.16342890244135289,0.15684,0.1500341309189542,0.14324,0.13718,0.13102,0.12596,0.12082533864422597,0.11581293125852729,0.11092
16-01-2026 13:35,25687.3,0.14434,0.13011,0.12208,0.1175851981185764,0.11418,0.11021,0.10674,0.10463,0.10289,0.10239396771657854,0.10239,0.10459,0.10767369225998887,0.11112,0.19179,0.18521,0.17755,0.169,0.16225,0.15562,0.14886952851484017,0.14212211454778156,0.13532,0.1298,0.12427,0.119185356566414,0.1141,0.10873
16-01-2026 13:40,25701.3,0.1275231803384489,0.12075765883708034,0.11376,0.10739,0.10685,0.10394,0.10172,0.10086354949531856,0.09983168033170059,0.09871,0.100610219080188,0.10235,0.1049,0.10763461758679424,0.1943,0.18650002586057807,0.17877,0.17057,0.16381,0.1569,0.15027,0.143945383147373,0.13759,0.13179266487039082,0.12613,0.12059,0.11633,0.1111
16-01-2026 13:45,25699.7,0.1373,0.13042,0.11779,0.11529,0.10943,0.1053,0.10285,0.10143,0.10042,0.09952,0.10051,0.10286,0.10561,0.10982,0.1942,0.1864362990474383,0.17866,0.1705690523995615,0.16244,0.15595,0.14943,0.1431390333778449,0.13674,0.13033,0.12474,0.11878,0.11483,0.10907
16-01-2026 13:50,25712.85,0.096,0.09541,0.09935,0.09913,0.09681,0.09661,0.09558,0.09588629487516909,0.09585432612181609,0.09559,0.09745,0.10022,0.10331,0.10789,0.19489,0.18785,0.18054,0.17231,0.16487,0.15825,0.15232,0.14546,0.13945,0.13397424934134874,0.12872,0.1229,0.1191,0.11438
16-01-2026 13:55,25689.85,0.12024,0.11693,0.11188,0.10916,0.1054,0.10316082540126745,0.1014,0.10011,0.09981,0.10004527410306178,0.10065,0.10302,0.10586,0.11021,0.19343,0.18636068332642766,0.17932,0.17,0.16331068641403423,0.15664157646537125,0.14998,0.1431,0.13705,0.13101,0.12583,0.12037,0.11569163411997575,0.11085
16-01-2026 14:00,25681.95,0.12937,0.1228,0.11186,0.10728,0.10449,0.10222,0.10041,0.09939,0.09902230674708554,0.09873,0.1004,0.10286,0.10605,0.11042,0.1928,0.1849,0.17867,0.16968,0.1625,0.15605,0.14951,0.1429063247596131,0.1363,0.13023,0.12524,0.1202765281210874,0.11538881531459112,0.11041414604495765
16-01-2026 14:05,25682.85,0.11697,0.10862,0.1064,0.10351309593425147,0.10009,0.09877,0.098077229635103,0.09708,0.0973,0.09828403476311877,0.09919,0.10199,0.10529,0.10988,0.19376,0.18657,0.17982,0.1717636701819301,0.16379,0.15719,0.15029,0.14367,0.13742,0.13134,0.12618,0.1206,0.11655,0.11155
16-01-2026 14:10,25684.7,0.12427,0.11599,0.11313,0.10944044174873464,0.10579,0.10318,0.10086,0.09999,0.09936,0.09903,0.10061,0.10323,0.10585601053916983,0.10857025135848819,0.19436,0.18752,0.18102,0.17225,0.16485,0.15764,0.15094,0.1441571075139731,0.13746,0.13112,0.12593,0.12005,0.11561,0.1111576428601276
16-01-2026 14:15,25676.95,0.1296,0.11748,0.11738,0.11247525009106148,0.10781,0.10494,0.10251,0.10111,0.10068,0.1001,0.10156,0.10398,0.10693,0.1114,0.1929,0.18651,0.18004,0.17128,0.16389,0.1569523485205746,0.15001,0.14276,0.136431140514328,0.13007,0.12489,0.1195954589948786,0.11431,0.10882
16-01-2026 14:20,25689.4,0.13376,0.12117,0.11415,0.11165,0.10693,0.10432,0.10156,0.10039,0.0997256050791656,0.09924,0.10062,0.10322802217496327,0.10594,0.11044,0.19482,0.1876,0.18081,0.17175,0.1645562101861785,0.15734,0.15051,0.14377,0.13728,0.13077,0.1252167374704286,0.11961,0.11523,0.1108084449364571
16-01-2026 14:25,25707.1,0.10563,0.10337,0.09999,0.10065624022652293,0.09989,0.09852,0.09679,0.09635,0.09596,0.09605,0.09786,0.10066,0.10379,0.10712221669365132,0.19591,0.18939825163556767,0.18305,0.17365,0.16691,0.15974,0.15263,0.14607,0.13954,0.13287,0.128,0.1225522609293829,0.11732,0.11192587310134491
16-01-2026 14:30,25688.2,0.1291,0.12584,0.11783,0.11225,0.1086,0.10543,0.10269,0.10131,0.10008,0.0997,0.10106,0.10349313530868566,0.10627,0.11062,0.19325225185772157,0.18678,0.18041,0.1717,0.16468,0.15749536454862845,0.15022,0.1435,0.13669,0.13054,0.12518,0.11931,0.11504,0.10955
16-01-2026 14:35,25708.0,0.0988,0.10434986593752961,0.10769,0.10343,0.10132,0.09913,0.09727,0.09683214259190907,0.09596,0.09779870390705767,0.09953206499787173,0.10121929089482505,0.103,0.10504483062460432,0.19562792712405724,0.18888,0.18215,0.17312,0.16617,0.15883,0.15184,0.14478,0.13916,0.13226,0.1269739370969452,0.12173758537342734,0.11655676164692849,0.11142
16-01-2026 14:40,25706.4,0.13025,0.11776,0.11254,0.10775,0.10445,0.10217,0.10014381899709485,0.09848,0.09765,0.09744,0.09866,0.10081,0.10407,0.10738194669086705,0.19508,0.18877,0.18134,0.17234,0.16511550352508064,0.15791,0.15124,0.14424,0.1378932586769248,0.13152,0.12614,0.12078512098944295,0.11546,0.10992
16-01-2026 14:45,25707.8,0.11305,0.11094271631065496,0.1079,0.1037,0.10174205744837672,0.09932,0.09747,0.09656,0.0962,0.096,0.09755,0.10094053280893743,0.10430099398293248,0.10763,0.19566,0.1878053099769992,0.179973564958301,0.1721450874350741,0.16439,0.15805,0.15116,0.14419,0.13795,0.13183,0.12668,0.12112,0.11601491039014916,0.11095
16-01-2026 14:50,25692.95,0.12547,0.11918,0.10981,0.1093,0.10592,0.10255,0.10015,0.09932,0.09851,0.09818,0.09941,0.10159,0.10482,0.10908,0.19487,0.18735696269516078,0.17988,0.17239577247590848,0.1649992330694188,0.15762182994835658,0.15028,0.14363,0.13705,0.1315109414683118,0.12599,0.12031,0.11583,0.11134919775075938
16-01-2026 14:55,25700.95,0.12225281176471756,0.11767827328555434,0.11405,0.10999,0.10680895909172453,0.10391141093843763,0.10106382707376521,0.09834,0.09736,0.09789,0.09887,0.1009,0.10365,0.1081,0.19471,0.18681,0.18024,0.17093,0.1636662777155416,0.15639,0.15009,0.14316,0.13697,0.13133,0.12612,0.12089050859473481,0.11571,0.11054
16-01-2026 15:00,25706.3,0.11793,0.10192,0.10295,0.10168051385713119,0.09969,0.09792,0.09651,0.09594,0.09545,0.09534,0.09684,0.09922,0.1025,0.10705,0.19519,0.18809,0.17974792990262314,0.17142,0.16433,0.15744,0.15132,0.14473,0.13875,0.13248,0.12741263511353768,0.12237516061595345,0.11743,0.11238
16-01-2026 15:05,25694.05,0.11281,0.1108,0.10746,0.10416,0.1024,0.09971,0.09806,0.09725,0.09693,0.09638,0.09825280364411947,0.10026,0.10341,0.1081,0.19419,0.18695266998267143,0.1797,0.17185340447910707,0.16408795921313604,0.15637,0.15045,0.14318,0.13737537082557075,0.13156,0.12665,0.12162056414299686,0.11665,0.11126
16-01-2026 15:10,25691.6,0.11496,0.11011,0.10436,0.103,0.10107663700695654,0.09867,0.09737,0.09678,0.09653,0.09608,0.09782,0.10012,0.1032,0.10803,0.19358,0.1861929211440334,0.17879,0.16985,0.16215,0.1559,0.14978,0.14276,0.137,0.13167349566957975,0.12639784051530006,0.12112,0.11638,0.11162460086262135
16-01-2026 15:15,25691.75,0.12581,0.1196122519776046,0.11411,0.10984727410924541,0.10641,0.10313,0.10126,0.09949,0.09940051143893511,0.09935729445998777,0.09963,0.10217199029164639,0.10484,0.10931,0.19400450707211547,0.18655,0.17919,0.16989,0.16267123640591832,0.15566,0.14936993994589415,0.1431221109850377,0.13686,0.1312906000549364,0.12597493863992193,0.12036,0.11532388756797385,0.11
16-01-2026 15:20,25695.9,0.12636,0.11841,0.11262,0.1085831445999143,0.10512,0.10249,0.10053,0.09913485166208678,0.09793,0.09850444246808995,0.09946,0.10206,0.10486856405113734,0.10782342428731584,0.19487,0.18688372817729113,0.1789245165512808,0.17096,0.1638799526436816,0.15688,0.15020633192947272,0.14363,0.13732102694534226,0.13107,0.12565927537450228,0.12023,0.11537,0.10972
16-01-2026 15:25,25697.65,0.12031,0.1104,0.1066,0.10453,0.09976,0.09915,0.09722,0.09583,0.09506,0.09531,0.09719,0.10021,0.10384238889438763,0.10761814215889938,0.19461,0.1898,0.18118,0.17114,0.16431,0.1551,0.14895,0.14256,0.13677,0.13126,0.12625,0.11962,0.11517,0.10954
19-01-2026 09:15,25549.65,0.14245,0.13519,0.12868675814536706,0.1244687046734171,0.1214,0.11899,0.11806,0.11711055389092749,0.11852,0.11961,0.12266,0.12615111746188254,0.13124362679919677,0.13657,0.20612,0.19843,0.1915,0.18321,0.17385,0.16623,0.15889,0.15008,0.14249,0.1361703625616435,0.12989,0.12429895207913859,0.1187,0.11346
19-01-2026 09:20,25596.45,0.08441,0.08932,0.09374,0.09633,0.09736,0.1003902512841931,0.1011,0.10234,0.10559,0.10994532770368917,0.11308,0.11716,0.12314004917024642,0.12876,0.21017,0.20166,0.19502,0.18657,0.17775,0.17067,0.16256,0.15405,0.1471421586065442,0.14047,0.13504,0.12996,0.12594,0.12153
19-01-2026 09:25,25570.45,0.1024,0.10142,0.10257,0.10340274831001664,0.10367052421099104,0.10460185368657887,0.10414,0.10522,0.10833,0.11270446203785754,0.11633416364438791,0.12016,0.1263845689066407,0.13211,0.20873,0.20057,0.19328,0.18469,0.17673,0.16852,0.16075,0.15247055842401316,0.14424,0.13812,0.13237,0.12696,0.1231,0.11855
19-01-2026 09:30,25544.4,0.1437,0.13407,0.12756412427907865,0.12442,0.11993,0.11696,0.11517752307673831,0.11492,0.11679,0.1189,0.12285,0.12687,0.13188,0.13655481099526937,0.2070083921224055,0.19894,0.19115312526627645,0.18313,0.17500884563247407,0.16681262395380816,0.15865011446849267,0.1504,0.14143,0.13439,0.12801973883408155,0.12151,0.11662,0.11102
19-01-2026 09:35,25579.4,0.09938,0.09619,0.09934,0.10112717604841734,0.10151989117740977,0.10124,0.102,0.10339,0.10655,0.10958,0.11457805607793603,0.11861,0.12437,0.13093,0.21264,0.20463,0.19773,0.18849,0.18053,0.17254,0.16418,0.15540566679310613,0.14696,0.13985,0.1339331589532846,0.12832,0.12423,0.11922
19-01-2026 09:40,25551.95,0.12474,0.12028,0.11453,0.11254,0.11043,0.10951944143411439,0.10928,0.1094,0.11187,0.11453,0.11912816220172819,0.12332803034892872,0.12803,0.13245893776744733,0.20806,0.20021,0.19271,0.18423706505623746,0.1757537260075543,0.1672,0.15913290453376175,0.15092293691318467,0.14289186665515902,0.13476,0.12888,0.12382145780446493,0.11862,0.11313
19-01-2026 09:45,25560.95,0.11745,0.11174,0.11006,0.10947,0.10771,0.10715,0.10706,0.10726,0.11016,0.11282,0.11703676152406782,0.12107,0.12643,0.13281,0.20898,0.20069011762040637,0.19246535244709953,0.18423,0.17651,0.16847,0.16008,0.15174,0.14344,0.13618,0.13053,0.12461,0.12019,0.1149
19-01-2026 09:50,25558.35,0.09813,0.10032566895331697,0.10203,0.10231,0.10235,0.10252,0.10324,0.1054807189265101,0.10771,0.11077,0.11549212627781712,0.12005,0.12593,0.13257,0.20877,0.20127836339138094,0.19383,0.18471,0.17721,0.16877,0.16055,0.1521,0.14406,0.13786567312258138,0.13179846624210756,0.12572,0.12158,0.11685
19-01-2026 09:55,25558.2,0.10221,0.10014,0.1013557495566565,0.10229,0.10223,0.10292496395477448,0.10338,0.10459,0.10823,0.11146,0.11594,0.1209,0.12709323125917624,0.13321,0.20929,0.20139,0.19461,0.18508,0.17753,0.16879,0.16056,0.15232,0.14407,0.1379032981818711,0.1319,0.12601,0.12211,0.11727
19-01-2026 10:00,25520.6,0.11102,0.10743,0.10734,0.10683,0.10585,0.10611648655506041,0.10601,0.1085898718399642,0.11123,0.1146,0.11929,0.12411,0.13013,0.13675,0.20707,0.19896,0.19193,0.18325,0.17535,0.16608,0.15777844206444264,0.14947,0.14123,0.13504,0.12974,0.1241,0.1195688311766163,0.11506
19-01-2026 10:05,25510.95,0.12493955522461962,0.12154,0.11737,0.11448233670013945,0.1124,0.11138,0.11069,0.11147,0.11459,0.11833486658590373,0.12233843230624722,0.12648,0.13215,0.13871,0.2057,0.19803,0.18988,0.18129,0.17407,0.16455,0.15632,0.14808147873005317,0.13978,0.13291,0.12711690930712746,0.12118,0.11689,0.11165
19-01-2026 10:10,25528.25,0.11377,0.11102,0.10945,0.10865,0.10732,0.1069,0.10676,0.10798,0.11157,0.11463,0.11918,0.12409,0.12999,0.13649,0.20871203951560233,0.20022,0.19168,0.18279,0.1744845256758294,0.1662,0.15796868731781502,0.14982,0.14134,0.13535,0.13002,0.12434,0.12024,0.11604256804233466
19-01-2026 10:15,25530.4,0.12141,0.11548,0.11096,0.10947570305188069,0.1083,0.10780042518096757,0.1075,0.1084,0.11225,0.11533,0.11987115999406127,0.12455,0.13037,0.13613510689798117,0.20674,0.19922,0.19156,0.18271,0.17448090584134665,0.1662,0.15765671853160304,0.14908,0.14128,0.13540963440579648,0.12954323080319968,0.12367,0.11966,0.1156183112909906
19-01-2026 10:20,25543.9,0.10527,0.10863,0.10872,0.10725021919072653,0.10618,0.10562,0.10593,0.10742,0.1109,0.1139,0.11814,0.12339980308329282,0.12856,0.13525,0.20859,0.2009328469214382,0.19336,0.18485603501355832,0.1765,0.16769,0.15962,0.15065,0.14289,0.13678,0.13111,0.1262,0.12128,0.11615
19-01-2026 10:25,25526.15,0.09784,0.10189,0.10260007593359381,0.10252,0.10243,0.10311,0.10435,0.10618,0.11058,0.11450956715238216,0.11839,0.12352,0.1286887133648634,0.13387027460650583,0.20783,0.20095,0.19232,0.18335,0.17583,0.16711,0.15904,0.15084,0.14335,0.13761,0.13253,0.12716,0.12338,0.1189
19-01-2026 10:30,25515.7,0.11207,0.11108,0.10904,0.10873,0.10713,0.107,0.10726,0.10887,0.1126,0.11579,0.12044121575272823,0.12525,0.13067,0.13722,0.2086969911399272,0.1999730740056665,0.19129,0.18263,0.17446,0.16575,0.15768,0.14928,0.1436516054986806,0.13806740265401535,0.13249393882280072,0.12697861816297035,0.12146,0.11627
19-01-2026 10:35,25513.9,0.11000981035156171,0.10845,0.10764,0.10713,0.10687,0.10626,0.10705,0.10863,0.11265,0.11595,0.12018,0.12548957521838328,0.13066,0.137,0.20492380552969577,0.19815,0.19151,0.18248,0.17431,0.16585,0.15774,0.14968,0.14227,0.13696406644983844,0.13161090440418902,0.12639,0.12211001175803089,0.11797
19-01-2026 10:40,25500.4,0.12671,0.12105,0.11736897717355861,0.11492,0.11304,0.1119900051809831,0.11166,0.11259,0.11596,0.1186,0.12238,0.12702,0.13226,0.13833,0.20517785662572477,0.19711344738207784,0.18913964045596685,0.18111,0.17319,0.16441,0.15625,0.14777,0.14052,0.13484008897808467,0.12906,0.12365,0.11946,0.11466
19-01-2026 10:45,25525.55,0.11111,0.10924,0.10772,0.1078,0.10735143766751014,0.10635,0.10664,0.1084,0.11199,0.1149,0.11952706833779321,0.12381,0.12913,0.1355,0.20887,0.20024,0.19181880229065779,0.18344,0.17591,0.16744,0.15888,0.15089,0.14323,0.13783171918927303,0.13255,0.12684,0.12298,0.11823
19-01-2026 10:50,25515.9,0.12248710369693246,0.11866,0.1148,0.113,0.11051,0.10984,0.10947,0.11058,0.11388,0.11648,0.12099825243426257,0.12544,0.13063,0.13669,0.20749,0.19889,0.19183,0.1828,0.17492,0.16565,0.15761,0.14864,0.14145,0.13566,0.1298,0.12429,0.11994,0.1156095443562061
19-01-2026 10:55,25526.35,0.13233,0.12637,0.12170105476814276,0.11808682413710797,0.1144,0.1118,0.11078,0.11257177743827429,0.11457881824141174,0.11657,0.12053,0.12501,0.12999,0.13624,0.20857,0.19956,0.19221,0.18345290579099038,0.17476451353891687,0.16603,0.15766,0.14926116148441326,0.14085,0.13438,0.12854,0.12257,0.11808,0.11313
19-01-2026 11:00,25550.1,0.12151,0.11932,0.11577188867491249,0.11367,0.11257654151601723,0.11118742082744563,0.11014025970977077,0.10928,0.11236,0.11481,0.1185,0.12324876534281842,0.12812,0.13295963412876338,0.21143,0.20275842532876412,0.1943,0.18508,0.17745,0.16863,0.16000058064992645,0.15139,0.14332,0.13704,0.13131,0.12541,0.12046,0.1154
19-01-2026 11:05,25561.85,0.10899,0.10138,0.10069,0.10252,0.10252313400625344,0.10169,0.10215,0.10318,0.10665,0.11075273083353858,0.11449,0.11959,0.12517,0.13184,0.21282030102368324,0.20390020014285618,0.19516,0.18634,0.17848507641472122,0.17074,0.16283,0.15487100771203605,0.14716,0.14106,0.13515,0.12992,0.1252198350266113,0.12077
19-01-2026 11:10,25540.3,0.11046,0.11083,0.10827,0.10789,0.10588,0.10491,0.10546986954914818,0.10638,0.10954,0.11268,0.11737,0.1223,0.12767,0.13403,0.20769,0.20022,0.19262,0.18414,0.17678,0.1684046457008582,0.16,0.15135,0.14463,0.138,0.13236,0.12694,0.12227,0.11743
19-01-2026 11:15,25533.8,0.10798,0.10731,0.1053,0.10503,0.1036,0.10349,0.10402,0.10558,0.10894,0.11228,0.11706,0.12214,0.12774,0.13422,0.2066,0.19961,0.19276,0.18385,0.17612,0.16777,0.16074763616422016,0.15380085631905419,0.14686549351243516,0.14001288034233286,0.13327,0.1281971658149049,0.12329,0.11826432680383046
19-01-2026 11:20,25513.75,0.12529,0.11862,0.11447142655555041,0.11329828984614597,0.11149365994383102,0.10981254525685441,0.109,0.10982,0.11303,0.11594,0.1204465214306698,0.12538856419164923,0.13082,0.13571427365349173,0.20476591601293725,0.19808,0.19148,0.18214,0.17411674808903327,0.16605286273014475,0.15801,0.1500934100585351,0.14218,0.13622,0.13042,0.12530450096115076,0.12023,0.11555
19-01-2026 11:25,25514.95,0.12155,0.1185968996018769,0.11532086645258079,0.11269,0.11016,0.10919,0.10884,0.10989,0.11307,0.11606,0.12056,0.12524,0.13056,0.13686,0.20677,0.19908,0.19201,0.18296,0.17563,0.16681,0.15861,0.1503,0.14252,0.13653,0.13071,0.1255959464004389,0.12058,0.11544
19-01-2026 11:30,25517.75,0.1164,0.11895,0.11447,0.11245902132945845,0.11014,0.10934230570995367,0.10842,0.10934,0.11251,0.11579,0.12019,0.1249,0.13011,0.13535877164910556,0.20709,0.1994,0.19234,0.1838304934411537,0.1754,0.16715,0.15874,0.15046,0.1435129166503649,0.13664,0.131,0.12571455679489024,0.12053607158821274,0.11537
19-01-2026 11:35,25523.55,0.13105,0.12514,0.11925,0.11609,0.11285,0.11088,0.11048794935923748,0.1104,0.11306603457856441,0.11588,0.11863184523989609,0.12146273606776756,0.12430816213210542,0.1272183867537392,0.20675,0.19932409938068416,0.19187,0.18327,0.17488,0.16705,0.15852,0.14979,0.1427094068571167,0.13564,0.12973,0.12382,0.119,0.11349
19-01-2026 11:40,25536.55,0.12496,0.12074,0.11594,0.11329,0.11037,0.10856,0.10765,0.10846,0.11115,0.11382,0.11815,0.12287,0.12793,0.13466,0.20794189767198468,0.20095,0.19398,0.18532437238940994,0.17675694184327986,0.16824,0.1598984229822068,0.151588032717078,0.14335,0.13701,0.1309,0.12512,0.12048,0.11581880882272033
19-01-2026 11:45,25537.25,0.11701,0.11709,0.11411759262771669,0.11106,0.10883,0.10754,0.10676,0.10777,0.11073,0.11367,0.11808,0.1229,0.12826,0.13492,0.20866,0.20064,0.19372,0.18477,0.177,0.16876494838468642,0.16057,0.15202,0.14431,0.13781,0.13158,0.1257,0.12097,0.11573
19-01-2026 11:50,25541.5,0.11352784647500201,0.11365,0.11364,0.1105,0.10792,0.1068,0.10637,0.1072,0.11035,0.11317,0.11783,0.12270716111520491,0.12762,0.13443,0.20815,0.20067,0.19268,0.18491,0.17719,0.16884,0.16039,0.15234,0.14517617483402634,0.13809,0.13205,0.12577,0.12127,0.11592
19-01-2026 11:55,25540.75,0.10867,0.10743,0.10536,0.10369,0.10266,0.10272,0.10312,0.10575990565166948,0.10829,0.11183,0.11682495648465796,0.12165,0.12697,0.13378,0.20666600734208887,0.2002,0.19379,0.18487,0.17745,0.16910019564861495,0.1608,0.15378681402534367,0.14681948359150104,0.13992747653490648,0.1331,0.12732,0.12284,0.11794
19-01-2026 12:00,25527.0,0.10974,0.10841,0.10674,0.10549,0.10385,0.10401,0.10449,0.10618,0.11004,0.114159380144959,0.11844,0.12351,0.12899,0.13445247607067362,0.2073,0.20016,0.19242,0.18348,0.17566545476875348,0.1678198689139816,0.1600117681293226,0.1522235941755887,0.14449,0.13836631666501054,0.13228,0.12672,0.12201111107696334,0.11728
19-01-2026 12:05,25522.1,0.11318130973214725,0.11073,0.10918953270356682,0.10737955476389616,0.10508,0.1055076429335945,0.10558,0.10727,0.11101,0.11523190063508358,0.11974574451500193,0.1243,0.12875273921756433,0.1336966636348658,0.20782,0.20024967415764255,0.1927,0.18434,0.17697,0.16887,0.16083370622327595,0.15282654348666114,0.14489,0.13817,0.13251,0.12657,0.12221,0.11694
19-01-2026 12:10,25521.0,0.12433,0.11889,0.11494,0.11236,0.11016397717642398,0.10817,0.10804,0.10903,0.1125,0.11537,0.11986,0.1248,0.13058471831370083,0.13657,0.20775,0.20054933907870717,0.19335,0.18459,0.17717,0.16903,0.16024,0.15184,0.14431,0.13714,0.131,0.1247,0.11998,0.11443
19-01-2026 12:15,25533.2,0.13678,0.12256,0.11838,0.11453,0.11132,0.10931,0.10839,0.10893,0.11202,0.1148,0.11916,0.12362,0.12856,0.13528,0.20755,0.20019800818067496,0.19279,0.1847902904850177,0.17679,0.16835617768489997,0.15986,0.15134,0.14366,0.13692,0.13042,0.12428,0.11911,0.11353
19-01-2026 12:20,25542.4,0.11411,0.10896890159221015,0.10266,0.10198,0.10102,0.10115,0.10161,0.10353,0.10747,0.11081,0.11603044718824285,0.12093,0.12651,0.13326,0.20883532544976266,0.20187,0.1949,0.18591,0.17898,0.1707,0.1619925761814311,0.15342,0.14596,0.13906,0.13334,0.12723,0.12264,0.1179605413621128
19-01-2026 12:25,25526.05,0.11773,0.11337,0.11022,0.10788,0.1059,0.10529503954789413,0.10506,0.10649,0.10989,0.11301,0.11802,0.12303,0.12859,0.1341129662784907,0.20778893593301287,0.20069,0.19363,0.18491,0.17726,0.16944,0.16091,0.15195,0.14452,0.13732,0.13175,0.12558,0.12117,0.11557
19-01-2026 12:30,25524.6,0.1156,0.11206,0.10926186320616256,0.10649,0.10471,0.10398,0.10478,0.10605,0.10988,0.11311,0.11825,0.12325,0.12894,0.13464176895532304,0.20828,0.20087111747889344,0.19352,0.18479,0.17714,0.16884290406852484,0.16056,0.1524332256895793,0.14437,0.13743,0.13158,0.12566,0.12068349882971811,0.11576
19-01-2026 12:35,25520.4,0.11317,0.11086969800047511,0.10806,0.10634,0.10473,0.10458,0.10512,0.10677,0.11044,0.11385,0.11905,0.12427,0.12963,0.13648,0.2079,0.20021,0.19313,0.1849865205236934,0.17692405246038415,0.16889,0.16037264221510822,0.15193,0.1447,0.13839305715278907,0.13223,0.12613,0.12144038113712127,0.1169
19-01-2026 12:40,25513.2,0.12541,0.11795,0.11543,0.11233,0.10978,0.10937614521355639,0.10932840256497897,0.10951,0.1127,0.11583,0.12062,0.12569,0.13152127212050518,0.13754,0.2074039846784576,0.19952,0.19169,0.18334,0.17599,0.16763,0.15912,0.14958,0.14208,0.13552,0.12947,0.12357,0.11899,0.11338
19-01-2026 12:45,25525.45,0.11245,0.11086,0.10752,0.10625,0.1046,0.10419,0.1049,0.10643,0.11053554821351692,0.11444038871782897,0.1183,0.12333,0.12943630442525147,0.13545,0.20849,0.20163,0.19299,0.18466,0.17734,0.16901,0.15942,0.15063,0.14358,0.13708,0.13145,0.12577,0.12132,0.11637
19-01-2026 12:50,25519.95,0.13225,0.12577,0.11927,0.11491,0.11157,0.10981,0.10898,0.11050894486821389,0.11256,0.11547,0.12006,0.12495,0.13004,0.13505880483391444,0.20688825997371096,0.19944,0.19209,0.18312,0.1752178834811411,0.16716,0.15768,0.14943,0.14178,0.13477,0.12875,0.12287,0.11815,0.11251
19-01-2026 12:55,25545.2,0.11676,0.11437,0.11059,0.10847,0.10618,0.10579905039100868,0.10519,0.10619,0.1094589161053896,0.11253,0.11723,0.12192,0.12727,0.13345,0.21005,0.20235118737597496,0.19547,0.18695984213079075,0.17924,0.17044456469106872,0.16153597510941348,0.15328782561294227,0.14532,0.13810139353584377,0.13208,0.12633,0.12177,0.11665600755011916
19-01-2026 13:00,25548.85,0.10962,0.11163,0.10938937923368719,0.10731,0.10575756412579033,0.10433,0.10439,0.10661559091216226,0.10896,0.11199,0.11681854303106494,0.12166,0.12697,0.1323019830776721,0.21235,0.20436785750523503,0.1964699188707893,0.18855,0.18082,0.17245,0.16327259430262162,0.15421,0.14696,0.14016476296434904,0.1335,0.1276,0.12278,0.11719
19-01-2026 13:05,25553.0,0.11105,0.1082,0.10615,0.10522,0.10357,0.10346510483430817,0.10356,0.10459,0.10837,0.11157,0.11633,0.12113,0.12647,0.13272,0.21327,0.20541,0.19782,0.18902,0.18215,0.17319,0.16354,0.15452,0.14711537827981952,0.1398,0.13362,0.12765,0.12291,0.11817669183569171
19-01-2026 13:10,25544.5,0.10337,0.10265,0.10198,0.1013,0.10012,0.10054,0.10159,0.1032,0.10731,0.11082,0.11608215663682245,0.12120817425488492,0.12627,0.13267,0.21444438217939657,0.20586974749056966,0.19734,0.18881,0.18155,0.17253,0.16415038150080644,0.15584635396698787,0.14759390974303344,0.13947,0.13366,0.12777,0.12327,0.11802
19-01-2026 13:15,25530.5,0.12054,0.11933,0.11433,0.11157,0.1088,0.10705,0.10705372736974375,0.10769,0.11106,0.11411,0.11878,0.12347,0.12873,0.13503,0.21156,0.20401,0.19485,0.18673,0.17924,0.17003,0.16063,0.1516,0.14386,0.13678,0.1306,0.12447,0.11935,0.11371
19-01-2026 13:20,25540.05,0.11095272962812709,0.10854,0.10704578046520176,0.1046,0.10267,0.10224,0.10289,0.10447,0.1084,0.11177,0.1165,0.12158,0.12702,0.13326,0.21433,0.20503,0.1966,0.18842,0.18086,0.17187,0.16281620035986702,0.15391,0.14603,0.13924,0.13354671641357949,0.12793166665732275,0.12236684935104605,0.11691
19-01-2026 13:25,25531.0,0.11509,0.11246343744066067,0.10990386467229254,0.10686,0.10463,0.10398,0.10429,0.10677848310893082,0.10936,0.11284,0.1177484013602558,0.12271,0.12805,0.13334925629029362,0.21303,0.20451803143511524,0.19606,0.18782,0.17992,0.17115,0.16142,0.15289,0.14481,0.13759,0.13151,0.12532,0.12011616032128569,0.11497
19-01-2026 13:30,25535.2,0.12707,0.12045,0.11491,0.11121,0.10838,0.10671,0.10689007717804588,0.10745,0.11038,0.11402142878585077,0.11785,0.12286156738364476,0.12795,0.13296840599816923,0.21217,0.20341,0.19546,0.18734,0.17957,0.17043922003169978,0.16126,0.15263,0.14467,0.1373,0.13107,0.12543407067497145,0.11976,0.11417809425205912
19-01-2026 13:35,25552.1,0.11146,0.11216,0.10796,0.10693,0.10432,0.10337,0.10342,0.1046,0.1082,0.11146,0.11618640680302074,0.1209,0.1267677972220752,0.13269,0.21298,0.20558,0.19688,0.18916,0.18172,0.17305,0.16397202085144788,0.15501,0.14706,0.13943,0.13343,0.12782901288326243,0.12225,0.11648
19-01-2026 13:40,25558.15,0.10084,0.10265176700229907,0.1026758800081856,0.10217,0.10183087788951206,0.10044,0.1025951763385994,0.1043865557845387,0.10605,0.10954,0.11444,0.11938,0.12445,0.1312,0.21455,0.20664,0.19828,0.18984,0.18241,0.17425,0.16413,0.15593,0.14815,0.1405,0.1344034552102442,0.12854,0.12393,0.11829
19-01-2026 13:45,25544.95,0.14487,0.13666,0.12756,0.12097512808280278,0.11614,0.11251,0.11062,0.11052,0.11243,0.11496,0.11903,0.12358,0.12837,0.13298340396683134,0.20948,0.20197,0.19316,0.18546,0.1781,0.16923395694523988,0.16012,0.15118,0.14295,0.13591118103444008,0.12862,0.12181,0.11596,0.11037575034811702
19-01-2026 13:50,25583.5,0.12838,0.12116,0.11673807586458224,0.11228,0.10902,0.10757585178893726,0.10557,0.10556,0.10766,0.11011,0.11465920800133494,0.11876,0.12347,0.12958,0.21282,0.20555468761397597,0.19832,0.18915,0.18128005837160502,0.17343,0.16467,0.15624,0.14823,0.14042,0.13434,0.12716,0.12208,0.11704889963000811
19-01-2026 13:55,25602.3,0.1106,0.1098,0.10677,0.104,0.10442579749010457,0.10447827314021382,0.10406746880653671,0.10410138031987397,0.10419,0.10667,0.11129054494566784,0.11533,0.12046,0.12655,0.2172,0.20913,0.20067,0.19324,0.18519,0.17687,0.16751,0.15912345855885296,0.1508442241920215,0.14258,0.136,0.12898,0.12389,0.11756
19-01-2026 14:00,25605.6,0.12322,0.12106035687112321,0.12019,0.11659,0.11217,0.10884,0.10813702499613417,0.10784806234888757,0.10793,0.11006362528015332,0.11282,0.11712,0.12165,0.12738,0.21757,0.20907,0.20144,0.1935296002870246,0.18558,0.17699,0.16718,0.15838,0.14985812732769477,0.14124,0.13488,0.1275,0.12188,0.11534
19-01-2026 14:05,25625.95,0.12169,0.11189,0.10779515884201284,0.10345,0.10222,0.10043,0.09994,0.09999,0.10203,0.10432,0.10822,0.11282,0.11773,0.12281194922390622,0.21754157285968645,0.21071,0.20395,0.19544,0.18731421245046853,0.17924,0.16971,0.1610300568018676,0.15254,0.14421,0.13787,0.13055,0.1247151076700203,0.11896
19-01-2026 14:10,25615.15,0.10199013540390665,0.09995,0.09965,0.09834,0.09748,0.09712,0.09703,0.0976,0.10044,0.10409237265706532,0.10738,0.11256,0.11777,0.12431,0.22004,0.21226,0.20365,0.19573,0.18818,0.17891,0.16981085919802638,0.1607802247173128,0.15187,0.1439,0.13771,0.13078,0.12572,0.12062534494223613
19-01-2026 14:15,25589.9,0.13766,0.13118,0.12342,0.11812,0.11379,0.11051,0.10828,0.10703,0.10803,0.10946,0.11277,0.11743,0.12247271177962012,0.12803,0.21581971496386831,0.20806,0.20148,0.1933121920696726,0.1853029250364011,0.1762,0.16675,0.15795908714783533,0.14877,0.14178775212716166,0.13467353592167727,0.12657,0.12068,0.1156644429687884
19-01-2026 14:20,25610.85,0.11315,0.11321,0.10957,0.10694,0.10476,0.10277,0.10219443398932601,0.10149,0.10361274352848172,0.10535,0.10893,0.1136,0.11863,0.12504,0.21923,0.21064,0.2033,0.19293,0.18535113196185146,0.17771,0.16863,0.15997475487417664,0.15143,0.14296,0.13683,0.1295,0.1243,0.11837
19-01-2026 14:25,25607.6,0.10579,0.10267,0.10032,0.10001,0.09933,0.09894269063525259,0.0982,0.09986134801600874,0.10156619830525745,0.10301,0.10743,0.11224,0.11779,0.12342511804409856,0.21751,0.21036,0.2018588024373333,0.19334,0.18599,0.17685,0.16782,0.15877,0.15127,0.14339,0.13723,0.13016,0.12514,0.12008209634616339
19-01-2026 14:30,25603.8,0.12084,0.11134,0.10881,0.10532,0.10358,0.10147,0.1003,0.10042,0.1026,0.10453,0.10834,0.1135,0.11882,0.12533,0.21718,0.20826,0.20189,0.19355847681937494,0.18532,0.17649490578594762,0.16768,0.15837,0.15067,0.14337629018799672,0.13616208332162905,0.12894,0.12348950492715374,0.11796
19-01-2026 14:35,25599.55,0.12345,0.12152,0.11567,0.11125,0.10814,0.10541,0.10413782281128015,0.10339,0.10504,0.10749086712377763,0.11035,0.11559317901449438,0.12098426756627272,0.12651,0.21526174502247228,0.20833,0.2015,0.19188,0.18429,0.17567172929899974,0.167,0.15792,0.15039,0.142,0.13561,0.1285,0.12273123421428367,0.11684
19-01-2026 14:40,25614.95,0.11238962461533149,0.10885,0.10565,0.10395,0.10221,0.10078,0.09969,0.09987,0.1021,0.10379,0.10764,0.11244,0.11784,0.1245,0.21837,0.20946,0.20131826989910798,0.19316,0.18627,0.17748502213859718,0.16874,0.1597,0.15185,0.14459298126030573,0.13747,0.13037,0.12507,0.1193
19-01-2026 14:45,25620.55,0.11037,0.10708,0.10642,0.10373,0.10236,0.10072,0.10037611514285034,0.10005,0.1019447297319727,0.10383,0.10731,0.11241,0.1174,0.124,0.21897,0.21111837931555766,0.20335,0.19492293588300064,0.18659,0.17784,0.16919785812511268,0.16058,0.15233433468639723,0.14412,0.1374120738110202,0.1307,0.12563,0.11969
19-01-2026 14:50,25623.15,0.1085,0.11035,0.10789,0.10536,0.10345,0.10200757520780458,0.1008,0.10025,0.10186,0.10386,0.10726,0.11208,0.11747,0.12387,0.22025,0.21127,0.2030817505574377,0.19481,0.18690398911083453,0.17899,0.16996,0.16139821751638989,0.15287,0.14462,0.1383,0.13097,0.12523,0.11952147465513581
19-01-2026 14:55,25624.2,0.10733,0.10480250657599073,0.10301803979353025,0.10127,0.09954,0.09874,0.09781,0.09807,0.10068676223332705,0.10305656612775192,0.10572,0.11066,0.1161,0.123,0.21992289678267712,0.21316,0.20647,0.19636,0.1889,0.17969,0.17102357171479968,0.16236,0.15414,0.14574,0.13925,0.1319,0.12646,0.11994
19-01-2026 15:00,25629.95,0.07571,0.08335,0.08974,0.09084,0.09154201732573151,0.09157,0.092,0.09314,0.09605914060017516,0.09833,0.10272,0.10854905473393064,0.1141,0.12154,0.22197,0.21378,0.2071,0.197,0.19015,0.18131305581510207,0.17272,0.16368,0.15576,0.14772,0.14142,0.1343,0.12858992777087389,0.12304
19-01-2026 15:05,25604.15,0.09258,0.09554,0.09658,0.09568,0.09561,0.09517901200222813,0.09489,0.09552,0.09817825158231835,0.10054,0.10469,0.11057,0.1170849102278292,0.12372,0.21802,0.21013771857247038,0.20222,0.19224,0.18469,0.17621,0.16796,0.1595,0.15167,0.14429,0.13815,0.13117,0.12627,0.1205
19-01-2026 15:10,25595.95,0.09948,0.10101,0.10084,0.09878,0.09738,0.09655,0.09645754511087602,0.09673,0.09952,0.10286087219448779,0.10649,0.11201,0.11776,0.12506,0.21773,0.20871,0.20256,0.19348050741667464,0.18448,0.1765991523219479,0.16875,0.16006,0.15216,0.14468,0.13834551095433067,0.13201,0.12721,0.12057
19-01-2026 15:15,25590.9,0.07844,0.08367997671368273,0.08767742659055985,0.09114,0.09153,0.09184,0.09221,0.09384,0.09699,0.10038,0.1058389671501239,0.11103,0.11673,0.12435,0.21822,0.20996,0.20319,0.19338,0.1851279914249591,0.17701,0.1693557750784096,0.161800402899037,0.15424083836044966,0.1467493393442103,0.1394,0.1332,0.12822,0.12252
19-01-2026 15:20,25561.25,0.0970780622365209,0.09787,0.09795,0.09701,0.09614,0.09589,0.09633079289091029,0.097,0.10062,0.10386,0.10847,0.11473,0.12078781052818206,0.12709743169373341,0.21484,0.20616,0.19979,0.18962,0.18234,0.17327,0.16539,0.15726837930902648,0.14912,0.1416,0.13589,0.12968,0.12511,0.11944
19-01-2026 15:25,25558.3,0.09554,0.09861,0.09696,0.09634,0.09561,0.09436,0.0949340942036241,0.09501,0.09899,0.10247,0.10776,0.1142363621279386,0.12024,0.12882,0.21267,0.20797,0.19916,0.18901,0.18177,0.17369609480843995,0.16562501601234123,0.1576,0.14997,0.14329368245417987,0.13666,0.13105,0.12566,0.12062
20-01-2026 09:15,25559.3,0.10851850509819452,0.10782,0.10653,0.10436361802287447,0.10309,0.1019,0.1017,0.10278,0.10608,0.10934,0.11504108947574133,0.12139727512596385,0.12717305486755967,0.13346,0.21699,0.20836075594834164,0.19977079348043233,0.19124288879253032,0.18281,0.17515,0.16686716132707172,0.15866,0.15154616008156271,0.14448,0.13891,0.13211,0.12705,0.12128
20-01-2026 09:20,25552.55,0.08571042369693195,0.08687,0.09025295825979474,0.09165297066110602,0.09326,0.09455,0.09690737381228803,0.0986,0.10298,0.10721,0.11258,0.11943779692892006,0.1258,0.13264616867446227,0.21479949646065427,0.20639,0.1979565853428796,0.18967,0.18249,0.17475,0.16647,0.15859,0.15205,0.14593141934789344,0.14001,0.13427,0.12977,0.12469
20-01-2026 09:25,25506.85,0.10561,0.10672,0.10548124279016068,0.10338,0.10249,0.10253,0.10265,0.10513,0.10934,0.11327,0.11882,0.1255,0.13235,0.14021,0.2123,0.20342542319953352,0.19446,0.18606,0.17821,0.17054,0.16225,0.1547,0.14799,0.1406,0.13579,0.13023,0.12533369397465047,0.12043
20-01-2026 09:30,25488.8,0.11948,0.11639,0.11324,0.11045,0.10868,0.10780213179879017,0.10704,0.1092,0.11322,0.11762532316243789,0.1223,0.12891343405209557,0.1357,0.14346,0.21217,0.20265119553051775,0.19305,0.18456,0.17625,0.16882,0.16048107937583822,0.15211,0.14485,0.13766,0.13217306734386655,0.12653,0.12177,0.1169
20-01-2026 09:35,25481.8,0.10715813081830576,0.10612,0.10606,0.10502,0.10486,0.10618264760790921,0.10716646854974378,0.10807,0.11262,0.11688,0.12314276397054799,0.12934,0.13647,0.14437,0.21414,0.20424,0.195,0.18618,0.17789,0.16979,0.16114,0.15355666597319656,0.14609,0.13917,0.1344,0.12895,0.12492,0.12093
20-01-2026 09:40,25461.45,0.1239,0.12095,0.1183,0.115,0.11282,0.1114,0.11103,0.11387569180823383,0.11716,0.1222123793275674,0.12740586723033076,0.1328,0.1400587236344807,0.14751,0.21405310094567062,0.20484,0.19571,0.1867880601087165,0.17786,0.1694,0.16066,0.15234,0.14484,0.13754,0.13193,0.12643,0.1218526983759955,0.11715
20-01-2026 09:45,25463.25,0.11886,0.11763,0.11452,0.1125517758924923,0.11093,0.11004,0.10994,0.11251,0.11668,0.12084,0.1270302049520395,0.13342784228753554,0.13976,0.14772,0.21617,0.2068,0.19749,0.18816,0.17992,0.17097,0.16206,0.15357,0.14623,0.13888,0.13333795872145374,0.12791,0.12344,0.11877
20-01-2026 09:50,25462.3,0.10377868372560464,0.10359,0.10437,0.1047,0.10478,0.10524,0.10628,0.10976,0.11486,0.11966,0.12551,0.13248,0.13991,0.14806,0.21566,0.20717,0.19781,0.18879535435084013,0.17986,0.17141,0.16265,0.15482,0.14771,0.14109,0.13604419193327194,0.13128,0.12741,0.12341398078123937
20-01-2026 09:55,25459.95,0.12017,0.11734,0.11509,0.11309,0.11168,0.11066,0.11082,0.11301,0.11729,0.12141,0.12645,0.13352,0.13992,0.1482,0.21354,0.20425311112560238,0.19488,0.1860752154278426,0.17719,0.16798,0.15917,0.15126,0.14375,0.13703,0.1318,0.12653,0.12279760976183939,0.1189
20-01-2026 10:00,25467.2,0.12092489500976573,0.11817,0.11568834232480106,0.11298,0.11161,0.11114237013624752,0.11064,0.11255,0.11657347962849192,0.12051,0.1264229444548651,0.13244,0.13902,0.14695,0.21533,0.20586195989314368,0.19651,0.1877,0.1793,0.17022,0.1615,0.15279,0.14589901074291228,0.13910705235985799,0.13245,0.12718,0.12286,0.11927
20-01-2026 10:05,25465.6,0.12575,0.12217,0.11847,0.1155,0.11323,0.11169,0.11138,0.11299,0.11669,0.12142738699974849,0.12635527175518457,0.13143,0.13808,0.14481913986107536,0.21274,0.20373,0.19436,0.1854,0.17664,0.16787,0.15919,0.15038,0.14302,0.13565,0.1304,0.1248,0.1205,0.11612
20-01-2026 10:10,25484.8,0.1074,0.10682,0.10632,0.10583,0.10569,0.10526,0.10616,0.10868,0.11282,0.11673,0.12245,0.12917,0.13582,0.14268347439988002,0.21481,0.20536,0.19732,0.1883,0.18013,0.17126,0.16273,0.15463,0.14738,0.14062,0.13526,0.13049380109003006,0.12609,0.12136616176180927
20-01-2026 10:15,25468.6,0.12772,0.12327,0.11949,0.11605,0.11314,0.11173,0.11195637036489423,0.11295,0.11646,0.11995,0.12512,0.13136134208435865,0.13793,0.1461,0.21212,0.20321,0.1947515026585721,0.18619,0.17738,0.16858,0.16035,0.15144,0.14432,0.13723,0.1311,0.12532,0.12078,0.11595
20-01-2026 10:20,25485.6,0.11154,0.10884,0.10774,0.10619,0.10572,0.10585827965274683,0.10573,0.10814,0.11215194481453619,0.11595,0.12138,0.12801,0.13389,0.1418,0.21395,0.20507,0.19666,0.1879660721491597,0.17934,0.1703,0.16192,0.15335,0.14566,0.13856,0.13311,0.1275,0.12343,0.11945
20-01-2026 10:25,25487.25,0.10661,0.10795,0.10761,0.10587,0.10469,0.10423,0.10576772611966931,0.10713,0.11101,0.1149,0.12077262059023625,0.12653,0.1335809024026899,0.14058,0.2142564723033902,0.20576,0.19731,0.18871,0.17989,0.1711,0.16216,0.15401,0.14591,0.13965345624199205,0.13349,0.12787,0.12383678518798474,0.11984
20-01-2026 10:30,25478.75,0.11189,0.11147,0.10921,0.10813358774397086,0.10666,0.10746639184497207,0.10831662115666439,0.10901,0.11309,0.11659,0.12183,0.12783,0.13375,0.14165,0.21488,0.20579707004201866,0.196784138437063,0.18781,0.17961,0.1707455519948971,0.16191,0.15362,0.14602934436965512,0.13855,0.13287,0.12723,0.12353,0.1192
20-01-2026 10:35,25473.7,0.1290701904040259,0.12579,0.12049059749522466,0.1168,0.11332,0.11134,0.11109,0.11268760868618088,0.11489,0.11793,0.12257,0.12839,0.13405,0.14165,0.21389,0.20442,0.19551,0.18693,0.17812,0.16926544645208896,0.16038,0.152,0.14354,0.13683623609736834,0.13003,0.12406,0.11976,0.11477
20-01-2026 10:40,25492.55,0.10672,0.1075,0.10644,0.10503,0.10373,0.10351,0.10532100050115127,0.10662,0.1104830327514882,0.11392,0.11913,0.12533,0.13116,0.13874,0.21694,0.20647,0.19769649188542043,0.18906,0.18062,0.17156330129969202,0.16265,0.1537,0.14615,0.13932,0.1333,0.12777,0.12399,0.11969
20-01-2026 10:45,25480.45,0.11358,0.11198,0.11056,0.10835,0.10654,0.10603,0.10659,0.10920438295466278,0.11211,0.1154,0.12104629040636132,0.12682,0.1332209423295995,0.1398,0.21571,0.2057,0.19716,0.18776,0.17897,0.16961,0.161,0.15226,0.14411,0.13716,0.13185,0.12687067404116117,0.12186,0.11749
20-01-2026 10:50,25478.05,0.10456,0.10527296363087248,0.1052,0.10423,0.10371,0.10367,0.1047,0.10718,0.11123,0.11475,0.12084460898273881,0.12687,0.13248,0.14035,0.21519048866964838,0.20685,0.19856,0.18938450648263166,0.18033,0.17134,0.16222,0.15388,0.14507,0.13858,0.133,0.1275,0.12352,0.11934
20-01-2026 10:55,25465.4,0.11001,0.10914501750260953,0.10797712566689056,0.10717,0.10613,0.10588,0.10683,0.10981913314609501,0.11304,0.11638,0.12194,0.12796,0.1347643834477536,0.14169,0.21569,0.20598,0.19799,0.18832,0.17923881647345452,0.17018,0.16098,0.15396110325494256,0.14693914500141408,0.14001209880457757,0.13313691594302504,0.12627,0.12217,0.11789
20-01-2026 11:00,25459.55,0.10868,0.10789358425670811,0.10691,0.10551,0.10506,0.10499,0.10609,0.10852,0.11267,0.1165,0.12191,0.1283,0.13487,0.14197,0.21448883592962664,0.2054,0.1963855968514124,0.18736,0.17861,0.16953,0.1608597872391471,0.15227,0.14379,0.13738,0.1317,0.12624,0.12208,0.11829
20-01-2026 11:05,25453.55,0.11082,0.10903,0.10773612252959058,0.10640197334664615,0.10513,0.10492,0.10678705746805559,0.10871,0.11321,0.11702,0.12277,0.12940100580372949,0.13604,0.14342,0.2144746705483997,0.20524,0.19601,0.18708,0.17858,0.16914,0.1603781199431472,0.1516925416395831,0.14305,0.1366,0.13097,0.12559,0.12122,0.11696
20-01-2026 11:10,25452.35,0.11296765557699442,0.11093,0.1091,0.10713,0.10633786893927022,0.10565,0.10673,0.10914,0.11382,0.11773,0.12347,0.13009,0.1366,0.14428,0.21249,0.20293,0.19392,0.18522,0.17663,0.1674,0.15857,0.15045819652769304,0.14242,0.13592,0.13029,0.12555482626374737,0.1209,0.1166
20-01-2026 11:15,25445.65,0.12009,0.11523510685871939,0.11068,0.10879,0.1077085441680821,0.10679,0.10767,0.11018,0.11439,0.11865,0.12418,0.13069,0.13729,0.1449,0.21096129344370393,0.20226,0.19364,0.18416,0.17559,0.16644293444253952,0.15732,0.14903,0.14108,0.13499297687973102,0.12892,0.12356,0.11932998043708286,0.11507
20-01-2026 11:20,25449.95,0.11642,0.11418,0.11154,0.10934,0.10777,0.10775951204470566,0.10791,0.11005,0.11411,0.11805,0.12419592461020461,0.13031,0.13678,0.14464,0.21234,0.20231,0.19334,0.18431,0.17548,0.16635,0.15739,0.1492389132136895,0.14115,0.13428,0.12837,0.12298,0.11879,0.11461
20-01-2026 11:25,25447.1,0.12358795454884475,0.1201353192485798,0.11703,0.1135,0.11081,0.10991910225389924,0.10955,0.11127,0.11507,0.11956892074510768,0.12429,0.13025,0.13698,0.14503,0.21107,0.20205,0.19287914218655963,0.18367,0.17454,0.165468963335633,0.15634,0.14866,0.14012,0.13309,0.12699,0.12190402035474421,0.11676,0.11183
20-01-2026 11:30,25458.7,0.11421122911336981,0.11182,0.10942,0.1076,0.10639,0.10708794825912499,0.10800344240796926,0.10885,0.11306683235997127,0.1172,0.12297,0.12923,0.13594,0.14388,0.21286,0.2039850813284702,0.1952,0.18574,0.17668515273789553,0.16773,0.15875,0.15054,0.14234,0.13524,0.12935,0.12449077828801577,0.11971,0.11532
20-01-2026 11:35,25466.4,0.11355,0.11138,0.10887,0.10647,0.1051,0.10478,0.10551,0.10881729076149534,0.11214,0.11609,0.12192,0.12859191674360498,0.1352,0.141913218850317,0.21277510345573492,0.20421,0.19568,0.18664,0.17681,0.1678,0.15921,0.15068,0.1423,0.13516,0.12912,0.12373,0.11943,0.11498
20-01-2026 11:40,25461.5,0.12097,0.11629876918283012,0.112,0.10852,0.10679,0.10562,0.1063,0.1084,0.11251,0.11636,0.12252,0.12877,0.13566,0.14361,0.2118306682170349,0.20279,0.19385549553531495,0.184904262191704,0.17596,0.16727,0.1579,0.14947,0.14098,0.13459800331438923,0.12825609446441255,0.12192,0.11721,0.1125522466799544
20-01-2026 11:45,25463.2,0.12048,0.11557,0.11228,0.10909,0.10743214135300129,0.10589,0.10846529985182377,0.11116922446115368,0.11399076101002002,0.11682,0.12256,0.12889,0.13567,0.14366,0.21245,0.2036949527651644,0.19501,0.18563,0.17653,0.16721,0.15814,0.14966826390641577,0.14123,0.13391,0.12791,0.12175,0.11723,0.11238
20-01-2026 11:50,25474.5,0.11774,0.11478,0.11104939792281952,0.10766,0.10586,0.10535498584815557,0.10512,0.10724,0.11143,0.11565,0.12162,0.12840943936766916,0.1352,0.14297,0.21369,0.20379,0.19501,0.18616,0.17707276747320133,0.16797,0.159,0.15025,0.14267356772108356,0.13514351929060198,0.12763,0.12235923687295872,0.11707,0.11218
20-01-2026 11:55,25481.0,0.10771,0.103,0.10276,0.10132,0.10055,0.10028,0.10343723082149658,0.10635367468769272,0.10935,0.11412,0.12074,0.1275,0.13459,0.14305,0.21767115625736233,0.2079256354713752,0.1982286188390912,0.18855832712784734,0.17896,0.16935,0.16058,0.15217,0.14355,0.13664,0.13013,0.12432,0.12024,0.11575
20-01-2026 12:00,25467.5,0.09915,0.09916,0.09962,0.09945,0.09935,0.09996,0.10336547894848985,0.10640560379291893,0.10965,0.11489,0.12143,0.12857,0.13616,0.14475,0.2132383355270445,0.20503,0.19685,0.18735,0.1778,0.1687,0.16014335245448097,0.15162,0.144385479617963,0.13722808530133013,0.13011,0.1244,0.12066,0.11678
20-01-2026 12:05,25450.2,0.09507,0.09683,0.09809,0.09795,0.09876,0.09977,0.10296513429163803,0.1057,0.1111,0.11635,0.12323,0.13027,0.13801,0.14649,0.21282,0.20368,0.1954,0.18582,0.17652,0.16785,0.1592,0.15096,0.14268,0.1362569969698741,0.12987,0.12543943098099014,0.1211,0.11695
20-01-2026 12:10,25433.1,0.1132,0.11044,0.10853,0.10653,0.10577,0.10538,0.1068,0.10975,0.1145,0.11952,0.12627,0.13302,0.14059,0.14884,0.213,0.20233,0.19356,0.1843,0.17524684559580278,0.16616,0.15694,0.15024911668576277,0.14353562349566285,0.13689743868958099,0.13029898469890017,0.12374346558321911,0.11718,0.11337
20-01-2026 12:15,25439.15,0.10619,0.10565,0.10460748626519065,0.10336,0.10326,0.10351,0.10532,0.10852,0.11348,0.11845,0.12495,0.13179,0.13935592031895655,0.14682,0.2137,0.20348,0.19506,0.18538,0.17628,0.1669453553707222,0.1577,0.14957848399529472,0.14148,0.13493,0.12875,0.1233,0.1178652013646312,0.11250359613098328
20-01-2026 12:20,25436.4,0.10666223327329741,0.1054577023113571,0.10402,0.10292,0.10264,0.10513843286048997,0.10776473642315428,0.11035593616824167,0.11297,0.11805,0.12472,0.13187,0.13929,0.14763,0.21345,0.20383046370554056,0.19433296598454147,0.1848242842695037,0.17538,0.16608,0.15717,0.14894,0.14065,0.13405,0.12774,0.12213,0.1182,0.11411
20-01-2026 12:25,25423.6,0.1208,0.11588,0.11273,0.1099,0.10793,0.10784915286240468,0.10829,0.11071,0.11548624099796771,0.12048,0.12691,0.13422,0.14152,0.14968,0.20959266311040325,0.20144,0.19343,0.18337,0.17426,0.16461,0.15543,0.14757,0.13902,0.13232,0.12569,0.11981,0.1140852248367413,0.10829133136088992
20-01-2026 12:30,25431.55,0.10947,0.10791325292952739,0.10553,0.10408,0.10356,0.10387,0.10576,0.1087,0.11398055576730406,0.11914,0.12623,0.13368,0.14167,0.15026,0.21341021761226275,0.2036137646229553,0.19397,0.1843,0.17522,0.16558,0.1569,0.1486,0.14075,0.13438,0.12794,0.12148897831354408,0.11523688691779202,0.10890939162248352
20-01-2026 12:35,25423.05,0.1135135774064254,0.11162,0.10934,0.10759284923125924,0.10628,0.10749473049313228,0.1089478693494874,0.11054,0.11542,0.12063,0.1279060677793034,0.135240279462143,0.1426,0.15113,0.20961658840699465,0.20148,0.19346,0.18374,0.1743236871205078,0.1649,0.15614,0.14836,0.14033,0.13389,0.12714,0.12128,0.11715868583022877,0.11297
20-01-2026 12:40,25423.5,0.10643,0.10618,0.10567422342537923,0.10452,0.10418,0.1047,0.10697,0.11016,0.11521,0.12137645550704089,0.12754,0.13497,0.14277,0.15133,0.20989588579901822,0.20113,0.19245986606126916,0.18383,0.17468,0.1655406218622876,0.15647,0.14846,0.14157556967980384,0.13478348616783895,0.12806,0.12269,0.11854,0.11481
20-01-2026 12:45,25416.4,0.11852,0.11428,0.11149,0.10896,0.10773,0.10729,0.10892,0.11188,0.1167,0.12145,0.12829,0.13531,0.14295,0.1516,0.20841101957771963,0.19996,0.19164,0.18237,0.17329,0.1645177113919562,0.15575583774155632,0.14701,0.13937,0.13277,0.12663,0.12093,0.11667,0.11247924495376438
20-01-2026 12:50,25426.5,0.11311,0.11122,0.10906,0.10681,0.10638454511883115,0.10587,0.10744,0.11062,0.1152525594590748,0.11979,0.12662853872616775,0.13337,0.14056,0.14862,0.21124,0.202,0.1928,0.18391,0.1746240496975468,0.16542,0.15643,0.14851,0.14039,0.13381,0.12721,0.12141,0.1171,0.11314
20-01-2026 12:55,25428.95,0.1147,0.11217,0.10942212329047034,0.10689,0.10592,0.10607,0.10751,0.11028,0.11486,0.11946,0.1261,0.13324,0.14029,0.14881,0.21106,0.20141,0.19312,0.18387,0.17481,0.1652,0.15629,0.14784,0.13991,0.13364,0.12696,0.12171630595751662,0.11649,0.11241
20-01-2026 13:00,25428.55,0.11009,0.10856,0.1069,0.10542,0.1045,0.10516,0.10825636885676981,0.11138661805611888,0.11462,0.11955,0.12619,0.13349,0.14127419930745042,0.14912,0.21205,0.20311550284804983,0.1943,0.18527,0.17587934048471876,0.16656,0.15769,0.14962,0.14138,0.13494,0.12799,0.12204,0.11751,0.11299420299195607
20-01-2026 13:05,25423.7,0.11124,0.10916400122017235,0.10725813158815507,0.10539,0.105036084228433,0.1048,0.10666,0.1096,0.11432,0.11944,0.12623,0.13368,0.14102,0.1483871532813979,0.21158,0.20228,0.19419,0.18511,0.17568419399291552,0.16629,0.15714,0.14924,0.14094,0.13456,0.12772,0.122479777074612,0.11728,0.11361
20-01-2026 13:10,25424.7,0.1078,0.10677,0.10565,0.10431,0.10396,0.1043,0.10644,0.10939,0.11439599706855783,0.11943,0.12599,0.13342,0.14146150493993148,0.14945,0.21222,0.20243,0.1936609175416863,0.18492,0.17599,0.16618,0.15782738105919472,0.14959,0.14143,0.13472969687705938,0.12811,0.12231,0.11819611232952243,0.11415
20-01-2026 13:15,25413.05,0.1161928229628492,0.11396,0.11111,0.10903,0.1073,0.10742,0.10895,0.11184,0.11644912667384813,0.12138,0.12813317120124074,0.13515,0.14205,0.15068,0.2115,0.20247957586556423,0.19348,0.18399,0.17438,0.16511,0.15615,0.14777,0.14058549122112193,0.13339,0.12652,0.12166592508363798,0.11676662350226898,0.11188
20-01-2026 13:20,25432.95,0.10549,0.10521,0.10463,0.10332,0.10306,0.1045961300515189,0.10583,0.10895,0.11362,0.11973031349742115,0.12573390281022295,0.13176,0.13839,0.14622,0.21272,0.20298,0.19458,0.18595,0.17652159126892839,0.16723,0.15861,0.15051,0.14326161703429294,0.13619,0.12938,0.12385,0.11971922415677819,0.11571
20-01-2026 13:25,25422.0,0.11166,0.11031,0.10826,0.10659,0.10591,0.10591,0.10806900714335872,0.11048,0.11505,0.11937,0.12564,0.13239,0.13918,0.14686,0.2108405389897315,0.20228,0.1938,0.18466491567519702,0.17549,0.16598,0.15731,0.14858,0.14068,0.13423933606169852,0.12769,0.12213,0.11802373308123047,0.1139
20-01-2026 13:30,25415.05,0.10348,0.10326,0.10286,0.10234,0.10244,0.10378,0.10643,0.10968,0.11480659942033097,0.11975,0.12607,0.13332,0.14008,0.14774,0.21187,0.20201,0.19422,0.18478762175428534,0.17533,0.16572,0.15696,0.14927,0.14108,0.13483998851053386,0.12852,0.12387774144164718,0.11927,0.11595
20-01-2026 13:35,25392.3,0.10629,0.10578,0.10436,0.10439,0.10435,0.10572,0.10906901873095509,0.11231,0.11748,0.12272,0.12934,0.13666,0.14399,0.15221,0.21263,0.20288,0.19494,0.18565,0.1764,0.1668,0.15868,0.15101,0.14296,0.13658,0.13079,0.12511,0.12114,0.11709207289520429
20-01-2026 13:40,25365.4,0.1195,0.11614,0.11303,0.11111,0.10982,0.11059,0.11295,0.11636,0.12121,0.1265,0.13288,0.14036,0.14718,0.15527,0.20917322445636663,0.20149,0.19393,0.18288,0.17352,0.16381,0.15514,0.14686,0.13989798194020206,0.13282,0.1262,0.12081,0.1165945178285785,0.11217
20-01-2026 13:45,25372.15,0.11362,0.11193,0.10892,0.10755,0.10657,0.10757,0.11044,0.11415,0.11937,0.12474,0.13185,0.13917,0.14658,0.15474,0.21139,0.20267,0.19363553832200878,0.18461,0.17568,0.16583,0.157489361466884,0.14928,0.14232157408177507,0.13548,0.12896,0.12333,0.1187,0.11453
20-01-2026 13:50,25364.1,0.1178240294863549,0.11542,0.11255174819123533,0.11015,0.10898,0.10929,0.11172,0.1156,0.12132721120494439,0.12709155897807414,0.13298,0.14043,0.14763,0.15575,0.21097,0.20219,0.1931220957227991,0.18402282653906443,0.17498955711707825,0.16596498055824188,0.15701,0.1485803218924666,0.14016,0.13401,0.12738,0.12171,0.11726,0.11303
20-01-2026 13:55,25368.4,0.1186363011491181,0.11596,0.11280075883733222,0.11014,0.10968913937050467,0.10947,0.11184,0.11536,0.12047,0.12582,0.13258,0.13973,0.14713,0.15527,0.21065,0.20234,0.19506,0.18455,0.17557,0.16568,0.1571780665549299,0.14869,0.14079,0.13478,0.12791,0.1224,0.11736,0.11303
20-01-2026 14:00,25369.7,0.1151382726871658,0.11201,0.10893,0.10744,0.10673,0.10818,0.11086,0.11473,0.12021,0.12617381118821389,0.13214,0.1396,0.1468,0.15515,0.21334,0.20365,0.1959,0.1861165417458893,0.17643928270638887,0.16678,0.15798,0.14922,0.14073,0.13489,0.12906975771595708,0.1232854907195355,0.11753887553245218,0.11180681404405118
20-01-2026 14:05,25359.55,0.11410013174787652,0.11154,0.10917,0.10798,0.10734,0.10897,0.11175,0.11592,0.12161,0.1276368158710907,0.13384,0.1413,0.1496446690793136,0.15808,0.2122481819949642,0.20364,0.19509,0.18532,0.17684,0.16732,0.1586,0.14999,0.14228,0.13639,0.12966,0.12411,0.11977,0.11539319966826082
20-01-2026 14:10,25355.15,0.1183,0.11485,0.11245,0.11101529898930529,0.11,0.11168815897456805,0.11373,0.11751,0.12316,0.12981334568477718,0.1366958602981001,0.14360263561976147,0.15054,0.15889,0.21223,0.20319,0.19412825478086443,0.18513,0.17617631961689914,0.16724,0.15862,0.15037854073721327,0.14221,0.13597,0.12932,0.12429746632514453,0.11935804002215547,0.11436
20-01-2026 14:15,25366.45,0.11212319042123846,0.11021,0.10900106562120798,0.10745,0.10704,0.10866,0.11137,0.11521,0.12092019633156785,0.12634,0.13298,0.14063649523683855,0.14814,0.15582268561635979,0.21120033100473312,0.20194,0.19271,0.18421590361819964,0.17576,0.16672,0.15844,0.15112346104345067,0.14388736058804033,0.13675,0.13014,0.1253185665523111,0.12065,0.11665
20-01-2026 14:20,25356.3,0.12201,0.11807,0.11517851593074241,0.11293,0.11176,0.1130208174075684,0.1147,0.11805,0.12277,0.12807,0.13424,0.14166,0.14925,0.15679127305110974,0.21,0.20085,0.1926,0.18335,0.17458,0.16573,0.15718,0.14903,0.14153,0.13538,0.12847,0.12274,0.11845,0.11392
20-01-2026 14:25,25378.65,0.12105,0.117,0.11366103900328406,0.11102,0.10963,0.11063,0.11258,0.11674930955688617,0.121,0.12604,0.13239,0.13931,0.14648,0.15474,0.21293,0.2034,0.19521,0.18606201555488205,0.17705,0.1674,0.15813,0.14975,0.14259103875696252,0.13547,0.12861,0.12265,0.11805,0.11323
20-01-2026 14:30,25385.8,0.11073,0.10874,0.10760745867160218,0.10669355082475113,0.10555,0.10716,0.11032323093413701,0.11346,0.11864945801917429,0.12355,0.13016,0.13685,0.14357788797020948,0.1503104464026516,0.21419,0.20425,0.1954361741587822,0.18659,0.17846,0.169,0.16006,0.15221,0.14532936459700602,0.13853,0.1319,0.12654,0.12214,0.11784
20-01-2026 14:35,25374.45,0.10874,0.10747,0.10589,0.10523,0.1058465208921854,0.10647,0.10924,0.11288,0.11825404762775309,0.1233,0.12981,0.13681065725873384,0.14366,0.1516,0.21543,0.20562,0.19772,0.18902,0.17987,0.1709,0.16238,0.15404,0.1471066806789975,0.14024,0.13407138002601798,0.12795,0.12368,0.11927
20-01-2026 14:40,25356.7,0.11086977566578401,0.10881,0.10683,0.10640645706923313,0.10637,0.1082,0.11121,0.11492,0.12054,0.12572,0.13238,0.1394,0.14656,0.15455,0.2156277927728466,0.20743,0.19928,0.18959,0.18121,0.17213,0.16356,0.1549,0.1474,0.14077,0.13453,0.12876,0.12406,0.11977
20-01-2026 14:45,25345.55,0.11529,0.11294,0.11041,0.10905651819448794,0.10864,0.10987,0.11265,0.11615,0.12190219886659465,0.1277356478803544,0.13376,0.14068,0.14752,0.15514,0.21677,0.20717,0.19801,0.1883,0.17987,0.16997,0.16096,0.15256,0.14555803124456665,0.13852,0.13195,0.12642,0.12178,0.11732
20-01-2026 14:50,25348.5,0.10425,0.10393,0.10305,0.10309570266252883,0.10348,0.10534,0.10893,0.11397424656889708,0.11893,0.12412,0.1315,0.13842,0.14581,0.1543,0.21856,0.20883,0.19903369187384015,0.18946,0.18019152174479103,0.17097,0.16189,0.153,0.14558,0.1391,0.13254,0.127656583709493,0.12282,0.11803489771258495
20-01-2026 14:55,25335.5,0.09571,0.09742,0.09848,0.09992,0.101,0.10445,0.10817,0.1129,0.11903135631102513,0.12474,0.13244,0.13951,0.14673,0.15479,0.21849,0.20876919993102114,0.1991216722057499,0.18961882209485684,0.18023,0.16993,0.16071,0.15238,0.14526,0.13876,0.13306,0.12801,0.12455,0.12171
20-01-2026 15:00,25288.25,0.1044,0.10407,0.10406,0.10487,0.1069559134586301,0.10966,0.1139,0.11894,0.1255,0.1321925552563172,0.13929750176869288,0.14653,0.15427623972004345,0.16265,0.2131,0.20251,0.19301,0.18224,0.17393,0.1639,0.15496,0.14722,0.14049,0.13464,0.1295878358652414,0.12433,0.12107,0.11819
20-01-2026 15:05,25289.95,0.09759709288437336,0.09853,0.09973,0.10149,0.10418,0.1078,0.11255,0.11733,0.12391,0.13089757907083477,0.13805359820289403,0.14491,0.15284,0.16084,0.21652,0.20632857971795082,0.19639,0.18535,0.17685,0.16759045776715853,0.15847,0.15071,0.14413,0.13867,0.1335,0.12859,0.12588791198603191,0.12319
20-01-2026 15:10,25245.35,0.09945,0.10132229415205259,0.10318586011619943,0.10516,0.1089,0.11311,0.11855,0.12436572218879656,0.13062,0.137260796364097,0.1442,0.15119,0.15931,0.16759,0.21653,0.2042,0.19461,0.18401,0.17462,0.16620271497263528,0.1576,0.15086,0.14497,0.14046,0.13613,0.13301,0.13092,0.12864517777665488
20-01-2026 15:15,25238.75,0.10515,0.10596,0.10699,0.10871,0.11216,0.11660835343798436,0.12091,0.12703837002836482,0.13320990639537347,0.13918,0.14654817956794258,0.15373,0.16161,0.16897,0.22738,0.21506,0.20369672774733108,0.19277,0.18204551343382036,0.17182,0.16316,0.15555185137884842,0.14824,0.14265,0.1377973384505988,0.13321,0.12848178760660955,0.12373942466683087
20-01-2026 15:20,25191.85,0.12125,0.11886,0.11737,0.11841595684661949,0.11975,0.12323104552464066,0.12685,0.13185,0.13761,0.14411,0.15051,0.15709,0.16445943919722408,0.17198,0.21845762232936777,0.20918,0.20017,0.18901,0.17864261122630357,0.16855,0.15906,0.1509861289494096,0.14289,0.13612,0.13026,0.12498,0.12099,0.11734
20-01-2026 15:25,25185.2,0.13547969859873915,0.13308558641961155,0.1297,0.12673,0.12581,0.12786,0.12951,0.13438599071474136,0.13935,0.14396,0.1508262043736316,0.15751,0.16495,0.17189,0.22115220349985393,0.2088,0.19656,0.18717,0.17528,0.16647,0.15823,0.15255,0.14239,0.1339,0.12805,0.12057,0.11524,0.10988918134289723
21-01-2026 09:15,25171.75,0.15781001813498477,0.15294,0.14610801960557726,0.14119,0.13853,0.13825,0.1395,0.14288181741367303,0.14727,0.15271,0.15888809703428314,0.16575,0.17272,0.18004,0.22163,0.21205,0.20214,0.19239,0.18253,0.17277,0.16299,0.15324,0.14406,0.13532,0.12661,0.11838,0.11024,0.10135
21-01-2026 09:20,25204.0,0.14489,0.13684,0.13149,0.12897,0.12792,0.12825,0.13111,0.13522,0.14083,0.14681,0.15371,0.16135,0.16841,0.17651,0.22981,0.21938354618652114,0.20887,0.19878,0.18866,0.17865521594140196,0.16875236708670635,0.15893,0.14964,0.14123,0.13293,0.12507,0.11766,0.11031
21-01-2026 09:25,25249.5,0.11239,0.11165259184899194,0.10841,0.1092,0.11207841973425865,0.11359,0.11933846625404691,0.124,0.13056,0.1378,0.14569,0.15395,0.16214,0.16992,0.23932,0.22872,0.218391604294419,0.20844,0.19844,0.1882806020265639,0.17844135781450435,0.16883,0.15985,0.15212,0.14385,0.13775,0.1322,0.12618518707608595
21-01-2026 09:30,25231.8,0.13669,0.1302610108551144,0.12412,0.12087,0.12038,0.12203765409608001,0.12475,0.12956,0.13608,0.14246,0.15005,0.15783,0.16532,0.17285,0.23561389033274266,0.22508316575787213,0.21464890187188093,0.20422,0.19388,0.18338,0.17319583310951697,0.16297,0.15255,0.14322,0.13429,0.12583,0.11875,0.11057
21-01-2026 09:35,25229.95,0.10984883641310335,0.10937896686691441,0.10846,0.10857,0.11159548288694729,0.11357,0.11819,0.12409,0.1309,0.13852,0.1472902410558557,0.1555,0.16438,0.17241,0.2393,0.22816469631771422,0.21739,0.20703,0.1965569201516275,0.18647,0.1758,0.16575,0.15633,0.14788,0.13944,0.13261,0.12591,0.12057
21-01-2026 09:40,25195.85,0.12768254779699326,0.12386,0.12034,0.11914,0.11944,0.12178,0.12572,0.13134212868474754,0.13744,0.14442,0.15206,0.15996059078168662,0.16806903584085742,0.17625,0.23126,0.22039,0.20921,0.19894,0.18912,0.17868,0.1684169844646791,0.15788,0.14814,0.13936,0.13038,0.12255,0.11511,0.1079263596575111
21-01-2026 09:45,25195.8,0.12589631237005428,0.12241,0.11905,0.11758,0.11926189726583565,0.12115,0.12508,0.13066,0.1371885614204103,0.14369,0.15164,0.1597136735152656,0.16779,0.17631,0.23020607216114536,0.21955,0.20885,0.19845513477502366,0.18822,0.17803,0.16797868360660706,0.15791,0.14843,0.1399,0.1314,0.12326,0.11657,0.10994
21-01-2026 09:50,25185.15,0.12236,0.11795,0.11667021854051557,0.11528,0.11731906613198313,0.11966,0.1249435526659318,0.1304,0.13697,0.14439,0.15238,0.16083,0.16916,0.17729,0.22539,0.21541,0.20434,0.19499,0.18528,0.17565,0.16525,0.15601,0.1469,0.13863037226416583,0.13028,0.12338728183618536,0.11641,0.11009
21-01-2026 09:55,25177.9,0.11379,0.11152,0.1117336671863324,0.11141,0.11346,0.11718,0.12215,0.1284,0.13661658090068637,0.1446616122597917,0.15271271164140132,0.16066,0.16945,0.17815028811944422,0.22504,0.21521,0.20467,0.19509552817403225,0.18561025994062647,0.17627,0.16675431910171223,0.1575,0.14867,0.14081,0.13357705597090164,0.12667,0.12103,0.1157
21-01-2026 10:00,25151.55,0.12546,0.12264198577319214,0.12071650935375301,0.11892,0.11961,0.12284,0.12739,0.13308,0.13961,0.14673,0.15487,0.16346,0.17209,0.1804800209519302,0.22193,0.21176,0.2017536881704299,0.19167,0.18148,0.1718,0.16211,0.15239,0.14399,0.13558,0.12784,0.12142,0.11524119520840809,0.10876
21-01-2026 10:05,25168.3,0.11715246848633429,0.11538,0.11423,0.11445,0.11870970292842524,0.12272953778131634,0.1267485467258079,0.13075,0.13746,0.14494,0.15349,0.16138,0.16973,0.17714,0.22286,0.21264,0.20243,0.19279,0.18268,0.17313,0.16324,0.1546,0.1458,0.13816,0.13112,0.12476,0.11912,0.11439
21-01-2026 10:10,25142.55,0.12749,0.12315,0.12023,0.12039,0.12189,0.12482,0.13008082117289568,0.13563,0.14202,0.14959036563770636,0.15767,0.16529,0.17225,0.18029,0.21797,0.20761,0.19779711832991345,0.18776,0.17788,0.16848,0.15924722423106508,0.14989,0.14065,0.13289,0.12515,0.11804,0.11153,0.10527
21-01-2026 10:15,25145.8,0.12333,0.11947,0.1175,0.1182158194669537,0.11928,0.12282,0.12764,0.13377,0.1409,0.1485885965617414,0.15653,0.16493,0.1719,0.17995,0.22032,0.21,0.20000228786305216,0.18993,0.1800189490137539,0.17012,0.16051,0.15184706438261836,0.1431641409202719,0.13445,0.12696,0.1204,0.11402,0.1085
21-01-2026 10:20,25143.35,0.1079,0.10745,0.1083,0.11044,0.11423,0.12008525267376634,0.1254,0.13227,0.14021,0.14801,0.15664,0.16499,0.17225,0.18071,0.22032,0.21089,0.20145,0.19248,0.18309,0.17442,0.16525,0.15763,0.14974,0.14271,0.13565,0.13077,0.12584,0.12255
21-01-2026 10:25,25100.4,0.12159,0.11908,0.11899,0.1201,0.12283,0.1275193352902001,0.13228,0.13878,0.14571,0.15384,0.16204254013464348,0.17048,0.17831,0.18593,0.21872,0.2089,0.19884,0.18907,0.17952,0.1700594840821208,0.16056,0.15206,0.1438,0.13602,0.12931,0.12317,0.1182131902741072,0.11316
21-01-2026 10:30,25093.35,0.12118169626557423,0.12031,0.11937,0.12075,0.12372,0.1282,0.13354,0.14025264419444167,0.14693,0.15483,0.16325,0.1709979972949788,0.17872637373895978,0.18642,0.21712,0.2065,0.19696,0.18695,0.17741939401592588,0.1679,0.1584,0.14965,0.1415,0.13451025684746873,0.1275396126539836,0.12053,0.11435,0.10948
21-01-2026 10:35,25094.5,0.11848,0.1171,0.11731,0.12060323622060762,0.12395035291415041,0.12727,0.1339038620644191,0.14048732390159427,0.147,0.15472,0.16342,0.17133,0.17914,0.18757,0.2166,0.20606,0.19642,0.18667,0.17674,0.16751,0.1589286966730118,0.15015,0.14241,0.13525,0.12902,0.12337,0.11888,0.11463313647341743
21-01-2026 10:40,25076.8,0.11016659361818334,0.1126,0.11626853202099771,0.11919,0.12378,0.12957,0.13582,0.14283,0.14989,0.15783,0.16683,0.17515077466446496,0.18316,0.19098,0.21921,0.21009,0.20117,0.19196,0.1834205448587775,0.1754,0.16699,0.16,0.15276,0.14706,0.14232683335450014,0.13814,0.13602,0.13435
21-01-2026 10:45,25011.65,0.12991,0.12886,0.12996,0.13271,0.13656,0.14177614787441437,0.1476,0.15431,0.16135,0.16871,0.17751,0.18442,0.19118673033762573,0.19803693097914474,0.2134,0.20348,0.19441,0.18465,0.17497,0.1664,0.15781,0.14998,0.14243,0.13677183283985447,0.13068842450064025,0.1243,0.11945,0.11484
21-01-2026 10:50,25009.05,0.1201,0.12206,0.1266125582780491,0.1298,0.13479,0.14137970224900168,0.14727,0.15493540366189704,0.16232,0.16956,0.17816,0.18631,0.1941500816376395,0.20172,0.22256,0.21319,0.20412,0.19481546696224825,0.18603,0.17817033842373678,0.17071866037671204,0.16325472560762297,0.15621,0.1511,0.1474,0.14463,0.14192,0.14173
21-01-2026 10:55,24957.3,0.14328,0.14149872388243734,0.14171,0.14384,0.14722,0.1518,0.157,0.1630430376689047,0.16965,0.17684,0.18420181955665227,0.19209,0.19924,0.20689,0.22052,0.21077859677177302,0.20088,0.19093,0.18127,0.1720322076683972,0.16314,0.1544,0.14602,0.13843,0.13132125518308466,0.1235,0.11669370264489556,0.10952443972317616
21-01-2026 11:00,24996.3,0.1347,0.13487550160796924,0.13532,0.13812,0.14231,0.14755,0.15363,0.16007,0.16697,0.17401,0.18197,0.18865,0.19583,0.20379,0.22455,0.21423,0.20394349610896587,0.19389,0.18403,0.1750420307801946,0.16654,0.15824,0.15077648836210222,0.14372,0.1377933205621917,0.13204,0.12724,0.12253178357388678
21-01-2026 11:05,24985.75,0.13636141348627426,0.13763,0.13894,0.14137,0.1458,0.15085,0.1568,0.16288,0.16942,0.17636,0.18417,0.19065,0.19721,0.20514,0.2196,0.20915,0.1987905503530514,0.1884651923835134,0.17801,0.16867,0.16007606685735457,0.15128,0.14394,0.13636,0.12993,0.12302,0.1178543175687245,0.11277
21-01-2026 11:10,25017.2,0.1376342374971325,0.13887353186492724,0.14029,0.1416760353163638,0.14317,0.14704,0.15151,0.15765753498348534,0.16355,0.17074533597954236,0.1778,0.18489,0.1916,0.19977,0.22119,0.21052,0.20085,0.19069,0.18073,0.17053,0.1613,0.15209,0.1432,0.13358,0.1255964246640458,0.11749,0.11042,0.10185
21-01-2026 11:15,25046.1,0.14397,0.14016,0.13938666613157988,0.13908,0.14103,0.14436,0.14881,0.15391,0.15965,0.16606,0.17377,0.18004,0.18735,0.1947,0.22158,0.21124,0.20104,0.19101,0.18117,0.17156680597317076,0.16191,0.15273,0.14403,0.13539,0.12731,0.12038,0.11276,0.10524791175256343
21-01-2026 11:20,25060.3,0.13169,0.12981,0.1297,0.13102,0.13391,0.13809,0.14391767519157117,0.14952,0.1566651272403192,0.16370769498740412,0.17068,0.17767,0.18477725297693595,0.19174950478499064,0.22501,0.21539198029512716,0.20584,0.19596,0.18562,0.17611,0.16717,0.1585,0.14967,0.14173,0.13515,0.12908,0.12283,0.11697
21-01-2026 11:25,25041.3,0.12924,0.12753,0.12769,0.12964,0.13366,0.13824,0.14359,0.14983,0.15679,0.16395,0.17192,0.1789,0.18698,0.19456,0.22775,0.21815,0.20868,0.19892,0.18899,0.17966,0.17054,0.1622,0.15439489553979374,0.14682,0.13982360905035623,0.13311,0.12778,0.123
21-01-2026 11:30,25041.05,0.13283,0.13058,0.13109131000577603,0.13195,0.13501,0.13941,0.145049410229098,0.15084,0.15783293090858758,0.16494,0.1728,0.17992,0.18742,0.19487126967191254,0.22611,0.21642513218332374,0.20675440522784794,0.19710464459621752,0.18746,0.17814,0.16919728978368034,0.16022,0.15174,0.1437,0.13617,0.12995,0.12374,0.1176
21-01-2026 11:35,25049.35,0.13118,0.12936,0.12957,0.13118,0.13391,0.13844,0.14389,0.14995,0.15668,0.1642583177896541,0.17176,0.17915224406284358,0.18645,0.19453,0.22696,0.21728819774629762,0.20769,0.19761,0.18773,0.17863,0.16983,0.16134,0.15323281845233308,0.14528,0.13856,0.13231,0.12686,0.12162
21-01-2026 11:40,25042.9,0.1322463336908946,0.13186,0.13145,0.13247,0.13537,0.14003419249850246,0.14483,0.1505,0.15708,0.16411,0.17186,0.17917,0.18658,0.19412,0.22612,0.21626,0.20649,0.19653,0.18629,0.177,0.16772,0.15908,0.15079,0.14328,0.13654129868153148,0.12979,0.12372,0.11775099354226168
21-01-2026 11:45,25045.15,0.13197809023333493,0.13206,0.13213141005752088,0.13236,0.13523,0.13924,0.14427,0.1499,0.15644,0.16362,0.17162,0.1783,0.18635,0.1939,0.22687,0.21664,0.20673,0.19655,0.18659,0.17713,0.16783,0.15919,0.1510359614395678,0.14292,0.13557,0.12887,0.12235,0.11591005828409126
21-01-2026 11:50,25057.75,0.13374,0.13061,0.12978,0.1313,0.13417,0.13801,0.1433,0.14884,0.15563,0.16264,0.17054,0.17769,0.18521,0.19285,0.22699,0.217,0.20694948718326223,0.19698485325907364,0.18704,0.1775647946877573,0.16813,0.15925,0.15112,0.14337,0.13526,0.12839,0.12245,0.11627
21-01-2026 11:55,25064.55,0.13047,0.1286,0.12848,0.12994,0.13295,0.13718,0.14238,0.14817,0.15471,0.16176,0.1697,0.17657,0.18406,0.19166,0.22742,0.21717,0.2071957649074181,0.19738,0.18712,0.17786,0.16849,0.15966,0.1517490362741102,0.14407803568643238,0.13634,0.12987491935765066,0.12378,0.11829
21-01-2026 12:00,25081.9,0.14194,0.13712,0.13497,0.13424,0.13599118577905742,0.13853,0.14254,0.14773555826987345,0.15337,0.15944,0.16694,0.17378,0.18123,0.18878,0.225,0.21461,0.2048,0.19461576871321978,0.18442173393554878,0.17414,0.16427,0.15487,0.14552,0.13740097547535168,0.1291114721020246,0.1206,0.11306,0.10483
21-01-2026 12:05,25117.2,0.12873,0.12563,0.12408,0.1260406496053688,0.12718,0.13056,0.1351,0.14051,0.14695,0.15358,0.16107381710796492,0.16809,0.17581,0.18372,0.22792868723879675,0.21847,0.20894,0.198908596208158,0.18906,0.17998,0.17017,0.16139,0.15266,0.14483,0.13702,0.13023,0.12375,0.11802
21-01-2026 12:10,25113.35,0.13919,0.13376,0.13116,0.13082,0.13145,0.13404,0.13797,0.14342983450682037,0.14912,0.15502,0.16263,0.16926,0.17671,0.18401362086697248,0.22408,0.21377,0.20384,0.19392594491285786,0.18414700231350786,0.17402,0.16463,0.15525,0.14665,0.13796,0.12963,0.12258,0.1152242372614326,0.10767
21-01-2026 12:15,25129.25,0.14212,0.13645,0.13349282891536388,0.13138,0.13217,0.1349910685029154,0.13796,0.14234,0.1479,0.15374,0.16084,0.16697,0.17331,0.18063,0.22551606027574247,0.2158,0.20614,0.19586,0.1858666600437136,0.17534,0.1656,0.15635,0.14722,0.13817,0.13001,0.12186,0.11408,0.10638
21-01-2026 12:20,25163.0,0.13704,0.13153,0.12866878147222172,0.12705,0.1290070178394249,0.13152629815806238,0.13361,0.13822,0.14354,0.14955,0.15667,0.16316084822044763,0.16958,0.17664,0.23038,0.22027,0.21058,0.20048,0.19095772627930022,0.18101,0.17114,0.162,0.15272,0.14432,0.13626,0.1279,0.12082322226272577,0.11349
21-01-2026 12:25,25166.9,0.11646,0.11482,0.11454,0.11565,0.11826,0.1233153022986609,0.12722,0.13303,0.13967,0.14655,0.15443,0.16135,0.16878,0.1762323268622455,0.23888,0.22894,0.21897747922997549,0.20945,0.19993,0.19064,0.18145,0.1731135480747875,0.1650480178050054,0.15703727209715654,0.14943,0.14255,0.13679,0.132
21-01-2026 12:30,25153.65,0.14411,0.13787160674272175,0.13294,0.13066,0.13051,0.13202,0.13536767766958283,0.13924,0.14482,0.1501,0.15725,0.16402,0.17046,0.17743,0.23409,0.22385,0.21446,0.20470021603649377,0.19470627060620488,0.18477,0.17467,0.16519,0.15566,0.14664,0.13804,0.12914,0.12071,0.11267
21-01-2026 12:35,25191.3,0.1472,0.14047,0.13539,0.13212,0.13206649010549698,0.13255,0.13494,0.13883,0.14335,0.14828,0.15471,0.16102,0.16735453246718637,0.17383,0.2341,0.2241,0.21436055621944108,0.20464525253656124,0.19469,0.18542,0.17552,0.16609,0.15689,0.14758,0.13896,0.13075,0.12259,0.11461
21-01-2026 12:40,25225.6,0.1347114919354776,0.1311,0.12875475079296808,0.12561,0.12506,0.1262,0.12875,0.13311758471446872,0.13711,0.14219,0.14804,0.15492,0.16058,0.16847,0.24091,0.23056,0.22149,0.21174,0.20221,0.19333,0.18365,0.17481900290133998,0.16626,0.15786711132212458,0.1496513566474498,0.14166,0.13429,0.1274
21-01-2026 12:45,25260.15,0.14866,0.1415439337713269,0.13502,0.13106,0.12889,0.12878,0.13104567826550584,0.13345,0.13754,0.14228,0.14779844761070418,0.15331,0.15916,0.16562,0.2441408870952278,0.23445,0.22483,0.21557,0.20544,0.19649,0.18706264336020187,0.17763,0.16816,0.15944,0.15062,0.14206,0.13387,0.12606
21-01-2026 12:50,25266.0,0.1491149539126759,0.14299,0.13659,0.134002437242173,0.13182503956428163,0.12986,0.13099,0.13379,0.1377,0.1423,0.14736,0.15339,0.15914,0.16617,0.2473601391968277,0.23813,0.22897,0.21938028797485942,0.2098,0.20057,0.19091,0.182,0.17238,0.16351,0.15473,0.14632,0.13756,0.12958
21-01-2026 12:55,25281.8,0.13917,0.13592332158853782,0.13111158061874445,0.12593,0.1269921696856369,0.1289256053913878,0.13052465715812472,0.13241819864688645,0.13403,0.13891,0.14462,0.15084,0.15753,0.1646247282678553,0.25027,0.24056,0.23144,0.22236,0.2125,0.20318,0.19394,0.18479,0.17522,0.16673,0.15789,0.14926,0.14108,0.13375
21-01-2026 13:00,25281.3,0.13807,0.13319,0.12776,0.12551,0.12366,0.12413,0.12643,0.12955,0.13415,0.1396103745221753,0.14535,0.15225,0.1586,0.16594,0.25099,0.2412,0.23143,0.22218,0.21278,0.20316,0.19335,0.18437,0.17547376097949174,0.1665734029439582,0.15764,0.14886,0.14094,0.13318
21-01-2026 13:05,25288.85,0.12164,0.11875,0.11667,0.11569,0.11734595516648401,0.11798,0.1212,0.12532,0.13069,0.13647,0.14268,0.15018979890718742,0.15734845041834764,0.16431,0.2515680509019525,0.24223269401426037,0.23312,0.223728422194847,0.21469,0.20515,0.19551,0.18666,0.17799,0.1693,0.16109,0.15329,0.14588,0.13943
21-01-2026 13:10,25221.5,0.14555,0.13388,0.13292,0.12941,0.12723,0.12818,0.1301997149929963,0.13326,0.13677,0.14244,0.14898238580524478,0.15601,0.16247,0.17012,0.24334,0.23292,0.22424,0.21525,0.20452,0.19612,0.18546,0.17645,0.16852,0.15804,0.14967,0.14177,0.13249,0.12413
21-01-2026 13:15,25225.05,0.1338,0.12896,0.12646456650459717,0.12326,0.1228,0.12402,0.12711115842270165,0.13065,0.13568,0.14121,0.14793,0.15501,0.16172,0.16931,0.24435,0.23512,0.22589,0.21678,0.20749,0.19819,0.18906246152737122,0.18004,0.1711,0.1628,0.15452,0.14636,0.13888,0.13236
21-01-2026 13:20,25225.7,0.12872,0.12486,0.12325941256778901,0.12081,0.12085,0.12246,0.12556,0.12964,0.13486,0.14077,0.1478182160227163,0.15468,0.16132,0.16885,0.24561392484539862,0.2366575245300531,0.22782,0.21895,0.20902,0.19978,0.19047,0.18129,0.17264634253501127,0.16424,0.15616669280058404,0.14833,0.14156,0.13545
21-01-2026 13:25,25205.25,0.13321873959702699,0.1299,0.12663,0.12487,0.12494,0.1266273177475012,0.1291,0.13326,0.1384007977432143,0.14405,0.15016,0.15727906694064234,0.16463,0.17223,0.24316,0.2337,0.22373,0.21445,0.20485915368851887,0.19518361873790377,0.18538,0.17635,0.16764,0.15913,0.1512,0.14443411533901626,0.13752752262689336,0.1304
21-01-2026 13:30,25215.7,0.11453413316890686,0.11462084942978766,0.11384,0.11439,0.11611,0.11898,0.12380414837433937,0.12793,0.13384,0.14041,0.14811571290258307,0.15533136732742034,0.16265,0.17059,0.24707,0.23815,0.22844300956605865,0.21911,0.20948,0.20028,0.19102639713891217,0.18238,0.17411,0.16604,0.15871,0.15219,0.14655,0.14146
21-01-2026 13:35,25182.35,0.14827,0.13934,0.13698,0.1338,0.13289,0.13224,0.13468708276763064,0.1378,0.1423,0.14773,0.15379,0.1603291543142873,0.16719,0.17421,0.2373663830043237,0.22763,0.21827540329715492,0.20869,0.1986,0.18997,0.18004,0.17157,0.16251,0.15406122903390526,0.1454964048857801,0.13646,0.12972,0.12058
21-01-2026 13:40,25193.1,0.13324,0.12980455847701586,0.1257,0.12472,0.12518,0.12695,0.13032475962846174,0.13381,0.13901,0.14486,0.15154448597160977,0.1581,0.16516,0.17297,0.24104,0.23161,0.22252,0.21314,0.20345,0.19387,0.18456,0.17598,0.1673845839188256,0.15902,0.1516101150056225,0.14393,0.13706,0.13075
21-01-2026 13:45,25192.95,0.13211,0.12832,0.1259822003800236,0.12411,0.12448,0.12634,0.12935,0.13394821067751117,0.13859,0.14451,0.15095,0.15785,0.16523,0.17348,0.24175,0.23225,0.22274,0.21318,0.20349,0.19378,0.18417,0.17565,0.16677,0.15838,0.1509628262236801,0.14335,0.13649,0.13029
21-01-2026 13:50,25179.95,0.12507,0.1225,0.12106,0.12096,0.12254,0.12493,0.12858,0.13335,0.13902,0.14558796498378812,0.15218,0.15955,0.16688,0.1742,0.2418,0.23224,0.22298,0.21312,0.20354,0.19431,0.18498,0.1767,0.16826,0.1603,0.15311,0.14644,0.14051,0.13453426253616138
21-01-2026 13:55,25164.25,0.12508,0.1227,0.12142,0.12260506489735848,0.12362,0.12681515381402275,0.12986,0.13471,0.14081,0.14683,0.15375,0.16127,0.16886,0.17614,0.24014,0.23066,0.2216,0.21187,0.20207,0.19288681585807063,0.18381444807760366,0.17487,0.16677,0.15894,0.15212,0.14506,0.13935,0.13429
21-01-2026 14:00,25141.15,0.1309916352793002,0.12917,0.12692,0.12689,0.12849,0.1309,0.13466,0.13925,0.14488,0.15069,0.15765,0.16457,0.17215,0.17942,0.23345427081448966,0.2242,0.21511,0.2058,0.19615956482782654,0.18634,0.17715,0.16852,0.16073268529720236,0.15275,0.14567,0.139,0.13306181229936695,0.12701
21-01-2026 14:05,25151.55,0.12298,0.12147,0.12074322467111598,0.11955,0.12101,0.12406,0.12791,0.13284,0.13906,0.1460773516666768,0.15267,0.1606,0.16894,0.17733926678720074,0.23437,0.22453,0.21563,0.20635,0.19667,0.18761,0.17836,0.16972715754225864,0.16148,0.15407,0.14726,0.14125,0.13593559236741748,0.1311
21-01-2026 14:10,25141.05,0.12250389942132933,0.12105,0.12018,0.12055,0.12248,0.12586,0.12964,0.13475,0.14105401189348973,0.14735,0.15495,0.16301,0.17093897646019468,0.17895375944803868,0.23095,0.2211,0.21165816842411903,0.2022694899998684,0.19295,0.18376,0.17512601952889995,0.16646569454644264,0.15815,0.15046,0.14392,0.1377,0.13241351678446725,0.12778
21-01-2026 14:15,25139.05,0.14051,0.13525,0.13132093645214693,0.12945,0.12981,0.13115,0.1339971346642459,0.13773,0.14279,0.14860688659379104,0.15467,0.16227,0.16974,0.17697,0.22544,0.21577,0.20643,0.19658,0.18674,0.17739,0.16786,0.15897,0.15036,0.14254192752078687,0.13421,0.12632,0.11937,0.11216
21-01-2026 14:20,25178.3,0.11224988199419246,0.11156,0.11175,0.11306,0.11677863965595418,0.11962,0.12405,0.12924,0.13577,0.14262169795292726,0.14905,0.15704,0.165,0.17319502922268976,0.23348,0.22449,0.21506059765436214,0.20603,0.1965,0.18726342710962357,0.17844,0.17048,0.16261,0.15583145003164367,0.14925,0.14362,0.13928,0.13574
21-01-2026 14:25,25144.75,0.11203,0.11192,0.1129,0.11453,0.11751,0.12133,0.12644,0.13201,0.13842,0.14552,0.15314,0.16094,0.16956,0.1781531229692388,0.22976,0.22085967044963145,0.21204,0.20324,0.19409,0.18498,0.17631,0.16855,0.16094,0.154,0.14879441842081487,0.143365857240659,0.13846,0.13305122048612425
21-01-2026 14:30,25130.1,0.13142871154366453,0.13055446770004978,0.13004,0.12881,0.12961,0.13109,0.13442,0.13863,0.14401,0.14972,0.15656,0.1636570001654168,0.17098,0.17869,0.22543,0.21582,0.20649,0.19662,0.18686,0.17739,0.16792,0.15932567306656795,0.15064313742223512,0.1418,0.1346355886418626,0.12673,0.11991,0.11289
21-01-2026 14:35,25146.5,0.12744417724656537,0.12594,0.1239,0.12393,0.12532,0.12787,0.13206132665727927,0.13605,0.1419,0.14832150864174076,0.15477,0.16188,0.16945,0.17727,0.22669,0.21725,0.20771,0.19788,0.18806858852333305,0.17837,0.16959,0.1609,0.1526,0.14538836148441298,0.13854688841113624,0.13126,0.12538,0.11941129916569727
21-01-2026 14:40,25152.35,0.11924795131560124,0.11893,0.11900096798215748,0.11882,0.12084,0.12401,0.1287709486449756,0.13315,0.13905,0.14561,0.1529601945838686,0.16013,0.16837,0.17615,0.22728,0.21766,0.2084184560342051,0.1993,0.18996803295935039,0.18086,0.17211,0.16467450145224916,0.15737557741673025,0.1501024257087761,0.14301,0.13732,0.13209,0.1267138124357565
21-01-2026 14:45,25149.7,0.12554,0.12304,0.12222914211282339,0.12183,0.1233,0.126,0.12989,0.134998129602437,0.14041,0.1468687893065935,0.15357,0.16122,0.16874,0.17748,0.22466,0.21461,0.20589,0.19637,0.187,0.17806,0.16955,0.1617599205035312,0.15405,0.14697,0.14065,0.1347,0.12959,0.12474
21-01-2026 14:50,25153.5,0.11643124300928731,0.11738981065946377,0.1182,0.11937085234642536,0.12042,0.12336,0.12779489313521047,0.13215,0.13819,0.14432,0.15163,0.159444783039129,0.16705,0.17562,0.22362,0.214230205494139,0.20483,0.19536,0.18592,0.17725,0.16877,0.16103,0.15363,0.14652,0.1403,0.13499573032172746,0.12976,0.12525
21-01-2026 14:55,25147.1,0.12119,0.12020185708851036,0.1192,0.11878,0.12095,0.12420486771621247,0.12738,0.13253,0.13854,0.14545948502463768,0.1525,0.16021,0.16788,0.17644,0.226,0.21577,0.20664,0.19663,0.187167409330687,0.17788,0.16911,0.16108,0.1528,0.146,0.13932,0.1337,0.12836,0.12385
21-01-2026 15:00,25160.2,0.1289216066288342,0.1271716529092423,0.12599,0.12423,0.12482955435091621,0.12612,0.1293,0.13273,0.13886,0.14424,0.15146,0.15934,0.16713263828227054,0.17493,0.22462,0.21475013318045355,0.20482,0.1946934781716983,0.18445,0.17483,0.16566,0.1570557005955949,0.1482,0.1406,0.13403621265340032,0.1271,0.12116680480623349,0.11472
21-01-2026 15:05,25171.7,0.11706,0.11539,0.1148,0.11552,0.11721,0.12017,0.1241,0.12894,0.13536,0.14201,0.15007133096249162,0.15794,0.16584,0.17458,0.22647,0.21712,0.20732,0.19776,0.18797,0.1789784476609928,0.17025,0.16227,0.15494,0.14792,0.14197,0.13652,0.13194,0.1272152849773388
21-01-2026 15:10,25159.7,0.11404,0.11283,0.11313,0.11384,0.11659,0.12140196662686523,0.1263946545518268,0.13121154025559056,0.1363,0.14291,0.15131,0.1595,0.16735,0.175220537301969,0.22813,0.21813,0.20858,0.19826,0.18875,0.1796843967603083,0.17086,0.16334069959496314,0.15591026261334082,0.14858,0.14238,0.13678,0.1328,0.12917
21-01-2026 15:15,25148.5,0.11646252568356208,0.11651741548509775,0.11692,0.11701,0.11980101798891842,0.12266615930165108,0.12587,0.1312703596025614,0.13709,0.14341,0.15214155349651165,0.16095,0.16919,0.17746,0.22618,0.21597,0.20606,0.19582,0.18671294965550134,0.17757841847550612,0.16852,0.16038,0.1526,0.14546,0.14003357603446476,0.1345079021169215,0.12898,0.12484
21-01-2026 15:20,25154.25,0.11111,0.11098,0.11196239866505044,0.1123,0.1154566120999581,0.1183,0.12263,0.12762,0.13529,0.14189,0.15119,0.15955,0.16812,0.17634,0.22290897750125782,0.21398,0.20528,0.19525,0.18665,0.17793,0.16939,0.16151,0.15378,0.14632,0.14072516687949427,0.13498,0.1309,0.12671726672545414
21-01-2026 15:25,25150.7,0.12111,0.11857,0.11712,0.11677,0.1183,0.12103,0.12473,0.12919,0.13625,0.14187,0.15013372414379744,0.15893,0.16642,0.17481,0.22152689152008173,0.21134,0.20163,0.19141,0.18161264787582185,0.17105,0.16232,0.15395303206968491,0.14483,0.13698,0.13085435119059793,0.12394,0.11898,0.11426965840089125
22-01-2026 09:15,25332.45,0.10473,0.10528167284835425,0.10454,0.10521,0.10684,0.10947,0.11372,0.11836,0.12544,0.13242,0.14014,0.14997,0.15905,0.16873,0.24609149211933706,0.23565,0.22513,0.21365,0.20268,0.19258,0.1816,0.17114,0.16105,0.15211,0.14424,0.13698,0.13113,0.12515591281771102
22-01-2026 09:20,25329.3,0.11428014418520231,0.11259,0.11074,0.10979,0.11021,0.11218,0.11591,0.12018,0.12695,0.13378,0.14197,0.15075929172309568,0.15953,0.16876,0.24508,0.23363567988323347,0.22225144192720384,0.21083,0.19932,0.18855064438360308,0.17772,0.1672656335139066,0.15679,0.14767,0.13944454410971666,0.13125,0.1246,0.11798
22-01-2026 09:25,25334.05,0.14383678471077319,0.13823,0.13143,0.1273549835436863,0.12465818847758267,0.12234,0.12374,0.12643,0.13155,0.13711,0.14446438797202626,0.15203,0.1597,0.16864,0.24449,0.23292,0.22276,0.21093,0.19921,0.18794,0.17635,0.16546,0.15452,0.14514016622285336,0.13472,0.12604,0.11825871250569937,0.10968
22-01-2026 09:30,25400.35,0.1313,0.12552,0.11846,0.11657765325241365,0.11534,0.11588,0.11976187760135526,0.12335,0.12987481279103738,0.13597,0.14327,0.15140976258555564,0.1591,0.1679,0.29877,0.28957,0.27803,0.26802,0.25667,0.24469,0.23145,0.21741,0.20189298802806369,0.18732,0.17314094648032438,0.1593678580107687,0.14582,0.13204304306139988
22-01-2026 09:35,25415.7,0.12572,0.1196,0.11492,0.11249,0.11221,0.11558,0.12023,0.12671,0.13404,0.14122,0.14855,0.15675,0.16402,0.17148,0.30317,0.29661,0.28651,0.27780580516937853,0.26983,0.25848,0.24745,0.23456,0.22072,0.20666,0.19281,0.17783,0.16503,0.1509
22-01-2026 09:40,25405.7,0.12722,0.12223,0.11794,0.11543,0.11462,0.1168,0.12063,0.12524,0.13206706754844258,0.13851,0.14619851933098882,0.15358,0.16068,0.16828,0.29928,0.2891,0.27712,0.2664331199522743,0.25601,0.24365,0.23047,0.21771422522886974,0.20472,0.19126,0.17853,0.16576,0.15406,0.14212
22-01-2026 09:45,25400.1,0.15452,0.14307,0.13348,0.12744,0.12418,0.12365,0.12604,0.12986,0.13537,0.14087,0.14796,0.15554,0.16312,0.1704,0.29,0.2786847421419756,0.26748,0.25775,0.24611591660147134,0.2343,0.22245,0.20936,0.19737,0.18456,0.17194,0.15918,0.14702,0.13419
22-01-2026 09:50,25430.85,0.10962,0.10808,0.10618,0.10596,0.10880669124072233,0.10993,0.1158922540855927,0.12117817938441865,0.12606,0.13221,0.13989,0.14775799335402978,0.15476,0.16256297627049932,0.2845,0.27334052505729733,0.26278,0.25267293183703327,0.24304,0.23201,0.22049,0.20827,0.19722,0.1857,0.17472,0.1640036114558502,0.15355001970559767,0.14369
22-01-2026 09:55,25385.65,0.13441661918169603,0.12983,0.12362,0.12030477367389374,0.11901,0.11909,0.12178,0.12571,0.13161,0.13658,0.14401,0.15158,0.15875,0.16661,0.2655,0.25452,0.24299,0.23352,0.22257,0.21122,0.19957,0.18796,0.17596,0.16606596236313387,0.1555713047726239,0.14511653501974892,0.1348,0.12521
22-01-2026 10:00,25404.05,0.10776,0.10582,0.1058883519269532,0.10378,0.10564037656223038,0.10659,0.11024,0.11494,0.12111,0.12865034787552962,0.13519,0.14291,0.15032,0.15801048545992488,0.26132,0.24963,0.23888,0.22953,0.2190731675028273,0.20862,0.19673,0.18526,0.17367,0.1641071885247622,0.15416,0.14472,0.13716,0.12951977432940642
22-01-2026 10:05,25387.2,0.11719,0.11299,0.11128764068854174,0.10822,0.10842,0.11142302895263884,0.11439063685569353,0.11733,0.12315,0.1306547403326327,0.13748,0.14503,0.1527857116710278,0.16041,0.26225,0.25061,0.23979,0.22998,0.21877,0.20853,0.19724,0.185387372678684,0.17356,0.16269,0.1531324119787471,0.14351,0.1350242845564919,0.12669
22-01-2026 10:10,25366.75,0.13658,0.12808763143798005,0.12072,0.11733485483514249,0.11568,0.11694,0.11915,0.12345,0.12918,0.13488,0.14198715745164825,0.14932836849933204,0.15688,0.16445,0.2587118240951215,0.24688,0.23518,0.22525,0.21448419991854317,0.20363811934274678,0.19267,0.18131768341754184,0.16968,0.15848,0.14863271926794963,0.13837,0.12908,0.12057
22-01-2026 10:15,25384.2,0.09766,0.09971765148922085,0.0995234378855209,0.09906,0.10208,0.10502,0.10997,0.11552,0.12304,0.12969,0.13847,0.14584,0.1535,0.16136,0.25894,0.24792198937132243,0.23735,0.22862,0.21919,0.20863,0.1975994894271819,0.18719,0.17595,0.16545,0.15665,0.14742,0.1396740705059804,0.13255
22-01-2026 10:20,25330.55,0.13469,0.12744,0.12369864233772611,0.12105681500916615,0.11888784140940839,0.11744,0.12075,0.12564472258015766,0.13132,0.13681,0.14468,0.15186,0.15964,0.16747,0.24705,0.23563,0.225718274385503,0.21547,0.20534,0.19424,0.18383,0.17305,0.16197,0.15146,0.14198,0.13311,0.12450724021720751,0.11580828976832588
22-01-2026 10:25,25335.0,0.09628,0.09735,0.09889,0.10032,0.10334,0.10665,0.11183,0.11919527608588261,0.12565,0.1329,0.14153,0.1497874247607385,0.15712,0.16553,0.24,0.22970797828352973,0.2195280795509497,0.20926,0.19907424512882343,0.18905,0.17911,0.16988,0.1606,0.15157,0.1443,0.13825,0.13302,0.12743794083899412
22-01-2026 10:30,25273.25,0.13945,0.13166,0.12574,0.12204,0.12132,0.12241,0.1254069668927785,0.12998,0.137,0.14380983705745184,0.15175,0.15956,0.16779,0.17688,0.23624,0.22619,0.21609,0.20399,0.19332,0.1831994732156475,0.17284,0.16271,0.1521,0.14205,0.13349,0.12467,0.1169,0.10937
22-01-2026 10:35,25312.45,0.09802283899291933,0.1003084516167425,0.10264937828363747,0.10439,0.10721,0.11117,0.11677635545599127,0.12258,0.13031,0.13765,0.14618,0.15453,0.16222,0.17138,0.23916,0.22825,0.21796,0.20729,0.1962,0.18687,0.17646,0.16749,0.15827,0.14937,0.14221,0.13534,0.12967,0.1236765027225871
22-01-2026 10:40,25290.35,0.12122,0.11683,0.11428,0.11369,0.11429,0.117,0.12268999003417665,0.1286365373938185,0.13471513395357573,0.1408,0.14941,0.15731,0.16522,0.17431,0.23637,0.22582,0.21577,0.20398,0.19285,0.1827718149167169,0.17255,0.16337,0.15406374070074064,0.1446,0.13703,0.1298,0.12388842535006273,0.11738
22-01-2026 10:45,25288.95,0.1135,0.11212,0.11242674301937894,0.11258397922228011,0.11267,0.11679272777987001,0.12097,0.1275050570376985,0.13415,0.14106,0.14966,0.15788,0.16613377142612112,0.17435530541716945,0.23673,0.2267032135739534,0.21672,0.20513,0.1944,0.18474,0.17462,0.16521,0.15611,0.14677,0.1396,0.13244,0.1268491644758936,0.12065
22-01-2026 10:50,25270.45,0.11997,0.11642179703672759,0.11448,0.11425,0.11599,0.11975658433592073,0.12413,0.13074777582329722,0.13730072861945894,0.1441,0.15263,0.16043497577935673,0.16839,0.17794,0.23618,0.22579940764393175,0.21531,0.20447,0.1937,0.18389,0.1744518227527623,0.16494167597892317,0.15534548300888995,0.14588,0.13804,0.13173674777983166,0.12544610066273765,0.11856
22-01-2026 10:55,25267.3,0.0946,0.09808,0.10061,0.10451,0.10876,0.11403,0.12045,0.12812851261028385,0.13522,0.14329,0.15206,0.16066,0.16887,0.17887,0.23925,0.22912,0.2190220973033212,0.20926,0.19952627903077197,0.19022,0.18099,0.17219,0.1638309578195057,0.15599,0.14955,0.1433,0.13964,0.13687
22-01-2026 11:00,25234.85,0.1185,0.11694,0.11547,0.11648,0.11914,0.12277,0.12787,0.13398,0.14143,0.14793,0.15618,0.1639020829469162,0.1716,0.1813,0.23335,0.22333,0.21319,0.20304,0.19266,0.18352,0.17431725373948434,0.16501,0.15589,0.148,0.14104403373007524,0.13366,0.12873,0.12323
22-01-2026 11:05,25223.35,0.12387,0.12094,0.11987,0.12151342923418679,0.12350616972652276,0.12569,0.13042,0.13679459747207853,0.14347,0.15015,0.15804768652741474,0.16614,0.17361,0.18285,0.23148,0.22185,0.21166,0.20118,0.19055,0.18182,0.17225,0.16341350137970637,0.15447,0.14595,0.1392211852749843,0.1321,0.12579,0.12123
22-01-2026 11:10,25234.6,0.11783,0.11612,0.11654190647699661,0.11679,0.11961,0.12341,0.1290990576263225,0.1344,0.14175,0.14915624757093346,0.15632,0.16431,0.17175,0.18097,0.2332919202428017,0.22345,0.21361,0.20313,0.19275,0.18378835828907317,0.1751,0.16645,0.1587333314268125,0.15112995869850965,0.14371,0.13697,0.13021225367751266,0.12358565182070264
22-01-2026 11:15,25230.3,0.11734,0.11619,0.11596,0.11705,0.12039770635267381,0.12398,0.12966596594807747,0.13488,0.14284,0.15052253498302146,0.15804422603924967,0.16565,0.17316537585553074,0.18078393003128412,0.23256,0.22265268810822236,0.21276,0.20203,0.19194,0.18246805931236357,0.1733,0.16454,0.15615,0.14857,0.14203,0.13552,0.13174,0.1269
22-01-2026 11:20,25224.65,0.137,0.13082,0.12749,0.12654,0.12741003296675582,0.12968,0.13375,0.13924562551078476,0.1452,0.15148,0.1587,0.16648,0.17362,0.18287,0.22973,0.21931006269939424,0.20875,0.19782,0.18693,0.17738,0.16773,0.15831,0.14919,0.14166204567679155,0.13392945749628654,0.12592,0.11974,0.11326
22-01-2026 11:25,25274.25,0.11029,0.1095,0.11047,0.1123,0.11503,0.11882,0.12538845248605884,0.13138306488366208,0.1372,0.14366,0.15165,0.1597,0.16749,0.17569015253108394,0.23790007477924713,0.22722503705808314,0.21649257654302956,0.20607,0.19547,0.18598,0.17682,0.16788960669294276,0.1592532776040421,0.15095,0.1442,0.13826,0.13343,0.13062
22-01-2026 11:30,25237.65,0.12721,0.12374,0.12201,0.12194,0.12356,0.12649,0.13119378974044418,0.13617,0.14274312039588627,0.14986,0.15778,0.16548,0.17365,0.18226,0.2316,0.22112,0.21067,0.20008,0.18997,0.1800319413014083,0.16987,0.16085,0.15191,0.1438,0.13708,0.13062,0.1252,0.12044
22-01-2026 11:35,25252.75,0.11588,0.11479,0.11479,0.11680168687364324,0.11857,0.12203,0.12717,0.13381119243577305,0.1402,0.14765,0.15566,0.16411,0.17208,0.18127,0.23498,0.22361,0.2135,0.20258,0.19246172410802073,0.18266,0.17321,0.16413,0.15533,0.14776,0.14132,0.13517,0.13073,0.12644
22-01-2026 11:40,25230.6,0.11001555989387785,0.11095,0.1127,0.11542,0.11893,0.12346,0.12878,0.13507,0.14286,0.15035,0.1589,0.16722480310155383,0.17552,0.18424,0.23382,0.22297,0.21283,0.20268,0.19260777848617505,0.18294,0.1738,0.16513,0.15713,0.15053056352836874,0.14431,0.13938,0.1355,0.13284
22-01-2026 11:45,25200.8,0.13034,0.12707,0.12579,0.12618,0.12794,0.13121,0.13519,0.14066,0.14796,0.15439,0.16295,0.17075,0.17877,0.18663379537464414,0.22867,0.21832680345996622,0.20777,0.19708,0.18627,0.17701,0.1679053837245291,0.1585,0.14969,0.14189,0.13525,0.12864,0.12412205321003401,0.119
22-01-2026 11:50,25218.4,0.11816903064994753,0.11799,0.11825,0.12004,0.12293,0.12744459223699656,0.13162,0.13778,0.14525,0.15228,0.1605428968452292,0.16860291144136083,0.17647,0.18503,0.23193,0.22182,0.21127,0.20134,0.1911,0.18159,0.17246,0.16374472546293303,0.15526,0.14788,0.14172663787121662,0.1358,0.13142,0.12799
22-01-2026 11:55,25201.6,0.12001,0.11932,0.11974,0.12163,0.12481,0.12881,0.13424,0.14034,0.1483,0.15507,0.16351,0.17177,0.1796,0.1887,0.23017,0.2196,0.20952648098301743,0.19954,0.18937,0.18024,0.17079,0.16267,0.15446,0.14755,0.14166,0.1361,0.13219394704596638,0.12873
22-01-2026 12:00,25184.35,0.13758,0.13244,0.12988,0.13034,0.13271394418610147,0.13560440604896987,0.13886,0.14457,0.15216,0.15950972814720535,0.16743,0.17523,0.1835493354567193,0.19241,0.22840574740532488,0.21731,0.20632,0.19602,0.18569,0.17597466780383067,0.16609,0.1571,0.14822,0.14008,0.13273,0.12559,0.12063,0.11536
22-01-2026 12:05,25218.75,0.13087,0.12668,0.12499,0.12484,0.1277806622131073,0.13089491245519677,0.1341,0.13956,0.14689891087827378,0.15396,0.16225,0.17015266076737387,0.17781,0.18703,0.2305,0.21984,0.20922,0.19904,0.18865,0.1790091459699622,0.16943,0.16058,0.15135,0.14328,0.13606,0.12929,0.12342,0.11846
22-01-2026 12:10,25226.35,0.12834,0.12438,0.12308,0.12431974289400546,0.1255,0.12883,0.13372525424531648,0.1386,0.14562,0.1531878214896685,0.16094,0.16851,0.17645,0.18564,0.23027,0.21899,0.20862651219777115,0.1981,0.18752,0.17778,0.16817,0.15930238721395643,0.15021,0.14225,0.13511,0.12849,0.12273,0.11839
22-01-2026 12:15,25221.55,0.13087,0.12662,0.12485,0.12467,0.12612,0.12894,0.13336,0.13905,0.14608,0.15341313249165395,0.16142,0.16924,0.1767992576293153,0.1848080332391176,0.2287915085734616,0.21801,0.20763358476556262,0.19688,0.18636,0.17645,0.16673,0.1578750707925782,0.14855,0.1402,0.13314,0.12629,0.12024,0.11566
22-01-2026 12:20,25272.95,0.10777,0.10918,0.11013,0.11252,0.11574,0.11971,0.12478,0.13223422458787878,0.13927341193657614,0.14593,0.15429,0.16213,0.17068,0.1795235664754903,0.23702,0.22579,0.21552,0.20511,0.19413,0.18511,0.17556,0.16716,0.15828,0.15104,0.14519428117744487,0.13972014540087446,0.13467,0.13125
22-01-2026 12:25,25240.05,0.13081,0.12636724517488984,0.12305,0.12343,0.12401,0.12723,0.13101,0.13657,0.14324,0.15053,0.15886,0.16678,0.17518,0.18403,0.2314,0.22076339669399617,0.21001,0.19899,0.18895252227751333,0.17866,0.16859,0.15934,0.15022,0.1429910154728324,0.13551399518388993,0.12828,0.12165,0.11719
22-01-2026 12:30,25251.1,0.13184,0.12588,0.12274,0.12196,0.12266,0.1270647762623144,0.13164476713551607,0.13626939802835733,0.14101,0.14825,0.1565,0.16431,0.17284649605032018,0.18126,0.23153,0.22096,0.20977,0.19965,0.18950374636886014,0.1792,0.1696251624627778,0.16020217165251802,0.15072,0.14231,0.1349,0.12783,0.12144,0.11525984377842706
22-01-2026 12:35,25259.05,0.11375,0.11285,0.11296,0.11425,0.11663,0.12023,0.12509,0.1311,0.13856,0.146856778832877,0.15486,0.16350778161231258,0.17196,0.1812,0.23344236721129397,0.22293,0.21239,0.2021,0.19122,0.18161,0.17208656036135675,0.16285,0.15423,0.14655,0.14013,0.13408,0.12891,0.12525
22-01-2026 12:40,25236.55,0.12143,0.11888,0.11785,0.11858,0.12061,0.12433,0.1288,0.1348,0.14199,0.14964,0.1576048262541801,0.16577,0.17465,0.18377,0.23071,0.21957,0.20866,0.19814155762514818,0.18749,0.17785,0.16802,0.15876,0.15014,0.14232,0.1357,0.12925,0.12412,0.11937
22-01-2026 12:45,25253.05,0.11407965370665861,0.1137,0.11324,0.11404,0.11663,0.12147753600401442,0.12645021769487466,0.13136,0.13986905114762235,0.14805856530039405,0.15672615952792598,0.1652555166734591,0.1730917852001555,0.18119,0.23296,0.22186,0.21098,0.1998,0.18881,0.17943,0.16946,0.16021,0.15147,0.1437634599790192,0.1361,0.13035088920482824,0.12471,0.12011
22-01-2026 12:50,25254.0,0.10616,0.10634,0.10745,0.11055,0.11341,0.11806,0.12397,0.131451450381702,0.13861,0.14621,0.1552720898081739,0.16401965350632322,0.17242,0.18251,0.23222,0.22122,0.21044,0.19967,0.18945969162937698,0.17941966843835574,0.16946,0.16058,0.15221,0.14482,0.13801,0.13277366787249612,0.1278,0.12496
22-01-2026 12:55,25215.15,0.11693,0.11559,0.11562,0.11762,0.12057,0.12475,0.13009,0.13645,0.14476,0.15272911959834845,0.16112,0.16993,0.17884389989158395,0.18816,0.22672,0.21609,0.20483,0.1943,0.1832,0.17413,0.16487972855353222,0.15541,0.14757,0.14025,0.13412,0.12866,0.12398,0.1193566722039184
22-01-2026 13:00,25215.7,0.12028,0.11817,0.11746,0.11863,0.12125,0.12562668304187127,0.13016,0.13671,0.14473,0.15251,0.16138,0.17026,0.17891,0.18906,0.2264,0.2154,0.20441610503691965,0.19346,0.1825,0.17286,0.1632933868151542,0.15348,0.14544,0.1378,0.13144,0.12591730420870634,0.1203,0.11621
22-01-2026 13:05,25210.35,0.11631,0.11678308426257995,0.11664451501540178,0.11698,0.12032,0.1251625247749186,0.13022,0.13689,0.14524,0.15312,0.16221,0.17072,0.1797,0.19028,0.22657016270847535,0.21559,0.20467,0.19364312275793774,0.18263,0.17306,0.163563860558733,0.15394,0.1462,0.13844,0.13297,0.12712,0.12332594438065159,0.11964
22-01-2026 13:10,25206.6,0.11138,0.1124743975672714,0.11223,0.11539685345393304,0.11804,0.12279,0.12887,0.13615,0.14458396860312303,0.15277,0.16252,0.17164,0.18067,0.18972314564262288,0.22767,0.21638,0.20602,0.19486,0.18431368780762142,0.17393,0.16423,0.15523,0.14719,0.13983,0.13354,0.12783,0.12334,0.12059
22-01-2026 13:15,25186.75,0.1258736228861642,0.12416,0.12157,0.12197,0.12424595807746411,0.12712,0.13228,0.13881,0.14705,0.15477,0.16365,0.17236,0.18179,0.19077,0.22374,0.21337,0.20264,0.19149,0.1811282659991927,0.17076,0.16041,0.15123,0.14319122179985658,0.13516464554805244,0.12696,0.1203,0.11439,0.10863
22-01-2026 13:20,25195.0,0.1181612774611765,0.11774,0.117,0.11890413914910973,0.12077,0.12443,0.13025,0.13702,0.14521,0.15400742148770025,0.16253,0.17128,0.18032,0.19023,0.22537,0.21457700464337245,0.20384,0.19303,0.18168,0.17161,0.16195,0.1531,0.14463,0.13758483433955354,0.13042,0.12457890103420101,0.11923,0.11484
22-01-2026 13:25,25194.95,0.11545,0.11404,0.11425,0.11633,0.11942,0.12361,0.13015016051340214,0.13692,0.14568,0.15473225332437093,0.16349,0.17259897780335212,0.18163,0.19123,0.22589,0.21543,0.20496,0.19431,0.18359,0.17389,0.16421,0.15583,0.14765,0.14,0.13434,0.12917276702315095,0.12492,0.12021820618804424
22-01-2026 13:30,25171.75,0.1432,0.13615,0.1311,0.12962,0.13031,0.13214,0.137384739406539,0.14346847251583095,0.14993,0.15715,0.16596,0.17461,0.184,0.19342,0.22189962692038462,0.21074,0.1999100916262523,0.18898002352928311,0.17787,0.16798,0.15783,0.14782,0.13892311236702978,0.12957,0.1217,0.11384,0.10646,0.09984099248078387
22-01-2026 13:35,25225.85,0.10471,0.10773754801310932,0.10754,0.11160805849767401,0.11402,0.12019347407645112,0.12522,0.13245,0.14169710482451142,0.1502497815067624,0.15859,0.1672,0.1766713927177774,0.18541,0.22525061839755128,0.21536721712876172,0.20571,0.19599,0.18523,0.17619,0.16682939646592354,0.15805,0.15082802340171372,0.1436375925538096,0.137,0.13167,0.12773,0.12513
22-01-2026 13:40,25195.9,0.12374,0.12275006638159128,0.12072273102019959,0.11976,0.12276582713995539,0.12616,0.13153,0.1382,0.1462591116704504,0.15395,0.16323,0.1715714315154198,0.18046,0.1899,0.22344,0.21331,0.20240543295712626,0.19152,0.18156576840825825,0.17166639211152887,0.16165757708820627,0.15191,0.14299,0.13503,0.12823,0.12205117620845668,0.11572,0.10969314495005267
22-01-2026 13:45,25188.3,0.12734779616540376,0.12541,0.12318,0.12313,0.12513,0.12814,0.13379757977127146,0.13966,0.14793,0.15588472054727526,0.16408,0.17227279026277584,0.18112,0.19097,0.22203,0.21151,0.19995,0.18986,0.17852,0.16927,0.1594236108059568,0.14961,0.14032,0.13213,0.12488,0.11745,0.11126,0.10524
22-01-2026 13:50,25206.65,0.12820009440666397,0.12637,0.12402,0.12326,0.12433,0.12728,0.13213,0.13825,0.14571,0.15345,0.1624,0.17054152603658032,0.17913,0.18909,0.2252098667990229,0.21404,0.20291,0.19184,0.18065,0.17112,0.16077,0.1507,0.14105,0.13153,0.12403,0.11657,0.10964,0.10354
22-01-2026 13:55,25236.1,0.11656,0.11359,0.11470613978425542,0.11564402853721435,0.11625,0.12045,0.12573,0.13353611146022457,0.14127500135716223,0.14887,0.15822,0.16671,0.17650908719853217,0.18618,0.22795,0.21717,0.20582,0.19499,0.18373,0.17406,0.16392,0.1543787136100222,0.14499761383295706,0.13574,0.12867220011756175,0.12181,0.11645,0.11189
22-01-2026 14:00,25232.35,0.11278,0.1114985280250618,0.11044,0.113302275391394,0.1159718623110927,0.11889,0.12442,0.13177,0.14082,0.14875,0.15824,0.16729,0.1762,0.18516235067612585,0.2278379090768659,0.2160004218993439,0.20418,0.19241,0.18109,0.1710057165151624,0.16079,0.15092,0.1423,0.13419,0.12787,0.12171,0.1171678338262261,0.11263
22-01-2026 14:05,25228.35,0.10703597374637684,0.10708,0.10712,0.10975,0.11323,0.11804,0.12407,0.13184,0.1409,0.14891,0.15828630811085695,0.16756,0.17744337823226164,0.18734,0.2252876149921773,0.21401,0.20277558740398594,0.19156,0.18108717558669807,0.17085167291926126,0.16046,0.15106,0.14225,0.13464,0.12825,0.12236,0.1183,0.1145
22-01-2026 14:10,25212.7,0.10325,0.10382,0.10594,0.10885,0.11289,0.11798,0.12494,0.13375242908732557,0.14238,0.15053,0.16028,0.16979,0.17899,0.18902,0.22308,0.2125101599345083,0.20205,0.19124,0.18135415839473804,0.17176,0.16192,0.15288,0.14506,0.13776,0.13253,0.12725,0.12369,0.11994380720783686
22-01-2026 14:15,25178.75,0.12182,0.1185,0.11731,0.11826,0.12078,0.12452,0.13073,0.13801,0.14683,0.15506,0.16487,0.17383,0.18321,0.19247303364666046,0.22138616462362481,0.20979,0.19827,0.1869,0.17605,0.16626,0.15609,0.14672,0.13831160097026915,0.12978,0.12368,0.11768,0.11192675251013745,0.10589783778888659
22-01-2026 14:20,25194.65,0.11846,0.11485,0.11537595337258394,0.11535,0.11816,0.12504050042394826,0.13188614711606803,0.13876763062516423,0.14569,0.15461289744638215,0.1635657690546657,0.17242,0.18114,0.19248,0.21477832392011265,0.20486414479167653,0.1949874779440868,0.18516017756149394,0.17536,0.16566,0.1555037180531853,0.14546,0.13666,0.12849,0.12242,0.11647869412327116,0.11085,0.10634
22-01-2026 14:25,25206.4,0.13345,0.12568,0.1217,0.11997,0.12155,0.12397,0.12961,0.13628,0.14473,0.15238,0.16165,0.17013,0.17877,0.18748430458693466,0.22143,0.21092,0.19894,0.18769,0.17631895242730375,0.16503331660448645,0.15369,0.14311,0.1343013144718268,0.1254430271988561,0.11657,0.10903,0.10235,0.09526
22-01-2026 14:30,25236.6,0.14193,0.13211,0.12578,0.1224,0.12370819182963591,0.12527489882803214,0.12701,0.13379672677597185,0.14065,0.1477,0.15648,0.16456,0.1726,0.1807219278332935,0.22544262424446251,0.21403,0.20264,0.19115,0.1791,0.16845815980494808,0.15779,0.14667,0.1368,0.12692,0.11873,0.11061,0.1026,0.09509
22-01-2026 14:35,25267.55,0.13245,0.12446,0.11907,0.11772846714210461,0.11656,0.11849,0.12255,0.12866,0.13621,0.14339,0.15211,0.15998,0.16808,0.17725,0.22783,0.21768,0.20597362314659065,0.19426,0.18242,0.17251,0.16169,0.15087,0.14137,0.13163,0.12358000307859658,0.11555,0.10842,0.10158
22-01-2026 14:40,25289.0,0.11881251798274024,0.11554,0.11313463404538246,0.11038,0.11062,0.11348,0.11844,0.12494,0.13286,0.14065179295415486,0.14849,0.1556,0.16394,0.17239385146245367,0.22969614372704797,0.21954,0.20935,0.19642,0.18545,0.17533,0.1644,0.15399,0.14452,0.13534,0.12744,0.12046,0.11392,0.10707
22-01-2026 14:45,25289.65,0.1265,0.11898,0.11442,0.11143,0.11179,0.11412,0.11793,0.12328,0.1315,0.13912201801589702,0.14695,0.15481,0.16299,0.17293,0.22661,0.2165,0.20512514438767576,0.19358,0.18106,0.17133,0.15961,0.14912,0.13972,0.13057,0.12292,0.11586,0.10908,0.10263
22-01-2026 14:50,25294.65,0.11257,0.10885,0.10926321247131483,0.109201272853367,0.10930036328053006,0.10929,0.11406,0.12007,0.12843,0.13603,0.14475790797713545,0.15341,0.16192,0.17181,0.22732,0.21666,0.20698,0.19387,0.1822,0.17141,0.161061951407088,0.15082828239560328,0.14075,0.13205,0.12467,0.11794,0.11225,0.1065
22-01-2026 14:55,25290.85,0.12505,0.1183,0.11366,0.11078,0.11049,0.11193,0.11479,0.12027,0.12826,0.1361343891857239,0.144,0.15238,0.16102,0.16975333409367582,0.22431,0.21334,0.20302,0.19065,0.17886,0.16820499057766658,0.15749,0.1469,0.13782,0.12883,0.12193,0.1152,0.1092933078390361,0.10323
22-01-2026 15:00,25269.5,0.11006,0.10676,0.10425,0.10401,0.106565666396937,0.10865,0.11289,0.11928,0.12814,0.13594,0.14531,0.15404,0.1627786867703665,0.17172,0.22366,0.21357,0.20234,0.18974,0.1781,0.16744603697720956,0.15686,0.14672,0.13807989776984483,0.12967,0.12325,0.11747210498208287,0.11208,0.10714
22-01-2026 15:05,25256.3,0.13972,0.13118721270506947,0.12421090796131942,0.11811,0.11684660643315108,0.11644,0.11855,0.12337,0.13109,0.13759,0.14609,0.1536,0.16076,0.17157,0.22269,0.21193,0.20212,0.18893,0.17636,0.16553,0.15355,0.14238,0.13331,0.12411,0.11681,0.1094,0.10242,0.09535
22-01-2026 15:10,25297.3,0.12411,0.11729,0.11174,0.10823,0.10833492162448971,0.10824,0.11119,0.11643,0.12445,0.13209063343382618,0.13938,0.14775,0.15498,0.16581,0.2272165330579318,0.21557,0.20379091105963462,0.19217,0.18089864503520514,0.1699,0.15856,0.14748,0.13834,0.12938,0.12225,0.11514,0.10924,0.10310901071295478
22-01-2026 15:15,25297.45,0.13466,0.12452,0.11788671305541439,0.11152,0.10988,0.10975,0.11440631273613033,0.11920426379098344,0.12425,0.13058,0.1391073569482596,0.14761753364695052,0.15617,0.16649,0.22453997230626144,0.21324,0.20198,0.18929,0.17793988190263693,0.16658,0.1554,0.14371,0.1340206982311661,0.12415,0.11671,0.10891,0.10236,0.09474
22-01-2026 15:20,25308.25,0.13438904976744223,0.12651,0.11843,0.11297,0.11042,0.10944,0.11139,0.11523,0.12287,0.12878,0.13797,0.1464,0.15615849448743138,0.16518,0.22618,0.21531,0.20509,0.19178,0.17973,0.16889,0.1573,0.14589,0.13596,0.12591,0.11784996489330347,0.10996,0.10303,0.09568
22-01-2026 15:25,25314.1,0.12248076097982245,0.11838242903255783,0.11396,0.10975,0.10909022812243037,0.10811,0.1098,0.11630560259214479,0.12258018759833886,0.12859,0.13684,0.14746,0.15770359988988308,0.16634,0.2256861515947964,0.21422,0.20312,0.19107,0.17871,0.16734723537798624,0.15573,0.14379,0.13299,0.12443150886908227,0.11524,0.10856,0.10267,0.09716789709641804
23-01-2026 09:15,25292.15,0.11931,0.11649,0.11509,0.11437426284523404,0.11418,0.11547,0.11955,0.12571,0.13537881325859144,0.14485691883959542,0.15412187057401688,0.1643971313128033,0.17459,0.18376632831305578,0.24477,0.23396,0.22297,0.21016332614264893,0.19779775499926644,0.1856260518490332,0.17365,0.16193,0.15213,0.14322,0.13578,0.13011,0.12536,0.12142
23-01-2026 09:20,25265.75,0.15631,0.14353,0.13315,0.12697065733010385,0.1228,0.12116,0.12231,0.12772,0.13584,0.14465,0.15388516591966808,0.16482,0.17464926189871313,0.18469,0.24396,0.23260246700410417,0.22085,0.2079,0.19492,0.18248,0.1701745589403631,0.15744,0.14538,0.13438,0.12516,0.11665,0.10902,0.10073
23-01-2026 09:25,25330.85,0.12813,0.12132,0.11486,0.11163,0.10964,0.10946,0.11183,0.11716,0.12565,0.13605831651662909,0.14577168988807532,0.15603,0.16678506739424448,0.17721,0.2536021663867519,0.24198,0.23026,0.21748,0.2051,0.19247,0.1795,0.16666,0.15364,0.1427,0.13305,0.12516,0.11848,0.11179151673550727
23-01-2026 09:30,25330.3,0.10710746675298644,0.10461,0.10332,0.10229,0.10288,0.10443,0.10828,0.11533,0.12474,0.1352,0.14612,0.15677995848928122,0.16717,0.17867,0.25374,0.24161705268643097,0.22954186962560474,0.21749,0.2051,0.19356,0.18234285796309277,0.1711745124212846,0.16009165772701997,0.14910353724825764,0.13837,0.13156,0.12593,0.12058
23-01-2026 09:35,25299.45,0.12453,0.11639,0.11166,0.1092631619529287,0.10737,0.10758,0.11121,0.11806,0.12835,0.13879600139531703,0.14951,0.16119,0.17159,0.18236,0.25024,0.2382276397125735,0.22614923728917533,0.21401,0.20141,0.18963,0.17706520431839104,0.16441,0.15234,0.14161,0.13315,0.12488,0.1189,0.11226
23-01-2026 09:40,25299.95,0.11211,0.10773,0.1071832269522222,0.10580222194009138,0.10436,0.1056,0.10957,0.11735,0.12765860620407396,0.13748,0.14949,0.16018,0.171,0.1817,0.25295,0.24189,0.22915,0.21597,0.20356,0.19183,0.17915,0.16708,0.15541,0.14557,0.13685,0.12948,0.12378,0.11808
23-01-2026 09:45,25269.0,0.13505,0.12568,0.11863,0.11398,0.11201,0.11176,0.11522,0.12257,0.13271,0.14307731721964573,0.15413,0.16573,0.17524119636471028,0.18534,0.24748,0.23550387652442475,0.22327,0.21027559366396315,0.19701,0.18480161634034578,0.17224,0.15981,0.14748,0.13673,0.1287134312989942,0.12051686652717576,0.11206,0.10445
23-01-2026 09:50,25300.7,0.10530172344128538,0.10346499447365493,0.10102,0.09972,0.10033,0.10567399499157579,0.11060915544118138,0.11544,0.12655,0.13711,0.14907,0.16072,0.16983,0.18175,0.25005,0.23819764263880192,0.22641,0.21445,0.20208756062830438,0.19005,0.1775049613537636,0.16533,0.15422,0.1446676905030941,0.13561,0.12812,0.12267,0.11716
23-01-2026 09:55,25284.3,0.11967697009476934,0.11467,0.10997,0.10683,0.10583,0.10818402087527042,0.11068,0.11894,0.1295,0.14041,0.15111,0.16192147942544766,0.17282,0.18339,0.24961246617006705,0.23659,0.22362,0.21121,0.1985041563784939,0.18583,0.17265,0.16037,0.14893,0.13825,0.13016838481419965,0.12193,0.11560431606670935,0.10906
23-01-2026 10:00,25294.9,0.11551,0.10871,0.10436,0.10219,0.10211,0.10379,0.10796,0.11805732413442588,0.12819474587474058,0.1383166977365287,0.14825,0.1593570713844082,0.17017,0.18201,0.24879,0.23819,0.22575,0.21331,0.19948,0.18824,0.17501,0.16269,0.15122,0.14120392062849,0.13134,0.12581,0.11644,0.11059
23-01-2026 10:05,25293.15,0.10517,0.10167,0.09968,0.0982,0.09925,0.10135,0.10671,0.11611,0.12728,0.13881,0.15037590026330896,0.16201,0.17172,0.18302,0.24983779086662353,0.23745,0.22507,0.2119506868538097,0.19887,0.18769,0.17481,0.16247,0.15127272109088222,0.14012,0.13199814812015612,0.12392,0.11809,0.11261
23-01-2026 10:10,25285.05,0.11052,0.10597270874136182,0.1024,0.10061,0.10086,0.10313,0.10837,0.11749,0.12893,0.13934,0.1512,0.16325,0.17293,0.18352,0.24909830907527689,0.2364,0.22374935946068233,0.2111,0.19732,0.18653,0.17361033737308698,0.16068,0.1495617354644245,0.13838,0.13026417366859377,0.12203,0.11586,0.10975
23-01-2026 10:15,25283.3,0.09813,0.0969,0.09643,0.09644,0.09796,0.10282630637160235,0.10741,0.11859926094707454,0.1297858333233337,0.1408,0.15197,0.16357,0.17413102451897422,0.18454,0.24748,0.23625,0.22383,0.2114,0.19799,0.18669,0.17432,0.16229,0.15133,0.14208326678519353,0.13319,0.12637,0.12096,0.1163
23-01-2026 10:20,25261.25,0.11266,0.10693,0.10368,0.10196,0.10212,0.10799209013907338,0.11374471388046045,0.11993,0.13215,0.14341239558705463,0.15483,0.16683,0.17642,0.18590373267540294,0.24452,0.23264,0.21969,0.20778,0.19476,0.18301,0.16998,0.15745,0.14593,0.13537,0.12714,0.11906,0.11292,0.10675
23-01-2026 10:25,25266.4,0.12923,0.12084,0.11433559601937948,0.10906,0.1068,0.10733,0.11143,0.12046,0.1313404829134546,0.14234,0.15368,0.1651,0.17515,0.18488,0.24812198040620842,0.23405,0.21999,0.20768,0.19478,0.1828,0.16968396833526922,0.15649,0.14467144465094042,0.13273,0.12314,0.1146,0.10689,0.09944126766927562
23-01-2026 10:30,25303.15,0.11532,0.10978,0.10509,0.10165,0.10087,0.10216,0.10624,0.11495,0.12659,0.13721,0.14878,0.15988,0.16944,0.17992,0.24986,0.23875,0.22534,0.2129054669414747,0.20076,0.1885,0.17505765825865782,0.16166,0.14991134719237817,0.13819,0.12852,0.12019,0.11289,0.10566686754030007
23-01-2026 10:35,25313.0,0.10599,0.10186,0.09907,0.09747,0.09851005065144465,0.0994,0.10381,0.11312,0.12386,0.13501,0.14694,0.15955,0.16936,0.18005,0.252,0.24023,0.22746282148349398,0.21476275982860404,0.20219951769396718,0.1897,0.17706,0.1643035568328153,0.15175,0.14111,0.13216,0.12425919070759442,0.11661,0.10884092802784938
23-01-2026 10:40,25297.7,0.11135,0.10597601304615732,0.10164,0.09885,0.09857,0.10014,0.10682927186017614,0.11392,0.12568,0.1366,0.14834,0.16081,0.17098,0.18154,0.24998,0.23817,0.22556183717523712,0.21299,0.20011,0.18782,0.17474,0.16203,0.150621619098658,0.13919,0.13021498184025715,0.12116,0.11415,0.10767
23-01-2026 10:45,25297.35,0.09821,0.0961,0.09449,0.09374,0.09458,0.09708,0.10329,0.1140875392141438,0.12481,0.13631,0.14818190552075644,0.15986,0.16983,0.1798602758548569,0.25003,0.23822,0.22587,0.21317936346178556,0.20057,0.18858,0.17634,0.16313,0.15174,0.14097,0.13188,0.12401,0.11728,0.11047152188725853
23-01-2026 10:50,25284.35,0.10889,0.10308,0.10032326050902926,0.09792,0.09777,0.10142563139308539,0.10539,0.11485,0.12655,0.13792,0.14891406804234947,0.15975593426812112,0.17051966720728162,0.1813,0.24965,0.2371219033777808,0.22462,0.21215,0.19953,0.18702,0.17404,0.16081,0.14871,0.13728,0.12794,0.11977,0.11228,0.10575
23-01-2026 10:55,25278.2,0.11094,0.105,0.10087,0.09864,0.09843,0.10062,0.1063,0.11618,0.12824,0.1389,0.15059150873841312,0.16219,0.172,0.18298,0.24994237798180682,0.23687,0.22382,0.21133,0.19828,0.18614,0.17283,0.15906,0.14739012897078382,0.1357,0.12612,0.11825324293047117,0.1103,0.10344
23-01-2026 11:00,25279.7,0.09949,0.09668,0.09590241574400808,0.09447,0.09556,0.09858,0.10716560162574422,0.11571,0.12772,0.13953137932097037,0.15124,0.16314,0.1738,0.1836,0.24788,0.23718,0.2236,0.21164,0.19899,0.18645,0.17314,0.15991,0.14826,0.13761,0.12834,0.12056,0.11372,0.10677823805512424
23-01-2026 11:05,25270.35,0.11142,0.10533,0.10125,0.09914,0.10168455807049516,0.10454063239018106,0.10775,0.11755,0.12923,0.14062,0.15225414621797229,0.16401,0.17519,0.18616474084716925,0.24668,0.23478,0.22181,0.2094,0.19672628500281059,0.184,0.17078,0.15764,0.14516,0.13386,0.12443,0.1159,0.10893,0.10227
23-01-2026 11:10,25281.6,0.10635,0.10234749296827472,0.09802,0.09604,0.09709,0.09969,0.10605,0.11605,0.12821,0.13898,0.15062,0.16228622326544248,0.17368,0.1835,0.24835,0.23587,0.2229189975883641,0.2100866015212725,0.19733,0.18506,0.17165,0.1587,0.1462,0.13463,0.12497,0.11648,0.10931,0.10249
23-01-2026 11:15,25277.8,0.09535,0.09551697491404473,0.09482182661403435,0.09434329722027628,0.0938,0.09953159661570138,0.10508,0.1156,0.12818,0.1392,0.15124,0.16256684546007388,0.17365,0.18335,0.24587,0.23482,0.22086,0.20872,0.19640007167295254,0.18418,0.17177,0.15952,0.14744,0.13673,0.12866103974998597,0.12072214477145636,0.11301,0.10725
23-01-2026 11:20,25261.05,0.11031,0.10344,0.09958,0.09768,0.09885,0.10159,0.10799,0.11835,0.12998286302449136,0.14178,0.15327,0.16436097411460251,0.17543,0.18648,0.24568,0.23374,0.2202,0.20732297056070673,0.19441,0.18205,0.16933948650700506,0.15658,0.14398,0.13288,0.12363615779163996,0.11444,0.10707,0.09983638859890569
23-01-2026 11:25,25270.95,0.10547750802005776,0.10164,0.09754,0.09611,0.09717,0.10005,0.10856496377341325,0.11709,0.12867,0.14035,0.15238,0.16421,0.17445541482779117,0.18445,0.24593876703476922,0.23355101642837126,0.22117,0.20887,0.19554,0.1829,0.17018,0.15771,0.14458,0.13327,0.12294,0.11471578297460495,0.10649,0.09934
23-01-2026 11:30,25274.7,0.09177,0.08955,0.08944,0.09118534168554011,0.0926,0.09732,0.10662336820861823,0.11568,0.12778078710003643,0.13943,0.15143657489555176,0.16318,0.17414515325410018,0.18476,0.24712,0.23528,0.2218,0.20902,0.19618,0.18467,0.17181,0.15975,0.14731,0.13744916209690952,0.1278,0.12088100225369404,0.11411017588638833,0.10746
23-01-2026 11:35,25252.0,0.0935,0.09162,0.09199735760893595,0.09228,0.09519,0.10037,0.10855,0.11968,0.1319602084721509,0.14375,0.15529,0.16707,0.17758,0.18871,0.24268,0.23094,0.21751,0.20479,0.19155,0.18014,0.16828,0.15635,0.14542,0.13578,0.12799,0.12147053991321614,0.11509,0.11053
23-01-2026 11:40,25221.8,0.10092,0.09778,0.09666,0.09843693286340911,0.10061,0.10582,0.11556,0.12721,0.13961,0.15203,0.16314,0.17341493616372577,0.18383,0.19405837049270805,0.23925,0.2268036537495933,0.21433,0.20188,0.18882,0.1763490627097286,0.16385,0.15167,0.14043,0.13085,0.12271,0.11628718963866606,0.10956,0.10438
23-01-2026 11:45,25210.75,0.09618,0.09724444802198903,0.09747,0.09935,0.10373,0.10955,0.11906,0.13073,0.1424,0.1539398105624729,0.16531,0.17591,0.1863484968177779,0.19675,0.23574,0.22526,0.21174,0.1984,0.18638,0.17499,0.16393,0.15306,0.14354,0.13564,0.12815,0.12247,0.11882,0.11379
23-01-2026 11:50,25193.45,0.11117,0.1073,0.10723633328736226,0.10771333133600741,0.1085,0.11501150687751266,0.12208,0.13307,0.14486,0.1561,0.16703,0.17741,0.18736,0.19852,0.23272,0.22105,0.20822,0.19501634173873547,0.18169,0.16945,0.15821,0.14718180743079426,0.13596,0.12681,0.11883,0.11236,0.10684,0.10173
23-01-2026 11:55,25208.4,0.10773,0.10369,0.1022,0.10292,0.10575,0.11266943451354247,0.11979,0.1304,0.14257,0.15349,0.16449847413823518,0.17532,0.18533,0.19545155056340194,0.23561,0.22389,0.21046,0.19772,0.18489,0.17183,0.16035,0.14834,0.13744,0.12787,0.12039471240454118,0.11298,0.10728,0.10154780840891457
23-01-2026 12:00,25209.75,0.10629181817141344,0.10481,0.10303,0.10346,0.10637,0.11101,0.12150179330536673,0.1321067182474283,0.14275,0.15335,0.16428,0.1752,0.18619261311429847,0.19714,0.23589,0.22355,0.21073542266835563,0.198,0.18517,0.17238634411916337,0.15967,0.1473,0.13627,0.1266,0.11889686281719236,0.11104,0.10492,0.09911
23-01-2026 12:05,25207.8,0.09717,0.09832068479358778,0.09899236288306897,0.09955,0.10375,0.10947,0.11933,0.13061,0.14312,0.1545,0.16511,0.17556,0.18695916292955225,0.1982,0.23501,0.22209,0.20998,0.19729,0.18451,0.17225,0.1607,0.14862,0.13918144628500884,0.12999,0.12296,0.11696,0.11247,0.10886
23-01-2026 12:10,25190.3,0.10602,0.10311,0.10236,0.10405,0.10765,0.11494600300925951,0.12261,0.13353,0.14595,0.15725,0.16790188071434242,0.17872,0.18877,0.1987802827527168,0.23266,0.2198621672956955,0.20708961206957932,0.1943,0.18239,0.16962,0.15765,0.14576,0.13523,0.12612,0.11846,0.11226,0.10710399477371928,0.1021
23-01-2026 12:15,25193.1,0.12044,0.11324,0.1091,0.10911817538161063,0.11003,0.1141,0.12241,0.13313,0.14523,0.15614736506269322,0.16696,0.17735843661052295,0.18781,0.199,0.23385,0.22083,0.20803,0.19529,0.18201,0.16936,0.15689,0.14393,0.13247,0.12203,0.11306,0.10491,0.09748,0.09034
23-01-2026 12:20,25216.55,0.0906195821665026,0.09371137615908161,0.09698778384944069,0.09993,0.10351,0.10881,0.11909359684971732,0.12907,0.14159,0.15297886872556712,0.16402,0.17452,0.18521,0.19582,0.23652,0.22488,0.2115,0.19831,0.18575228168198346,0.17343,0.16068,0.14839,0.13724,0.12774,0.11932,0.11244,0.10652,0.10192
23-01-2026 12:25,25202.7,0.10902,0.10505,0.10428470377821164,0.10354,0.10717351184257046,0.11111,0.1202,0.13111,0.14351,0.15435,0.1652,0.1766,0.18718663605565153,0.19783,0.23468,0.22237,0.20902,0.19636,0.1836,0.17092765717918332,0.15822,0.14686565250913414,0.1355129707156524,0.12424,0.11559,0.10874194944880061,0.10184,0.09596
23-01-2026 12:30,25205.2,0.10924,0.10449,0.10241,0.10351,0.1062,0.11118,0.12027,0.13170865555702546,0.14318,0.15424633664304385,0.16530379951798868,0.17632,0.18762,0.19829,0.23551894240134777,0.22218,0.20888,0.19620442676065314,0.1836102574562087,0.17105,0.15802,0.1455846399657729,0.13319,0.12291,0.11407,0.10656,0.09979,0.09415
23-01-2026 12:35,25205.5,0.11402,0.10881041247892742,0.10454,0.10462,0.10685,0.1115,0.12027,0.13105,0.14285,0.1538883658620361,0.16493,0.17635,0.18638,0.19688,0.23527,0.22295,0.20959,0.19659154189158967,0.18372,0.17078,0.1577598998364085,0.14482,0.13307,0.12233,0.11291,0.10468,0.09735,0.09008536754099909
23-01-2026 12:40,25211.7,0.11514,0.10934310483523478,0.10518,0.10499,0.10666,0.11088,0.11947,0.12981,0.14194,0.15277,0.16456,0.17497,0.18622,0.19683,0.23403,0.22129,0.20819,0.19528,0.18287,0.17019,0.15677,0.14473821700475828,0.13262768809322778,0.12064,0.11144,0.1038648617066974,0.09605,0.08937
23-01-2026 12:45,25238.75,0.09531,0.09296,0.09274,0.09478,0.09861,0.10362,0.11331,0.12480399962272068,0.13567,0.14706,0.15868,0.17112,0.18118,0.19242,0.23603058155782075,0.22368935142287028,0.2115,0.19929,0.18696,0.1748,0.16178,0.14858,0.13795077362166067,0.12777,0.11935,0.1118,0.10566,0.10053
23-01-2026 12:50,25208.05,0.11818,0.11080609277728116,0.10589,0.10503,0.10911200873828286,0.11366143732706048,0.11886,0.12907,0.14021152774624518,0.15177,0.16278,0.17508,0.1857611649118408,0.19678,0.2354872741681814,0.22163,0.20784,0.19651,0.18341,0.17058,0.15694322778712771,0.14308,0.13085,0.11971,0.11072976186756679,0.10129,0.0937,0.0855
23-01-2026 12:55,25226.8,0.09191,0.09074,0.0932050590152354,0.09436,0.09989911263331509,0.10493,0.11622742668892354,0.12694,0.13837,0.15025,0.16205,0.17356,0.18439073318025834,0.19498,0.23641,0.22369,0.21182,0.20039,0.18718565643915913,0.17433,0.16074,0.14707,0.13576,0.12571,0.11721,0.10981,0.10391,0.09895
23-01-2026 13:00,25191.8,0.10732,0.10216,0.10054,0.10197,0.10559,0.11314260350741334,0.12128,0.13301,0.14436993109583712,0.15608,0.16683,0.17872,0.18873,0.19995,0.23239,0.22018,0.20746,0.19582,0.18204,0.16979,0.15628,0.14286,0.13142,0.1209,0.11199,0.10432540327280537,0.09654,0.08989
23-01-2026 13:05,25191.25,0.10227012186715205,0.10077,0.09948,0.10124,0.10514,0.11102,0.12143,0.13310020263087438,0.14478,0.15664,0.16748,0.17944,0.19018,0.20155,0.23167249920001978,0.21953,0.20747,0.19582,0.18203,0.17015,0.15659,0.14283,0.13138,0.12085,0.1118,0.10375,0.0965,0.09041
23-01-2026 13:10,25194.95,0.10157,0.09802,0.09731,0.09991,0.10395,0.1104,0.12148152911416663,0.13232,0.14430120599369559,0.15573,0.167,0.17842,0.18909,0.20112,0.23302,0.22039562181207126,0.20792077218305807,0.19548633905030446,0.18311,0.16964,0.15624,0.14236,0.13117,0.12132051867188591,0.11148,0.1041,0.09747,0.09101783087524318
23-01-2026 13:15,25171.1,0.09416,0.09542066068082791,0.0962,0.101,0.10826295594429385,0.11552,0.12639,0.1379863987632615,0.14971560601847245,0.1611,0.17255,0.18417,0.19448,0.20596,0.22774093978990045,0.21619,0.20472,0.19249,0.17962379643480958,0.16678,0.15381,0.14203,0.13153,0.12279,0.1152,0.10933,0.10496,0.10098
23-01-2026 13:20,25141.7,0.09918,0.10042,0.10271,0.10734,0.11295,0.12225149530484118,0.13196,0.14377,0.1549,0.16568,0.17704721425666356,0.18856,0.19941,0.2101320357002037,0.22429,0.21339,0.2011,0.18918,0.17603,0.16335,0.15068,0.1396,0.12972,0.12260746791848182,0.11556447553702671,0.10861,0.10422,0.09779
23-01-2026 13:25,25138.55,0.09959,0.09975,0.10383627485052031,0.10753,0.1139,0.12191,0.13279,0.14464,0.15683,0.16747,0.179,0.19071,0.20056,0.21212,0.22394,0.21174,0.20072,0.18754560957911198,0.17434,0.1622,0.14993,0.1388911264695996,0.12773,0.11936,0.11245,0.10677,0.10292146975588584,0.09899
23-01-2026 13:30,25095.3,0.10352,0.10563,0.11032170532066018,0.11503,0.12248,0.1321635524875757,0.1424,0.15439,0.1655701117293395,0.1774,0.18879,0.20028,0.21161,0.2223,0.22468,0.21272,0.20148,0.18886,0.17617,0.16462,0.15373,0.1436,0.13495,0.12908776125368976,0.12350219705981848,0.11829,0.1160197691419841,0.11441
23-01-2026 13:35,25072.05,0.10627,0.10742,0.11133,0.11663,0.12465695482576701,0.13282,0.14377,0.15568,0.1668358088624221,0.17828,0.18975667261059098,0.20123,0.21156,0.22188644764715681,0.22141,0.20886090044831823,0.19618,0.1839701163187795,0.1715,0.15941,0.14792,0.13777,0.12862,0.12121,0.11527,0.11134952144373621,0.10719,0.10371
23-01-2026 13:40,25076.35,0.1005,0.10382,0.10953,0.11588,0.12411,0.1349375094192752,0.14561642765953323,0.15623,0.16833,0.17852,0.19002,0.20099166501017002,0.21165,0.2226,0.2251,0.2129365071462539,0.20101,0.18915,0.17594,0.16462,0.15405,0.14446,0.13681104523449308,0.12982,0.12428,0.12172597514725403,0.11991,0.1204
23-01-2026 13:45,25053.0,0.11187,0.11390591408800754,0.11669,0.12201,0.12927,0.13836,0.14889,0.16014,0.17213,0.18303083851846727,0.1941,0.20525174742686564,0.21633,0.22737,0.21884,0.2064655800428261,0.19421884732062458,0.18173,0.16826,0.15582,0.14497,0.1361163140711083,0.12681651505186448,0.11786,0.11116,0.10602,0.10205362287819428,0.09759
23-01-2026 13:50,25055.05,0.11105,0.11255,0.11691,0.12263,0.12998,0.13922,0.14982,0.16105,0.17257,0.18399,0.1948,0.20664,0.21748178331663529,0.22849,0.22043,0.20712,0.1946737284822814,0.18212,0.16866,0.15651,0.14516,0.1352085948023004,0.12498,0.11719,0.11063,0.10486,0.10082,0.09688954395380969
23-01-2026 13:55,25054.0,0.11215,0.11334,0.1173,0.12296352908848626,0.12874,0.13901067430047562,0.14928368469870332,0.15952,0.17036,0.18221,0.19365,0.20479,0.21581519944550137,0.22690832496796992,0.21977,0.2081,0.19563,0.18322,0.1706,0.15865,0.14751,0.13711,0.1281,0.12067,0.11411,0.10903,0.1056,0.10223
23-01-2026 14:00,25054.2,0.11441,0.11770262918353411,0.12128416982564345,0.12490940739147983,0.12875,0.13712,0.14771219444417338,0.15833,0.1693,0.18057,0.19126,0.20207,0.21334,0.22331,0.21929,0.20717,0.19529,0.18134,0.16902534082238901,0.15673293963208668,0.14443,0.1335,0.12424,0.1165,0.10991,0.10398,0.09874,0.09436
23-01-2026 14:05,25065.1,0.11171,0.11208,0.11495,0.11976,0.1261,0.13483,0.14508,0.15631,0.16766,0.17854,0.18921,0.20063861834524435,0.21187,0.22187,0.22034,0.20887,0.19703,0.18391,0.17078591038232366,0.15778,0.14614,0.13499,0.12562,0.11815,0.11178896133051358,0.10558,0.10159,0.09656
23-01-2026 14:10,25058.25,0.11362,0.11404,0.11716,0.1215,0.12778,0.13652,0.14688503192513014,0.15781,0.16918,0.1801,0.19032,0.20165,0.21292069545456674,0.22438,0.22067,0.20866909155773777,0.19652,0.18292,0.16945,0.15701,0.14502,0.13361,0.12347,0.11525,0.10969,0.10308,0.09849,0.09298
23-01-2026 14:15,25090.65,0.09978,0.10291,0.1088687170013034,0.11374,0.12098,0.12996,0.1401,0.15103,0.16303,0.17347,0.18454,0.19525,0.20674578571091293,0.21772,0.22608,0.2139,0.20107,0.18844,0.17504,0.16301,0.15186,0.14089,0.13175,0.12436,0.11926,0.11535,0.11358200639255034,0.11247
23-01-2026 14:20,25059.65,0.10638,0.10812,0.11316887985156368,0.11766,0.12569564843538666,0.13389,0.14472519005779186,0.15581,0.16723,0.17783,0.18819,0.19926,0.21027710002338967,0.2211481470719335,0.22341,0.21041,0.19825,0.18500639567068844,0.17186,0.15965,0.14814,0.13705,0.12795,0.12066,0.11570781287778793,0.11106,0.10765,0.10473
23-01-2026 14:25,25049.75,0.1126342572014572,0.11518,0.11749,0.12119,0.12738,0.13461,0.1447,0.15513,0.16647,0.17606,0.18724172913370798,0.1983872077167212,0.20949829904832723,0.22056,0.2197,0.20694,0.19409,0.1802,0.16690402266425616,0.15341,0.14203630155556846,0.13057541102106102,0.11907,0.11017,0.10294,0.09634,0.08975,0.08191
23-01-2026 14:30,25077.85,0.11012,0.11027,0.11321,0.11741,0.12437,0.13381719889919497,0.14348,0.15363,0.16489,0.1743,0.18512,0.19678,0.20853,0.2183,0.22389,0.21011,0.19796,0.1842,0.17068,0.15744,0.14487,0.13241,0.12266044107764217,0.11309,0.10574,0.09974,0.0941,0.08855
23-01-2026 14:35,25087.05,0.1078,0.10743,0.11074609746592284,0.11406,0.12163583571699695,0.129,0.1397852120881429,0.15027870972372112,0.16079834085678274,0.17109,0.18275,0.19445026934195403,0.20595,0.21554,0.22344,0.21089858699744907,0.19846,0.18482,0.17106,0.15737,0.14542,0.13415112133327828,0.12292,0.11544670146296118,0.10799,0.10227,0.09782,0.0929
23-01-2026 14:40,25094.55,0.1012919613678545,0.1053,0.10947,0.11466,0.12255,0.1323458381392081,0.14241755988699872,0.15227,0.16277,0.17191,0.18385,0.19511,0.20606838403071123,0.2169,0.22589,0.2129075088992684,0.20016,0.18735,0.17383,0.16140807782520766,0.14905281745881613,0.13695,0.12586,0.11704,0.11101,0.10538,0.09988084978171179,0.09407764550370908
23-01-2026 14:45,25081.45,0.10176,0.10398,0.10931646126345626,0.11413,0.12328891305387425,0.13217,0.14255,0.15294,0.16312341529389487,0.17305,0.1848926429492337,0.19652,0.20829,0.21885,0.2247,0.20978,0.19875,0.18541,0.17329,0.1604,0.14909922734041262,0.13823,0.12811,0.12114091464009291,0.11468,0.11013,0.10692,0.10319457441764471
23-01-2026 14:50,25059.3,0.10616295473932646,0.11132854919622487,0.11717,0.12199170726708804,0.12789,0.13662,0.14639,0.15629,0.16695,0.17648,0.18874,0.19922,0.21018,0.22051,0.2181219118697911,0.20545,0.19303,0.18035,0.16728,0.15404,0.14196,0.13058884475652432,0.11889,0.10969,0.10360592073258298,0.09703,0.0915,0.08374
23-01-2026 14:55,25096.0,0.1012684657120781,0.10472,0.1084,0.11268,0.11992,0.12927,0.13943,0.1505761353371728,0.16087,0.17099,0.1832474725506474,0.19457,0.20503,0.21545,0.22446,0.21082080169207126,0.19757,0.18516,0.17236,0.15908,0.14692684010151802,0.13503,0.12398,0.11532,0.10926,0.10437,0.10001,0.09741
23-01-2026 15:00,25071.15,0.10632,0.10791,0.11251,0.11727,0.12556,0.13521,0.14652,0.15761,0.16824,0.17934,0.1912,0.20287,0.21389,0.22422,0.22224,0.2099165935994816,0.19792,0.18468728920894006,0.17151,0.15907505420828308,0.14663,0.13499,0.1255983324931706,0.11609,0.11005,0.10618,0.10368,0.1
23-01-2026 15:05,25059.0,0.1009,0.10433,0.10951,0.11488,0.12411,0.13455,0.14715,0.15877,0.17062,0.1813,0.1929544387104033,0.20477,0.21637,0.22744,0.2193,0.2074052782053636,0.19568,0.18348,0.17207,0.16041,0.15012,0.13935,0.13024,0.12326,0.1195348703449378,0.11648,0.11517,0.11593
23-01-2026 15:10,25045.6,0.11068,0.11322266854512987,0.11676,0.1215,0.13029,0.14035503716159126,0.15104,0.16104,0.17246,0.18353401430506494,0.1947010321491284,0.20594096424164438,0.21719,0.22664,0.21826266717841442,0.20548,0.19291438690534385,0.18023,0.16745227230089266,0.15451,0.14377,0.13176,0.12273929871569984,0.11352,0.10779,0.10344,0.10013463130818384,0.09623
23-01-2026 15:15,25061.1,0.10403,0.10756,0.11216,0.11735,0.12658,0.1366,0.14719,0.15763,0.16971,0.18027,0.19149,0.20296,0.21502,0.22596,0.22229,0.20842,0.19569,0.1819992649289965,0.16849612769878702,0.15498,0.14334,0.13215,0.12057,0.11286,0.10961,0.1063,0.10408290937613703,0.1021
23-01-2026 15:20,25040.65,0.1146,0.11616,0.12130521225376248,0.12692867569026392,0.13309,0.14630168222709208,0.15303,0.16364627773423235,0.17486,0.18481,0.19637538889206085,0.20832,0.2181,0.22899,0.22035768189512883,0.20667445757004754,0.19313,0.17961,0.1662,0.15292,0.14013,0.12789,0.11618,0.10749,0.10335834604631673,0.0991,0.09488,0.08909
23-01-2026 15:25,25049.65,0.10887,0.11147,0.11604,0.12176,0.13109,0.15201568206553298,0.15154,0.16182,0.17314,0.18434,0.19727,0.20814,0.2205,0.22986,0.21958,0.20286,0.19008,0.17715,0.16433,0.15096,0.13995,0.13431382047842647,0.12330002072846083,0.10726,0.10175,0.09947,0.09448,0.08977
27-01-2026 09:15,25113.05,0.27499,0.30202,0.32281,0.35058,0.38461,0.42786,0.47824,0.52453,0.57367,0.62043,0.653753168999268,0.70998,0.7408773722785255,0.7716852211050745,0.80455,0.75263,0.70349,0.64961,0.59775,0.55382,0.51257,0.48379,0.46589,0.46533,0.47357,0.49258,0.51278,0.54893
27-01-2026 09:20,24981.3,0.37173,0.38093,0.41563808288598436,0.45011113692995725,0.4869063171757005,0.5223826231818062,0.55918,0.60764,0.6609,0.70752,0.76109,0.80431,0.84893,0.8747314882189484,0.722,0.67056,0.63579,0.57755,0.52942,0.47801,0.43734688675825373,0.39554,0.37825,0.3773,0.38901,0.40171609958731236,0.41378,0.42700360461270576
27-01-2026 09:25,24940.7,0.41215,0.41457,0.42548,0.459823139806423,0.4958,0.53823,0.58329,0.6345373716390389,0.6864,0.73837,0.78617,0.83239,0.877,0.9152150793624829,0.70051,0.6539925198471097,0.60735,0.55241,0.5018,0.4528,0.40457,0.36324,0.34476535853643486,0.32686,0.31923,0.31138,0.2881,0.26526599257737227
27-01-2026 09:30,24944.4,0.43418,0.43019,0.4426890519577886,0.45789,0.49781499043515803,0.53966,0.5863086917891988,0.63551,0.68635,0.7382025330873183,0.79262,0.83608,0.8787465297933592,0.92433,0.69697,0.65541,0.61709,0.56144,0.51004,0.45156,0.4030951043477044,0.35395,0.31876,0.30027,0.27829632481639094,0.2557789894375819,0.23261,0.15552
27-01-2026 09:35,25018.3,0.4495,0.42747,0.41019,0.42032,0.45178,0.4913460385305768,0.52925,0.57595,0.62223,0.67629,0.7247553213844906,0.77034,0.81264,0.85271,0.7435918047459357,0.69537,0.64737,0.60076,0.54814,0.4962,0.44574,0.400068886941883,0.35472,0.32039,0.29276,0.26448,0.22211,0.12637
27-01-2026 09:40,25090.85,0.4547,0.4137,0.39014,0.38476,0.40993,0.44455,0.48925,0.53745,0.58193,0.63655,0.68678,0.73576,0.76941,0.81462,0.79603,0.74443,0.69617,0.64951,0.60292,0.55029,0.49947,0.45308,0.40468,0.36501,0.333,0.30009,0.26344,0.2039
27-01-2026 09:45,25142.05,0.36816,0.34955,0.3373,0.34272,0.37227616329732116,0.40126,0.44811,0.49461,0.54701,0.59015,0.6423095958352499,0.6936456882387102,0.74219,0.78754,0.8205458723518388,0.77235,0.7234005013253427,0.6754,0.63383,0.58196,0.52995,0.48245314295712843,0.43571,0.40108,0.3768,0.35236,0.32150877353051777,0.29136
27-01-2026 09:50,25142.45,0.34662,0.32683,0.31992,0.32756,0.35831,0.39611,0.44871,0.50094,0.54737,0.59426,0.65191,0.6983362759584986,0.74216,0.78114,0.8242444449183013,0.77273,0.72082,0.67648,0.6286126721446386,0.58085,0.53176,0.48237,0.4405,0.40779,0.385094022432893,0.36309656698091475,0.34076,0.30921
27-01-2026 09:55,25130.4,0.32119,0.31184,0.31403,0.32672,0.36179,0.4087573314109251,0.45679,0.51181,0.5620840423803797,0.61344,0.6625048873859526,0.71226,0.75959,0.7934,0.80994,0.7601,0.72919,0.6777940222729082,0.6264,0.56905,0.516,0.46864,0.42882,0.4091863752195456,0.38960185741361625,0.37073,0.3537962854150276,0.33788
27-01-2026 10:00,25139.8,0.32443,0.31949216065608715,0.320636844843465,0.32502,0.36391984255069,0.40375,0.4579540015067651,0.51008,0.56064,0.6132890306143138,0.66324,0.70756,0.755973329783976,0.7960255319879672,0.83447,0.78289,0.7338479931469579,0.68513,0.633,0.58504,0.52821,0.47811,0.431,0.39817,0.37604,0.35656,0.33606,0.31098
27-01-2026 10:05,25125.85,0.30215,0.29677,0.30128,0.32297,0.36228,0.40899,0.46656,0.51932,0.57315,0.62148,0.67629,0.72081,0.762206680102915,0.80129,0.8331806273959117,0.7828607772838572,0.73296,0.6827328992972421,0.63328,0.57812,0.52108,0.47288,0.43083,0.40016,0.38385,0.37058,0.35888,0.33865
27-01-2026 10:10,25088.75,0.4075,0.3805054264390228,0.35823,0.36103,0.39319353460719436,0.42782,0.48428,0.53178,0.58393,0.63445,0.68859,0.73067,0.7829,0.82034,0.81291,0.76659,0.71267,0.66199,0.6086784805085035,0.55399,0.49687,0.44858,0.39699,0.36248,0.33467,0.30424003728457827,0.27156,0.21831
27-01-2026 10:15,25129.65,0.43897,0.39066,0.36472,0.36018,0.38258,0.41304,0.46322204205632056,0.51171,0.56872,0.61118,0.66561,0.71362,0.75313,0.79688,0.84848,0.7956,0.74158,0.69533,0.63808,0.58309,0.53429,0.47852,0.43107,0.38655,0.35069,0.31475,0.27834,0.22729
27-01-2026 10:20,25170.2,0.32589,0.30563,0.30868332401302156,0.31025,0.34257,0.38807,0.442590000712291,0.49493,0.553,0.59737,0.65279,0.69651,0.74989,0.78886,0.87099,0.8256109305690453,0.78094,0.73318,0.67496,0.62221,0.56933,0.5189239883460047,0.4688303600483844,0.42046,0.39022327498429443,0.36053,0.3316679471291652,0.30288
27-01-2026 10:25,25164.05,0.25371,0.26218,0.27617,0.30173,0.34283,0.39283,0.4492,0.50273,0.5552698551168267,0.60586,0.67118,0.7142694279476814,0.7572926963272131,0.79871,0.87468,0.82807,0.77342,0.72691,0.67296,0.61698,0.5619,0.51093,0.468503764047109,0.42822,0.40896,0.3934849347656614,0.38081,0.37269
27-01-2026 10:30,25123.35,0.3273,0.31534,0.324648077041686,0.33808,0.3801036021240144,0.42491,0.48153,0.533213234875009,0.58658,0.63961,0.6926810732469675,0.7464,0.79521,0.83545,0.85189,0.79916,0.75078,0.6989474341978206,0.64601,0.59014,0.54071,0.49048,0.43891,0.39674,0.3685760460831676,0.33773,0.31402,0.28019
27-01-2026 10:35,25122.35,0.25548423063443776,0.28023123936458816,0.3076,0.33586,0.37908,0.4338955803958382,0.48624,0.54057,0.58795,0.64561,0.7025,0.74763,0.79619,0.82755,0.8585,0.80533,0.75652,0.70959,0.65084,0.5970616604760396,0.5436731627718907,0.49179,0.4435,0.40453,0.3814436158178017,0.35626,0.33601,0.31486
27-01-2026 10:40,25095.65,0.2505617785651384,0.27705,0.30858,0.34517,0.39676,0.45649170004973033,0.5135,0.57223,0.62559,0.6761898539928277,0.7262105745845528,0.7755,0.82494,0.87277,0.82604,0.77517,0.73559,0.66826,0.62248,0.56794,0.5174544199190267,0.46905,0.42666,0.41728,0.41798,0.42719,0.44604,0.47381
27-01-2026 10:45,25027.6,0.33335,0.33817,0.35486,0.39740579957809957,0.44222,0.49912,0.5557,0.61343,0.66951,0.72857,0.7756075871927507,0.82268,0.8669831565506105,0.91224,0.81134,0.75038,0.7006271693710093,0.64989,0.59084,0.53037,0.47477,0.42695,0.37786,0.3552078554106534,0.33006,0.3166103906801472,0.2975,0.26889
27-01-2026 10:50,25020.95,0.2918761930922951,0.3311,0.3725308167021583,0.41388,0.46816,0.5256424361251386,0.58347,0.63393,0.67963,0.74791,0.8027,0.8509,0.89024,0.94593,0.82915,0.7691683474582632,0.7104246642497731,0.65159,0.59194,0.5382,0.48057,0.4304,0.398680287948167,0.36854,0.36669,0.37527,0.38861483156432486,0.40869
27-01-2026 10:55,24997.0,0.3272,0.35964488296790864,0.3944476801638838,0.4288,0.4844743796479309,0.53983,0.59563,0.64794,0.70518,0.76982,0.81506,0.8733,0.924365508263095,0.97544,0.80799,0.754711344619718,0.70166,0.64264,0.58219,0.52396,0.4695492474436955,0.41534,0.37268,0.35504,0.35497,0.3639542074338538,0.3720257102525987,0.3853
27-01-2026 11:00,24984.95,0.29469320236735147,0.34250421599734143,0.39296615982011934,0.44337,0.49355,0.55304,0.60914,0.66918,0.7194,0.7846,0.83519,0.8877676898438285,0.94099,0.99173,0.8465158218935089,0.7761557197302815,0.70616,0.63595,0.57545,0.5175437606346001,0.45921,0.40189,0.34996,0.32186,0.31013,0.29312,0.26525,0.201
27-01-2026 11:05,25008.55,0.35938,0.3760280093840504,0.39529,0.43643,0.48808,0.5469564425531629,0.60524,0.65624,0.71909,0.77679,0.83301,0.88779,0.93527,0.98664,0.8067456016003355,0.76668,0.72755,0.6635050447420137,0.6000433886494537,0.53754,0.47948,0.42233,0.36786,0.33818,0.32588,0.3172357399030838,0.31009,0.29008
27-01-2026 11:10,25017.35,0.35447,0.37256356211889236,0.3917,0.4387596808437724,0.48639,0.54371,0.6020954120136893,0.66031,0.71616,0.78283,0.83535,0.90092,0.94465,0.9880069286124759,0.84323,0.78659,0.74005,0.66858,0.6099128170191793,0.55235,0.4896388444978745,0.42763,0.37099,0.33704,0.32149,0.31010792400853077,0.29971,0.27694
27-01-2026 11:15,25024.0,0.36044,0.36747,0.38888,0.42815,0.48191,0.53609,0.59681,0.65096,0.70102,0.77263,0.82914,0.88409,0.9333946460906709,0.9822,0.84713,0.79103,0.74571,0.67934,0.61259,0.5491829980482243,0.48546,0.42832,0.37381,0.33669,0.31376,0.29753,0.2823106487664733,0.2662360425148378
27-01-2026 11:20,25044.9,0.32104,0.34421917426377213,0.36439,0.41123,0.46217,0.52086,0.58499,0.63522,0.69429,0.7546533796476755,0.81298,0.87951,0.92713,0.96345,0.85907,0.8038,0.75361,0.68763,0.63226,0.56455,0.51188,0.45302,0.39312,0.36313,0.34214,0.33306,0.32606,0.31835
27-01-2026 11:25,25036.65,0.36696,0.36749,0.38782,0.42691,0.47633748606737025,0.52892,0.58582,0.63827,0.6913,0.76463,0.8207,0.88782,0.93488,0.9803552376727245,0.8633753121670394,0.80684,0.7515997914980846,0.69546,0.6370164728641431,0.57808,0.5149,0.45444,0.39294,0.34485,0.31554,0.2906790305975542,0.26278,0.209
27-01-2026 11:30,25078.55,0.30177,0.31892,0.34583,0.39147,0.4461645574183559,0.50143,0.55908,0.6156483558014476,0.67088,0.73376,0.7965615610207493,0.85717,0.91064,0.95374,0.89745,0.84137,0.79065,0.72989,0.6709135464868348,0.61261,0.54192,0.4866,0.42664,0.38602,0.36245,0.34457,0.33544,0.3234622037867039
27-01-2026 11:35,25074.65,0.3271652933733088,0.34012,0.35804,0.39528,0.436,0.49221,0.55529,0.60544,0.66896,0.73161,0.79348,0.84687,0.91508,0.94711,0.90452,0.83873,0.7876454431374652,0.73505,0.67733,0.61641,0.54493,0.48589,0.42361,0.37293,0.33543,0.30926697365640216,0.28242,0.25141
27-01-2026 11:40,25088.45,0.51292,0.44935,0.42746,0.43359,0.45344,0.48777,0.54722,0.59689,0.6518661905052481,0.70847,0.76042,0.8141852761211107,0.86804,0.91268,0.92354004585366,0.86574,0.8097879811797741,0.75212,0.68852,0.62328,0.56051,0.5012,0.43625,0.38682,0.3401,0.29952,0.25544,0.17427
27-01-2026 11:45,25159.6,0.26014,0.2794,0.30133,0.33437,0.37354,0.43836,0.49435,0.54956,0.60709,0.6715336881245919,0.73216,0.78416,0.8271767260273474,0.86457,0.97798,0.9111,0.85324,0.79336,0.7316,0.6694145625709773,0.6086081513994449,0.5481393696271686,0.48941,0.44602,0.42422,0.41054,0.40549,0.41203
27-01-2026 11:50,25103.25,0.3271,0.32609,0.3415,0.37589,0.41313,0.472988368026024,0.53389,0.59395,0.6447777409155284,0.69661,0.77721,0.81837,0.87825,0.92405,0.94209,0.87488,0.81721,0.76497,0.69521,0.63118,0.56521,0.50148,0.44941,0.4184976533771057,0.38774,0.376157595121033,0.36494,0.34715
27-01-2026 11:55,25084.4,0.36087758904229916,0.37526,0.388886425746094,0.4052,0.43891,0.49008,0.55875,0.60674,0.66333,0.71693,0.79863,0.85098,0.91214,0.9709873668407554,0.95193,0.8877165589653765,0.8242917892493482,0.76111,0.69042,0.61931,0.5576992208854427,0.4960674029500051,0.43434,0.39001,0.3611296484261193,0.33146,0.30429,0.26015
27-01-2026 12:00,25100.25,0.3932,0.37693,0.37919,0.4093241842924446,0.44151,0.49354,0.5541,0.60307,0.65156,0.7142993237866524,0.77765,0.82725,0.8783194149858161,0.9270531295176954,0.9623,0.88186,0.82452,0.77303,0.7053802801406025,0.6379219164441979,0.571,0.5128966765189902,0.45472,0.40448,0.37113,0.34364,0.31813,0.291890744118862
27-01-2026 12:05,25122.5,0.35913,0.347,0.35271,0.37884,0.42015,0.47865,0.53933,0.5966893625344674,0.65344,0.69809,0.78273,0.82285,0.89728,0.9702523889624668,0.98853,0.90705,0.84928,0.78884,0.72602,0.6541,0.59385,0.533967943775638,0.47451,0.43383675848140585,0.39439,0.37132,0.3522,0.3315319296255469
27-01-2026 12:10,25117.85,0.37709,0.3605,0.36361,0.38941,0.42902,0.4917421445128655,0.55495,0.59802,0.66477,0.72079,0.78509,0.84864,0.9044142443303879,0.95972,0.98491,0.90182,0.84542,0.79545,0.73937,0.6659,0.6034075579044195,0.54119,0.47988,0.42957,0.39059,0.36109,0.33405,0.3012
27-01-2026 12:15,25117.6,0.30765,0.31365,0.33785,0.38075,0.438,0.49899,0.56222,0.62062,0.6757227174679601,0.73016,0.7892024780877951,0.84696,0.9233,0.97212,1.01025,0.92673,0.85601,0.81432,0.7486,0.67419,0.61091,0.5559690516186364,0.5013073837675323,0.44767,0.41968,0.39999,0.38464,0.37378
27-01-2026 12:20,25109.2,0.39454,0.38048987789374744,0.37656,0.40138,0.4554361703747275,0.51201,0.57587,0.62761,0.68817,0.73425,0.81144,0.8637,0.94107,0.99043,1.00465,0.93314,0.8761493800422314,0.819,0.7514731562796977,0.6835,0.62307,0.55271,0.48838,0.42912,0.37872,0.33881,0.29643507527211593,0.24873
27-01-2026 12:25,25134.2,0.27995,0.29513,0.33675502728560114,0.37419,0.42935,0.4948,0.56462,0.6234504098304534,0.67951,0.73799,0.81575,0.85823,0.94879,0.98686,1.03517,0.94871,0.90214,0.8369315567377423,0.77268,0.72383,0.63977,0.58404,0.51233,0.4674161132462527,0.42482,0.40127,0.38577,0.37778
27-01-2026 12:30,25098.2,0.34532,0.3507131276522322,0.36118,0.4013,0.45691,0.52494,0.59417,0.66049,0.71503,0.76211,0.84146,0.89501,0.98724,1.00813,1.0379,0.95103,0.88906,0.83341,0.76474,0.70024,0.62633,0.56307,0.49249,0.4407,0.39862,0.36573,0.33397,0.29361
27-01-2026 12:35,25099.65,0.32818,0.3356,0.36352,0.41336,0.47017,0.53637,0.6028603588216803,0.66877,0.72412,0.7939318653190922,0.86377,0.92022,1.00022,1.03866,1.04009,0.97827,0.90271,0.8395724305896334,0.77667,0.71739,0.6441313770879638,0.57224,0.51253,0.45385,0.41578,0.3913781645338097,0.3681,0.3435554982444493
27-01-2026 12:40,25084.95,0.3308983488658131,0.35756,0.3851,0.43265,0.48939,0.55081,0.61517,0.682462291253102,0.7495413955338769,0.81686,0.87549,0.936388345360379,0.99762,1.04657,1.04478,0.96906,0.90513,0.84759,0.7788744722041883,0.71012,0.62832,0.55539,0.49525,0.4564538397505272,0.41804553223510466,0.37996560145007063,0.34137,0.30492713268231336
27-01-2026 12:45,25083.9,0.2968048135735635,0.33588,0.38006,0.43751,0.49765,0.5658355101604023,0.63201,0.6991783187068746,0.76706,0.82994,0.8880086223908131,0.94517,1.0283,1.06306,1.05972,0.98286,0.91795,0.85952,0.78761,0.7134,0.6369,0.56286,0.50176,0.45209,0.42086,0.40056,0.38685,0.38058
27-01-2026 12:50,25065.25,0.3993,0.39715,0.42182,0.46947,0.52555,0.59988,0.66958,0.7254217766780378,0.78377,0.85703,0.9222221494495385,0.98798,1.04271,1.0964625587128578,1.07631,0.96973,0.90591,0.83859,0.75874,0.69506,0.62552,0.54605,0.47978844070631194,0.41217,0.36272,0.31743,0.27514618847741407,0.23106898133435824
27-01-2026 12:55,25094.45,0.33154,0.3502,0.3889,0.4547504817636952,0.5198209501583344,0.58448,0.6508686567433297,0.71484,0.77353,0.84815,0.916238758364831,0.98176,1.05306,1.10751,1.10123,1.028034012618727,0.9560317433276917,0.88526,0.80352,0.7374,0.65314,0.57953,0.5093,0.44418,0.40057,0.36528,0.34277,0.3115
27-01-2026 13:00,25087.35,0.32893,0.348,0.4007099216562786,0.45282,0.52299,0.58998,0.66662,0.72416,0.796171764140557,0.86777,0.94264,1.00345,1.07589,1.13114,1.11403,1.03344,0.95265,0.8821431914275464,0.81111,0.74373,0.66463,0.5880097379484492,0.51132,0.45443,0.408,0.37208,0.33849,0.30072
27-01-2026 13:05,25077.3,0.37491,0.387,0.42388,0.47872,0.5369,0.61433,0.69302,0.74483,0.82368,0.87877,0.93987,1.01338,1.08612,1.13901,1.10891,1.0349805157561547,0.96104,0.90142,0.80672,0.74013,0.66738,0.5854251665900126,0.50256,0.44235,0.39536600529397836,0.34786,0.30785,0.25246
27-01-2026 13:10,25078.6,0.38621,0.39523,0.43152,0.48027,0.54075,0.6185,0.6834,0.75694,0.82697,0.90538,0.98283,1.04564,1.12058,1.15819,1.12954,1.0471,0.96446,0.90732,0.8341063155634807,0.76234,0.68031,0.6113063899179977,0.5416061626314627,0.47345159142721266,0.40577,0.35911,0.31882,0.25628
27-01-2026 13:15,25088.55,0.3802074572244234,0.41003,0.44149,0.48748,0.54588,0.62644,0.70165,0.76234,0.83383,0.88793,0.99268,1.062014349439629,1.13316,1.14869,1.15813,1.07422,0.99013,0.9322,0.83392,0.77672,0.6958572670959912,0.61558,0.53137,0.46989,0.41386,0.36185,0.31393042339782484,0.26639
27-01-2026 13:20,25085.9,0.43553,0.43431,0.45449,0.49675,0.55424,0.6322572196123045,0.71032,0.785713562046615,0.86254,0.92093,1.00047,1.0453,1.15693,1.19614,1.15829,1.07399,1.010999651323604,0.94771,0.8637354781239572,0.78017,0.70546,0.61252,0.5370571600986844,0.4614,0.39462,0.3487315818876079,0.3026,0.23747
27-01-2026 13:25,25098.05,0.46141,0.45251,0.46505,0.50455,0.56244,0.6376195654558283,0.71329,0.78384,0.86895,0.94142,1.01001,1.09028,1.1697,1.21001,1.15904231274678,1.10515,1.05253,0.97691,0.89784,0.81566,0.73052,0.64864,0.56142,0.47273,0.40676,0.34945,0.30219,0.25735046994811617
27-01-2026 13:30,25112.65,0.36831,0.38375,0.4351653380039187,0.48536,0.55493,0.63535,0.71437,0.79586,0.87378,0.94799,1.03188,1.0998682225794474,1.16419,1.22291,1.22766,1.15967,1.08677,1.007506330865408,0.92938,0.8434573464981155,0.75914,0.68207,0.58743,0.5117,0.44197,0.39028,0.35284,0.32109641096467845
27-01-2026 13:35,25095.5,0.28249,0.35515841467238124,0.42153,0.49482,0.578930166920004,0.65956,0.7536,0.8196,0.9028959940562861,0.98382,1.0604224521620722,1.1364146246167282,1.209918059888005,1.28497,1.21494,1.1546639843731845,1.09508,1.00257,0.93371,0.8499662703010039,0.7672814067299081,0.68561,0.6228718196068498,0.56349,0.5395393380310394,0.52212,0.53098,0.59249
27-01-2026 13:40,25049.05,0.37743,0.42277,0.49073,0.5739759650568793,0.66038,0.74594,0.82367,0.90134,0.97221,1.06132,1.1209,1.1961931589801649,1.27192,1.33216,1.20272,1.13539,1.06165,0.99634,0.92155,0.83142,0.73084,0.64204,0.55651,0.4863,0.42132,0.39112,0.36411,0.33202
27-01-2026 13:45,25044.1,0.42625,0.460172748184717,0.51533,0.59021,0.6696557034613381,0.7499487782885206,0.8304143975904731,0.9104927006265398,0.9857739302582578,1.06364,1.15186,1.216948694441854,1.2861860434080914,1.34114,1.2493393083347284,1.1650825565948149,1.0821,0.999804512420174,0.91634,0.83709,0.73498,0.63898,0.55494,0.4776362825788857,0.39944,0.35232,0.30672,0.22099
27-01-2026 13:50,25054.3,0.37171,0.42344,0.49546,0.57747,0.67696,0.75746,0.85059,0.94007,1.0022,1.08021,1.1713023174983115,1.26015,1.34868,1.39246,1.314,1.2308935229146714,1.15066,1.06292,0.9819,0.88599,0.77972,0.67892,0.58948,0.50801,0.4512549007119456,0.39785,0.3686698692754859,0.34367
27-01-2026 13:55,25040.65,0.38421,0.43769,0.521683652224319,0.6083,0.70442,0.7986509884882887,0.89528,0.97861,1.05464,1.13671,1.21434,1.30604,1.37665,1.44131,1.3193668779464236,1.23488,1.1575518574983876,1.0751466582494031,0.99334,0.8890829411563518,0.7884757807309514,0.68166,0.5889057727391035,0.48888,0.40466,0.3657406104498479,0.29989,0.20917
27-01-2026 14:00,25042.35,0.32664,0.4114,0.50478,0.60881,0.70982,0.80406,0.89113,0.96993,1.0818,1.15066,1.22752,1.3206,1.41273,1.50397,1.392940628126542,1.28946,1.18482,1.0946,1.01173,0.9094700909831324,0.8088,0.7070201555686646,0.6073,0.52322,0.44833,0.41858,0.385884349194635,0.3531133714966987
27-01-2026 14:05,25010.6,0.39868,0.48123,0.5754293680814112,0.67489,0.78007,0.8736279239188122,0.9684347191378916,1.0674,1.15967,1.2408559532922876,1.3243960802684247,1.41135,1.492929761985799,1.57916,1.35802,1.27511,1.1911418775092273,1.10648,0.99522,0.89362,0.78825,0.67908,0.56582,0.47476,0.40107925182319065,0.32586,0.27633,0.12281
27-01-2026 14:10,25041.35,0.37357,0.45821,0.55878,0.6664156457912448,0.77277,0.86212,0.94634,1.05464,1.1554558566484776,1.25296,1.3278651251342442,1.40178,1.49949,1.56997,1.40252,1.3160905007777537,1.2301263945907743,1.14421,1.0163,0.91977,0.8388,0.72874,0.6202533208328205,0.51409,0.41328,0.3543,0.31415,0.25836
27-01-2026 14:15,25034.25,0.3695,0.45459,0.56798,0.67166,0.7812834904623427,0.89058,0.9871111421808192,1.08509,1.19427,1.31635,1.37374,1.49623,1.55624,1.62888,1.44116,1.35926,1.2742684512428208,1.18998,1.05823,0.9419,0.8389140141504227,0.73568,0.62576,0.52151,0.41642,0.366748399561164,0.31669,0.27147
27-01-2026 14:20,25028.4,0.40083,0.48493,0.59172,0.695597165621627,0.79921,0.89922,1.0028,1.10091,1.197105890656544,1.2930471963040238,1.38358,1.51294,1.61732,1.719488582645487,1.48547,1.33764,1.3076,1.1899193299396458,1.07166,0.96811,0.8591,0.75421,0.6467,0.5403,0.44549,0.3874,0.34854,0.28994
27-01-2026 14:25,25022.0,0.42522,0.51321,0.62323,0.7317,0.84639,0.9476238091315635,1.04852,1.1661,1.26484,1.37808,1.46805,1.55096,1.65772,1.76347,1.5649153740299235,1.447166786995451,1.3449307056853845,1.22728,1.1111625059391799,1.00215207090831,0.88354,0.76492,0.64858,0.5281,0.4300373488326414,0.3336728596210516,0.24319543660745305,0.11719
27-01-2026 14:30,25040.85,0.39181,0.50066,0.62518,0.75971,0.88623,0.99624,1.1264,1.2432,1.34177,1.46343,1.56662,1.66481,1.764914878687383,1.87057,1.57868,1.49654,1.4081919441695279,1.32053,1.1973868296847185,1.07647,0.944,0.8212,0.6955458926423732,0.57136,0.45098,0.36207,0.30341,0.24086535081280583
27-01-2026 14:35,25042.95,0.54896,0.57786,0.66313,0.76466,0.89905,1.00651,1.09641,1.22306,1.34797,1.50913,1.5976045892100252,1.68869,1.77649,1.8546,1.65134,1.52633,1.4542225695861957,1.38194,1.2541030504716064,1.12711,0.98879,0.87119,0.74329,0.60591,0.46679,0.34668513473720974,0.22757141278653956,0.10484
27-01-2026 14:40,25097.55,0.33389,0.42508,0.55551,0.67826,0.78645,0.92303,1.03769,1.16763,1.23569,1.42219,1.532660014047188,1.63715,1.7386734206343508,1.83068,1.7994,1.6687,1.5698695489317924,1.47385,1.33685,1.22119,1.06074,0.93888,0.84334,0.69108,0.5493985855666326,0.40992,0.31756,0.26193
27-01-2026 14:45,25108.1,0.37525,0.42842,0.5585534159440458,0.68849,0.8273,0.97349,1.11692,1.23827,1.32278,1.48454,1.58344,1.71158,1.839280548621071,1.9618138995521672,1.91042,1.71363,1.6241529687843337,1.53578,1.4091603620880337,1.27885,1.15422,1.00505,0.88216,0.7352869034114861,0.58912,0.43418,0.30565,0.20319
27-01-2026 14:50,25122.3,0.3121554412341945,0.4328,0.55658,0.70672,0.84021,0.9529,1.12283,1.2365818116114187,1.34638,1.48257,1.61719,1.79522,1.88216,1.94677,2.0256269784542984,1.89989,1.772325799304098,1.64927,1.5170582278632747,1.37749,1.24586,1.08792,0.94426,0.78047,0.6250433016710886,0.47032,0.31555,0.16639
27-01-2026 14:55,25143.55,0.35345,0.38729,0.52999,0.6817513313014383,0.82563,1.0072,1.1527207684951775,1.2937,1.40702,1.55288,1.69702,1.7779,1.8690851306852128,1.94457,2.1603523436621646,2.06243,1.9594216215348037,1.86546,1.7262,1.55776,1.38835,1.2177,1.08865,0.90835,0.7429714915799551,0.58392,0.39964,0.24166
27-01-2026 15:00,25118.0,0.22867,0.42577,0.5916991484499775,0.76229,0.93694,1.07719,1.24115,1.40258,1.56178,1.66008,1.71452,2.02809,2.10815,2.13811,2.27781,2.11407,1.9501,1.8404197489309444,1.72376,1.54954,1.37437,1.19798,1.01998,0.855902869042525,0.6876,0.51939,0.32525,0.13329996168134467
27-01-2026 15:05,25134.65,0.20763,0.42034,0.58577,0.74767,0.96576,1.10655,1.2084,1.45281,1.62229,1.78968,1.85084,2.0172920137083583,2.16189,2.31529,2.60916,2.34411,2.177322134100352,2.012454422346812,1.8476350627311373,1.68275,1.44213,1.2794204363641657,1.11695,0.95237,0.75249,0.56259,0.35433,0.11644
27-01-2026 15:10,25154.95,0.16803,0.40933,0.6191214409041071,0.82645,0.977818153241133,1.12661,1.351924383770488,1.58429,1.7738887165491593,1.96159,2.03204,2.3302,2.38021,2.55189,2.71129,2.521363664449311,2.332852472140607,2.13747,2.13017,1.85502,1.65228,1.44843,1.2431,0.97402,0.82574,0.6179830280809511,0.40968,0.17324
27-01-2026 15:15,25174.85,0.14225,0.42629,0.6745,0.81392,1.03772,1.33488,1.47205,1.7239821779687425,1.9782321665615554,2.22048,2.30421,2.50644,2.7036535120367318,2.90515,3.17201,2.95157,2.88296,2.51011,2.4194,2.06703,1.84445,1.62086,1.39592,1.16917,1.00123,0.75534,0.4962347421546368,0.23712
27-01-2026 15:20,25198.1,0.0168,0.39816,0.69406,0.9482743392071905,1.20671,1.47601,1.84647,2.00071,2.3387241317862766,2.6557,2.76165,3.0500374592525734,3.342692232897678,3.69076,3.9424685943155273,3.681482746514671,3.40433,3.13418,2.86358,2.59234,2.32024,2.04698,1.77218,1.4953,1.21558,0.9497764558080329,0.68798,0.3404
27-01-2026 15:25,25242.4,0.03726,0.35816,0.73157,1.13908,1.53259,1.91634,2.29252,2.66246,3.02705,3.375869140158951,3.74259,4.025373806806842,4.321360264745497,4.802109913577334,4.963954414945367,5.38476,4.97453,4.59339,4.21172,3.82927,3.44575,3.06078,2.6739,2.28444,1.89151,1.4768788051835129,1.08871,0.6832375516736215
