id,value
07-01-2026 09:15||NIFTY27JAN2624100PE,0.16344198959352615
07-01-2026 09:15||NIFTY27JAN2625500CE,0.11912572072805515
07-01-2026 09:15||NIFTY27JAN2625800CE,0.09986405161586298
07-01-2026 09:20||NIFTY27JAN2624000PE,0.1700740747890557
07-01-2026 09:20||NIFTY27JAN2624200PE,0.15972362961764638
07-01-2026 09:20||NIFTY27JAN2624800PE,0.12822180323555926
07-01-2026 09:20||NIFTY27JAN2625000PE,0.11853011330774649
07-01-2026 09:20||NIFTY27JAN2625300CE,0.09846475268359162
07-01-2026 09:20||NIFTY27JAN2625400CE,0.10667936931800512
07-01-2026 09:20||NIFTY27JAN2625800CE,0.10407999429557747
07-01-2026 09:20||NIFTY27JAN2625900CE,0.10151800557835218
07-01-2026 09:25||NIFTY27JAN2624300PE,0.15420749997219277
07-01-2026 09:25||NIFTY27JAN2625100PE,0.11287293856481914
07-01-2026 09:25||NIFTY27JAN2625300CE,0.09481251922659105
07-01-2026 09:25||NIFTY27JAN2626500CE,0.08488976118862591
07-01-2026 09:30||NIFTY27JAN2623900PE,0.17688429857209642
07-01-2026 09:30||NIFTY27JAN2624300PE,0.1522862489418413
07-01-2026 09:30||NIFTY27JAN2625900CE,0.10017455532886001
07-01-2026 09:30||NIFTY27JAN2626400CE,0.08966623912294491
07-01-2026 09:35||NIFTY27JAN2623900PE,0.17711876625251785
07-01-2026 09:35||NIFTY27JAN2624600PE,0.13725823930238631
07-01-2026 09:35||NIFTY27JAN2625100PE,0.11122360992734988
07-01-2026 09:35||NIFTY27JAN2625900CE,0.10133415126032687
07-01-2026 09:35||NIFTY27JAN2626100CE,0.09598191040142515
07-01-2026 09:40||NIFTY27JAN2625100PE,0.11358002654155469
07-01-2026 09:40||NIFTY27JAN2625600CE,0.08817011379877424
07-01-2026 09:40||NIFTY27JAN2625800CE,0.08780178449195995
07-01-2026 09:40||NIFTY27JAN2625900CE,0.08603359983090017
07-01-2026 09:40||NIFTY27JAN2626200CE,0.08422414026202518
07-01-2026 09:45||NIFTY27JAN2625000PE,0.11590326247403313
07-01-2026 09:45||NIFTY27JAN2625200CE,0.12519916677649703
07-01-2026 09:45||NIFTY27JAN2625900CE,0.09944399024666234
07-01-2026 09:45||NIFTY27JAN2626400CE,0.08908617619920507
07-01-2026 09:50||NIFTY27JAN2623800PE,0.1786833999192508
07-01-2026 09:50||NIFTY27JAN2624500PE,0.14125863386611073
07-01-2026 09:50||NIFTY27JAN2624900PE,0.12100806218569152
07-01-2026 09:50||NIFTY27JAN2625200CE,0.13065844293030893
07-01-2026 09:50||NIFTY27JAN2625500CE,0.10866093243131307
07-01-2026 09:50||NIFTY27JAN2625600CE,0.10703659686043207
07-01-2026 09:50||NIFTY27JAN2626400CE,0.08835624591132274
07-01-2026 09:55||NIFTY27JAN2624300PE,0.1515913027077482
07-01-2026 09:55||NIFTY27JAN2624700PE,0.13053782882096296
07-01-2026 09:55||NIFTY27JAN2625000PE,0.11519563432409183
07-01-2026 09:55||NIFTY27JAN2625500CE,0.12651020860368953
07-01-2026 09:55||NIFTY27JAN2625800CE,0.1094533082046227
07-01-2026 09:55||NIFTY27JAN2625900CE,0.10662976597651692
07-01-2026 10:00||NIFTY27JAN2624600PE,0.13730482585024925
07-01-2026 10:00||NIFTY27JAN2625000PE,0.11730088534271714
07-01-2026 10:00||NIFTY27JAN2625900CE,0.09973364385569106
07-01-2026 10:00||NIFTY27JAN2626100CE,0.0953926679128998
07-01-2026 10:00||NIFTY27JAN2626500CE,0.08784421169135494
07-01-2026 10:05||NIFTY27JAN2625200CE,0.05512392021289824
07-01-2026 10:05||NIFTY27JAN2625500CE,0.11155310348020074
07-01-2026 10:05||NIFTY27JAN2626300CE,0.0937963221058376
07-01-2026 10:10||NIFTY27JAN2623800PE,0.18505892251107664
07-01-2026 10:10||NIFTY27JAN2623900PE,0.17890398997957757
07-01-2026 10:10||NIFTY27JAN2624200PE,0.16091989976037535
07-01-2026 10:10||NIFTY27JAN2625500CE,0.10054241016986414
07-01-2026 10:10||NIFTY27JAN2625600CE,0.10226213689927925
07-01-2026 10:10||NIFTY27JAN2625700CE,0.10480676415954729
07-01-2026 10:10||NIFTY27JAN2625900CE,0.10247748214917982
07-01-2026 10:10||NIFTY27JAN2626000CE,0.09988763192086127
07-01-2026 10:15||NIFTY27JAN2623900PE,0.17836629948744115
07-01-2026 10:15||NIFTY27JAN2625700CE,0.09413242933019773
07-01-2026 10:15||NIFTY27JAN2626100CE,0.08805098614275202
07-01-2026 10:15||NIFTY27JAN2626200CE,0.08677185828513011
07-01-2026 10:15||NIFTY27JAN2626500CE,0.08338305991335442
07-01-2026 10:20||NIFTY27JAN2624000PE,0.17227617792247724
07-01-2026 10:20||NIFTY27JAN2624200PE,0.16171430568875692
07-01-2026 10:20||NIFTY27JAN2624300PE,0.1559667235691528
07-01-2026 10:20||NIFTY27JAN2624500PE,0.14507787267276465
07-01-2026 10:20||NIFTY27JAN2625500CE,0.11380574992165615
07-01-2026 10:20||NIFTY27JAN2625700CE,0.10299500249250389
07-01-2026 10:20||NIFTY27JAN2626100CE,0.0913680336753196
07-01-2026 10:25||NIFTY27JAN2624000PE,0.17074047285870445
07-01-2026 10:25||NIFTY27JAN2624100PE,0.1654944247779451
07-01-2026 10:25||NIFTY27JAN2625600CE,0.0994721193159728
07-01-2026 10:25||NIFTY27JAN2625700CE,0.09693484208071772
07-01-2026 10:25||NIFTY27JAN2626100CE,0.08996464487922316
07-01-2026 10:30||NIFTY27JAN2624200PE,0.15925927683016744
07-01-2026 10:30||NIFTY27JAN2625100PE,0.11041773271509801
07-01-2026 10:30||NIFTY27JAN2625500CE,0.11579171898151534
07-01-2026 10:30||NIFTY27JAN2625600CE,0.111310830018887
07-01-2026 10:30||NIFTY27JAN2626000CE,0.09611116972133187
07-01-2026 10:30||NIFTY27JAN2626200CE,0.09201064289463905
07-01-2026 10:30||NIFTY27JAN2626300CE,0.08995180217737334
07-01-2026 10:35||NIFTY27JAN2623800PE,0.1808966305583497
07-01-2026 10:35||NIFTY27JAN2624200PE,0.1590118281002449
07-01-2026 10:35||NIFTY27JAN2624500PE,0.142669762723206
07-01-2026 10:35||NIFTY27JAN2625000PE,0.11627571147256373
07-01-2026 10:35||NIFTY27JAN2625400CE,0.12405007739899152
07-01-2026 10:35||NIFTY27JAN2625500CE,0.11596820171335441
07-01-2026 10:35||NIFTY27JAN2626100CE,0.0955065389550349
07-01-2026 10:35||NIFTY27JAN2626300CE,0.09085868375356224
07-01-2026 10:40||NIFTY27JAN2623900PE,0.17738927904370894
07-01-2026 10:40||NIFTY27JAN2624900PE,0.12226785137834155
07-01-2026 10:40||NIFTY27JAN2625100PE,0.11164286646132987
07-01-2026 10:40||NIFTY27JAN2625200CE,0.13056086959577365
07-01-2026 10:40||NIFTY27JAN2625400CE,0.11721953541433093
07-01-2026 10:40||NIFTY27JAN2625600CE,0.10677497641737539
07-01-2026 10:40||NIFTY27JAN2625800CE,0.10024956363485074
07-01-2026 10:40||NIFTY27JAN2626100CE,0.09277307008236446
07-01-2026 10:40||NIFTY27JAN2626300CE,0.08893454889591573
07-01-2026 10:45||NIFTY27JAN2624000PE,0.1709885973635628
07-01-2026 10:45||NIFTY27JAN2625100PE,0.1111276480599728
07-01-2026 10:45||NIFTY27JAN2625300CE,0.11977117952966311
07-01-2026 10:45||NIFTY27JAN2626000CE,0.09496084917067713
07-01-2026 10:45||NIFTY27JAN2626400CE,0.08742681983254616
07-01-2026 10:50||NIFTY27JAN2623900PE,0.1764961142001452
07-01-2026 10:50||NIFTY27JAN2624200PE,0.1599059001817387
07-01-2026 10:50||NIFTY27JAN2625600CE,0.11245458425836798
07-01-2026 10:50||NIFTY27JAN2625800CE,0.10214750627012137
07-01-2026 10:55||NIFTY27JAN2624300PE,0.15557336708280614
07-01-2026 10:55||NIFTY27JAN2624900PE,0.12353153616499249
07-01-2026 10:55||NIFTY27JAN2625500CE,0.10497334458075527
07-01-2026 11:00||NIFTY27JAN2624200PE,0.1607120863244379
07-01-2026 11:00||NIFTY27JAN2626500CE,0.08927553856251803
07-01-2026 11:05||NIFTY27JAN2624300PE,0.15632790531989052
07-01-2026 11:05||NIFTY27JAN2624600PE,0.14034072761398517
07-01-2026 11:05||NIFTY27JAN2624800PE,0.12983982959472282
07-01-2026 11:05||NIFTY27JAN2625200CE,0.028262961283567957
07-01-2026 11:05||NIFTY27JAN2626000CE,0.09525120690457192
07-01-2026 11:05||NIFTY27JAN2626200CE,0.0903441448779812
07-01-2026 11:10||NIFTY27JAN2624400PE,0.1492696131923351
07-01-2026 11:10||NIFTY27JAN2624800PE,0.12890294210186554
07-01-2026 11:10||NIFTY27JAN2625200CE,0.08809688324878605
07-01-2026 11:10||NIFTY27JAN2625500CE,0.11252630375195753
07-01-2026 11:10||NIFTY27JAN2625700CE,0.10053403060031695
07-01-2026 11:10||NIFTY27JAN2625900CE,0.0946683101252344
07-01-2026 11:10||NIFTY27JAN2626300CE,0.08707022257908265
07-01-2026 11:15||NIFTY27JAN2624000PE,0.1711029568442502
07-01-2026 11:15||NIFTY27JAN2624800PE,0.12740116545032878
07-01-2026 11:15||NIFTY27JAN2625400CE,0.11946683373515155
07-01-2026 11:15||NIFTY27JAN2626100CE,0.09512306583179696
07-01-2026 11:15||NIFTY27JAN2626300CE,0.09076398942930045
07-01-2026 11:20||NIFTY27JAN2623800PE,0.18012721127479367
07-01-2026 11:20||NIFTY27JAN2624200PE,0.15985814212856517
07-01-2026 11:20||NIFTY27JAN2624900PE,0.12227181869668634
07-01-2026 11:20||NIFTY27JAN2625300CE,0.13192751922584597
07-01-2026 11:20||NIFTY27JAN2625700CE,0.09989352646314477
07-01-2026 11:20||NIFTY27JAN2626000CE,0.09385782606022816
07-01-2026 11:25||NIFTY27JAN2623800PE,0.17935943217979083
07-01-2026 11:25||NIFTY27JAN2624400PE,0.14819135889329998
07-01-2026 11:25||NIFTY27JAN2624800PE,0.12658324056962703
07-01-2026 11:25||NIFTY27JAN2625300CE,0.13751843524780713
07-01-2026 11:25||NIFTY27JAN2625700CE,0.1060894396312908
07-01-2026 11:25||NIFTY27JAN2625800CE,0.10284352689184736
07-01-2026 11:25||NIFTY27JAN2625900CE,0.09978216311478742
07-01-2026 11:25||NIFTY27JAN2626000CE,0.09712550191609008
07-01-2026 11:25||NIFTY27JAN2626200CE,0.0916628857454906
07-01-2026 11:30||NIFTY27JAN2624300PE,0.15406107508374836
07-01-2026 11:30||NIFTY27JAN2624400PE,0.14868328155932384
07-01-2026 11:35||NIFTY27JAN2624900PE,0.12252290585238568
07-01-2026 11:35||NIFTY27JAN2626300CE,0.08774344498492212
07-01-2026 11:40||NIFTY27JAN2624000PE,0.17111789528389462
07-01-2026 11:40||NIFTY27JAN2624500PE,0.14299646272584388
07-01-2026 11:40||NIFTY27JAN2625200CE,0.11132586631046301
07-01-2026 11:40||NIFTY27JAN2625900CE,0.10029549662902336
07-01-2026 11:45||NIFTY27JAN2624000PE,0.17044612913665821
07-01-2026 11:45||NIFTY27JAN2625000PE,0.11578242187193663
07-01-2026 11:45||NIFTY27JAN2625500CE,0.1175183263750966
07-01-2026 11:45||NIFTY27JAN2625600CE,0.11300105491061474
07-01-2026 11:45||NIFTY27JAN2626400CE,0.088562075864749
07-01-2026 11:50||NIFTY27JAN2624000PE,0.17027330101079913
07-01-2026 11:50||NIFTY27JAN2624600PE,0.1371031368876369
07-01-2026 11:50||NIFTY27JAN2625700CE,0.10441521946728254
07-01-2026 11:50||NIFTY27JAN2626400CE,0.08573965854351996
07-01-2026 11:55||NIFTY27JAN2623900PE,0.17566087431549696
07-01-2026 11:55||NIFTY27JAN2625200CE,0.15010708539469128
07-01-2026 11:55||NIFTY27JAN2625400CE,0.12395300412056101
07-01-2026 11:55||NIFTY27JAN2626100CE,0.09312238729711506
07-01-2026 11:55||NIFTY27JAN2626300CE,0.08899038307928797
07-01-2026 12:00||NIFTY27JAN2624300PE,0.1522124524135274
07-01-2026 12:00||NIFTY27JAN2624500PE,0.141215180374739
07-01-2026 12:00||NIFTY27JAN2625500CE,0.11545161702887802
07-01-2026 12:00||NIFTY27JAN2625600CE,0.11048218004379297
07-01-2026 12:00||NIFTY27JAN2626400CE,0.08737065672510069
07-01-2026 12:05||NIFTY27JAN2624200PE,0.15770498941408467
07-01-2026 12:05||NIFTY27JAN2624300PE,0.1518927839329657
07-01-2026 12:05||NIFTY27JAN2625300CE,0.14786364010205294
07-01-2026 12:05||NIFTY27JAN2625900CE,0.10129477415111993
07-01-2026 12:05||NIFTY27JAN2626000CE,0.09822953519067924
07-01-2026 12:05||NIFTY27JAN2626300CE,0.09080563929744564
07-01-2026 12:05||NIFTY27JAN2626400CE,0.0890555720381142
07-01-2026 12:10||NIFTY27JAN2624000PE,0.16863111008737028
07-01-2026 12:10||NIFTY27JAN2625200CE,0.1681551640991621
07-01-2026 12:10||NIFTY27JAN2625600CE,0.11577184229933342
07-01-2026 12:10||NIFTY27JAN2626500CE,0.08722298547156454
07-01-2026 12:15||NIFTY27JAN2624300PE,0.15121866388534663
07-01-2026 12:15||NIFTY27JAN2625000PE,0.11400404106658327
07-01-2026 12:15||NIFTY27JAN2625100PE,0.10834333444310097
07-01-2026 12:15||NIFTY27JAN2625300CE,0.15025874365766234
07-01-2026 12:15||NIFTY27JAN2625500CE,0.1223417996793994
07-01-2026 12:15||NIFTY27JAN2625600CE,0.11626764655365027
07-01-2026 12:20||NIFTY27JAN2624000PE,0.16834035205252315
07-01-2026 12:20||NIFTY27JAN2624400PE,0.14573034425317552
07-01-2026 12:20||NIFTY27JAN2625100PE,0.11012102732823147
07-01-2026 12:20||NIFTY27JAN2626100CE,0.09591756687030147
07-01-2026 12:25||NIFTY27JAN2624400PE,0.14598158499391628
07-01-2026 12:25||NIFTY27JAN2624600PE,0.13576796482059622
07-01-2026 12:25||NIFTY27JAN2624700PE,0.13076604461047603
07-01-2026 12:25||NIFTY27JAN2625300CE,0.1365021135495612
07-01-2026 12:25||NIFTY27JAN2626300CE,0.09035898339771437
07-01-2026 12:30||NIFTY27JAN2623800PE,0.17947684577741646
07-01-2026 12:30||NIFTY27JAN2624000PE,0.16827956887506085
07-01-2026 12:30||NIFTY27JAN2624100PE,0.16270193155637988
07-01-2026 12:30||NIFTY27JAN2624500PE,0.1414843934696474
07-01-2026 12:30||NIFTY27JAN2624600PE,0.13597667718869336
07-01-2026 12:30||NIFTY27JAN2625200CE,0.13669083215532313
07-01-2026 12:30||NIFTY27JAN2626300CE,0.09146982481542743
07-01-2026 12:35||NIFTY27JAN2625100PE,0.10997169927936638
07-01-2026 12:35||NIFTY27JAN2625300CE,0.1304225492101241
07-01-2026 12:35||NIFTY27JAN2625400CE,0.12306719984778594
07-01-2026 12:35||NIFTY27JAN2626300CE,0.09101427390462312
07-01-2026 12:35||NIFTY27JAN2626500CE,0.08686477272705821
07-01-2026 12:40||NIFTY27JAN2625100PE,0.11080472076119992
07-01-2026 12:40||NIFTY27JAN2625700CE,0.09981279583358918
07-01-2026 12:45||NIFTY27JAN2623800PE,0.17761104788534432
07-01-2026 12:45||NIFTY27JAN2624000PE,0.16647434612825973
07-01-2026 12:45||NIFTY27JAN2624900PE,0.11946053382633685
07-01-2026 12:45||NIFTY27JAN2625000PE,0.11441691529253631
07-01-2026 12:45||NIFTY27JAN2625800CE,0.1022214684636312
07-01-2026 12:45||NIFTY27JAN2626400CE,0.0877552603492915
07-01-2026 12:50||NIFTY27JAN2624400PE,0.1453485765387993
07-01-2026 12:50||NIFTY27JAN2624700PE,0.12919614303347796
07-01-2026 12:50||NIFTY27JAN2625100PE,0.10866839658572411
07-01-2026 12:50||NIFTY27JAN2626300CE,0.09067167696391952
07-01-2026 12:55||NIFTY27JAN2623800PE,0.17951880856975352
07-01-2026 12:55||NIFTY27JAN2623900PE,0.17362093378191784
07-01-2026 12:55||NIFTY27JAN2625100PE,0.10833836166196703
07-01-2026 12:55||NIFTY27JAN2625200CE,0.12672478475689503
07-01-2026 12:55||NIFTY27JAN2625300CE,0.12438379509005043
07-01-2026 13:00||NIFTY27JAN2624000PE,0.16852405095571668
07-01-2026 13:00||NIFTY27JAN2624400PE,0.14577005864519324
07-01-2026 13:00||NIFTY27JAN2624600PE,0.13484253314629152
07-01-2026 13:00||NIFTY27JAN2625300CE,0.12882841177494467
07-01-2026 13:00||NIFTY27JAN2625800CE,0.1050003711720212
07-01-2026 13:05||NIFTY27JAN2623900PE,0.17416543316761215
07-01-2026 13:05||NIFTY27JAN2624700PE,0.1298686036614076
07-01-2026 13:05||NIFTY27JAN2625200CE,0.11877225354175114
07-01-2026 13:05||NIFTY27JAN2625400CE,0.11742539073908959
07-01-2026 13:05||NIFTY27JAN2626100CE,0.09383119810477211
07-01-2026 13:10||NIFTY27JAN2624400PE,0.14603490365746094
07-01-2026 13:10||NIFTY27JAN2624700PE,0.13028204969051363
07-01-2026 13:10||NIFTY27JAN2625400CE,0.1174986383453647
07-01-2026 13:10||NIFTY27JAN2625900CE,0.09791938280135275
07-01-2026 13:10||NIFTY27JAN2626400CE,0.08688273184775407
07-01-2026 13:15||NIFTY27JAN2624600PE,0.13496083546103338
07-01-2026 13:15||NIFTY27JAN2625400CE,0.1195322658767422
07-01-2026 13:15||NIFTY27JAN2625500CE,0.11647502763091579
07-01-2026 13:15||NIFTY27JAN2625700CE,0.10884171012006462
07-01-2026 13:15||NIFTY27JAN2625800CE,0.10431043899948275
07-01-2026 13:15||NIFTY27JAN2626400CE,0.08790211177234523
07-01-2026 13:20||NIFTY27JAN2624000PE,0.16758628983107968
07-01-2026 13:20||NIFTY27JAN2624500PE,0.1400322951745196
07-01-2026 13:20||NIFTY27JAN2624800PE,0.1246316798030016
07-01-2026 13:20||NIFTY27JAN2624900PE,0.11949125253356994
07-01-2026 13:20||NIFTY27JAN2625000PE,0.11438551736330291
07-01-2026 13:20||NIFTY27JAN2626300CE,0.08764266536198487
07-01-2026 13:25||NIFTY27JAN2624200PE,0.15552627474356162
07-01-2026 13:25||NIFTY27JAN2624600PE,0.1334722433054901
07-01-2026 13:25||NIFTY27JAN2624700PE,0.12820625544110284
07-01-2026 13:25||NIFTY27JAN2625100PE,0.10806060533827126
07-01-2026 13:25||NIFTY27JAN2626300CE,0.08907625816626653
07-01-2026 13:25||NIFTY27JAN2626400CE,0.08698537231026138
07-01-2026 13:25||NIFTY27JAN2626500CE,0.08499377652486369
07-01-2026 13:30||NIFTY27JAN2624000PE,0.16621945361459362
07-01-2026 13:30||NIFTY27JAN2624400PE,0.14418983552202438
07-01-2026 13:30||NIFTY27JAN2624600PE,0.13304871406729327
07-01-2026 13:30||NIFTY27JAN2624900PE,0.11763161089594973
07-01-2026 13:30||NIFTY27JAN2625300CE,0.1390156758003004
07-01-2026 13:30||NIFTY27JAN2625700CE,0.10912720131566357
07-01-2026 13:30||NIFTY27JAN2625800CE,0.10465695561637317
07-01-2026 13:30||NIFTY27JAN2626500CE,0.08687124334083607
07-01-2026 13:35||NIFTY27JAN2623900PE,0.17264419097066858
07-01-2026 13:35||NIFTY27JAN2624200PE,0.15556023101208602
07-01-2026 13:35||NIFTY27JAN2624300PE,0.1501066744817542
07-01-2026 13:35||NIFTY27JAN2625100PE,0.10722205344458692
07-01-2026 13:35||NIFTY27JAN2625200CE,0.16242485161185619
07-01-2026 13:35||NIFTY27JAN2625300CE,0.1485315583861741
07-01-2026 13:40||NIFTY27JAN2624300PE,0.14974019698829502
07-01-2026 13:40||NIFTY27JAN2625000PE,0.11262108434484455
07-01-2026 13:40||NIFTY27JAN2625700CE,0.10913887032771342
07-01-2026 13:40||NIFTY27JAN2626100CE,0.0949832841440737
07-01-2026 13:45||NIFTY27JAN2623900PE,0.17242949400688085
07-01-2026 13:45||NIFTY27JAN2624200PE,0.15526328302735182
07-01-2026 13:45||NIFTY27JAN2624600PE,0.13287617497032492
07-01-2026 13:45||NIFTY27JAN2625200CE,0.14324364310553497
07-01-2026 13:45||NIFTY27JAN2625400CE,0.13116935726289397
07-01-2026 13:50||NIFTY27JAN2623800PE,0.1786229091724549
07-01-2026 13:50||NIFTY27JAN2623900PE,0.1727518120715965
07-01-2026 13:50||NIFTY27JAN2624100PE,0.16121601295583882
07-01-2026 13:55||NIFTY27JAN2624400PE,0.14430888785893417
07-01-2026 13:55||NIFTY27JAN2625100PE,0.10768656042930264
07-01-2026 13:55||NIFTY27JAN2625300CE,0.13309402585724625
07-01-2026 13:55||NIFTY27JAN2625800CE,0.10749922603763797
07-01-2026 13:55||NIFTY27JAN2626400CE,0.08945399299484064
07-01-2026 14:00||NIFTY27JAN2623800PE,0.17600138087047212
07-01-2026 14:00||NIFTY27JAN2623900PE,0.17126859845890643
07-01-2026 14:00||NIFTY27JAN2625400CE,0.12126382977902929
07-01-2026 14:00||NIFTY27JAN2625500CE,0.11527493390370208
07-01-2026 14:00||NIFTY27JAN2625900CE,0.10242319098324554
07-01-2026 14:00||NIFTY27JAN2626200CE,0.09270301974710127
07-01-2026 14:05||NIFTY27JAN2624000PE,0.1669533127841097
07-01-2026 14:05||NIFTY27JAN2624200PE,0.1564204240365923
07-01-2026 14:05||NIFTY27JAN2624400PE,0.1450496679888776
07-01-2026 14:05||NIFTY27JAN2625900CE,0.09944355617465442
07-01-2026 14:05||NIFTY27JAN2626000CE,0.09630774519273567
07-01-2026 14:05||NIFTY27JAN2626300CE,0.08903054076255297
07-01-2026 14:10||NIFTY27JAN2623800PE,0.17623093289614242
07-01-2026 14:10||NIFTY27JAN2624000PE,0.16726161937566694
07-01-2026 14:10||NIFTY27JAN2624700PE,0.1296220487531693
07-01-2026 14:10||NIFTY27JAN2626100CE,0.09244461031317083
07-01-2026 14:10||NIFTY27JAN2626200CE,0.09014801260774988
07-01-2026 14:10||NIFTY27JAN2626400CE,0.08640779973873249
07-01-2026 14:15||NIFTY27JAN2625200CE,0.12633473181891164
07-01-2026 14:15||NIFTY27JAN2625600CE,0.10758336920667444
07-01-2026 14:15||NIFTY27JAN2625900CE,0.09575622555819278
07-01-2026 14:15||NIFTY27JAN2626200CE,0.08926687163053436
07-01-2026 14:20||NIFTY27JAN2623800PE,0.17427576688527768
07-01-2026 14:20||NIFTY27JAN2624500PE,0.13939451372205847
07-01-2026 14:20||NIFTY27JAN2625400CE,0.11955385760366577
07-01-2026 14:20||NIFTY27JAN2625700CE,0.10499652800664161
07-01-2026 14:20||NIFTY27JAN2626300CE,0.08808297238970561
07-01-2026 14:25||NIFTY27JAN2623900PE,0.1724947965219927
07-01-2026 14:25||NIFTY27JAN2625400CE,0.11892469654892578
07-01-2026 14:25||NIFTY27JAN2625700CE,0.10674877903555316
07-01-2026 14:25||NIFTY27JAN2625900CE,0.09912149750722746
07-01-2026 14:25||NIFTY27JAN2626300CE,0.0893047676202854
07-01-2026 14:30||NIFTY27JAN2624800PE,0.12393638580776357
07-01-2026 14:30||NIFTY27JAN2625100PE,0.10861490091972442
07-01-2026 14:30||NIFTY27JAN2625300CE,0.1164273097046914
07-01-2026 14:30||NIFTY27JAN2626300CE,0.08660693807752064
07-01-2026 14:35||NIFTY27JAN2624000PE,0.16644952432807422
07-01-2026 14:35||NIFTY27JAN2624100PE,0.16178035662315832
07-01-2026 14:35||NIFTY27JAN2624400PE,0.14521311728720776
07-01-2026 14:35||NIFTY27JAN2624700PE,0.12902687929601103
07-01-2026 14:35||NIFTY27JAN2625000PE,0.1131138984737292
07-01-2026 14:35||NIFTY27JAN2626400CE,0.08775583313230827
07-01-2026 14:35||NIFTY27JAN2626500CE,0.08543904540325623
07-01-2026 14:40||NIFTY27JAN2623800PE,0.17680105380659467
07-01-2026 14:40||NIFTY27JAN2624100PE,0.16317497732498978
07-01-2026 14:40||NIFTY27JAN2625100PE,0.10741552783391203
07-01-2026 14:40||NIFTY27JAN2625400CE,0.12154484097074755
07-01-2026 14:40||NIFTY27JAN2626200CE,0.09194278092148356
07-01-2026 14:45||NIFTY27JAN2623800PE,0.17788577552757745
07-01-2026 14:45||NIFTY27JAN2624000PE,0.16863141664009434
07-01-2026 14:45||NIFTY27JAN2624200PE,0.15784151687642245
07-01-2026 14:45||NIFTY27JAN2624500PE,0.1407125168062384
07-01-2026 14:45||NIFTY27JAN2624900PE,0.11947236982383175
07-01-2026 14:50||NIFTY27JAN2623900PE,0.17245170370462018
07-01-2026 14:50||NIFTY27JAN2624900PE,0.11868330808041078
07-01-2026 14:50||NIFTY27JAN2625600CE,0.11682656248610171
07-01-2026 14:50||NIFTY27JAN2626400CE,0.08866942875664399
07-01-2026 14:50||NIFTY27JAN2626500CE,0.08656836059386941
07-01-2026 14:55||NIFTY27JAN2624100PE,0.16409394933493346
07-01-2026 14:55||NIFTY27JAN2624300PE,0.1526221306242289
07-01-2026 14:55||NIFTY27JAN2624600PE,0.13534176114722027
07-01-2026 14:55||NIFTY27JAN2625900CE,0.09840323405608895
07-01-2026 14:55||NIFTY27JAN2626300CE,0.08839945225015258
07-01-2026 15:00||NIFTY27JAN2623900PE,0.1738939113407079
07-01-2026 15:00||NIFTY27JAN2625100PE,0.10979901381433509
07-01-2026 15:00||NIFTY27JAN2625700CE,0.10093221190699106
07-01-2026 15:00||NIFTY27JAN2626000CE,0.09260327735847779
07-01-2026 15:00||NIFTY27JAN2626400CE,0.08582361915571914
07-01-2026 15:05||NIFTY27JAN2624200PE,0.15884491220581623
07-01-2026 15:05||NIFTY27JAN2624500PE,0.1421391046701052
07-01-2026 15:05||NIFTY27JAN2625400CE,0.11099366070990846
07-01-2026 15:05||NIFTY27JAN2626000CE,0.0922802488195835
07-01-2026 15:05||NIFTY27JAN2626400CE,0.08542700175035946
07-01-2026 15:10||NIFTY27JAN2623800PE,0.17884087030962034
07-01-2026 15:10||NIFTY27JAN2624000PE,0.17002688422926918
07-01-2026 15:10||NIFTY27JAN2624400PE,0.1486560055602482
07-01-2026 15:10||NIFTY27JAN2624500PE,0.1431758029564142
07-01-2026 15:10||NIFTY27JAN2626500CE,0.08406284931394295
07-01-2026 15:15||NIFTY27JAN2624200PE,0.16005745503268493
07-01-2026 15:15||NIFTY27JAN2624900PE,0.12204513796850872
07-01-2026 15:15||NIFTY27JAN2625100PE,0.11107047547597061
07-01-2026 15:15||NIFTY27JAN2625600CE,0.09485181190435889
07-01-2026 15:20||NIFTY27JAN2624100PE,0.16595234540152354
07-01-2026 15:20||NIFTY27JAN2625900CE,0.09239559682392104
07-01-2026 15:20||NIFTY27JAN2626300CE,0.08595540173984305
07-01-2026 15:25||NIFTY27JAN2624700PE,0.13168196250439326
07-01-2026 15:25||NIFTY27JAN2625500CE,0.10642992267160507
07-01-2026 15:25||NIFTY27JAN2626100CE,0.08950023071789896
07-01-2026 15:25||NIFTY27JAN2626400CE,0.08413097351580859
07-01-2026 15:25||NIFTY27JAN2626500CE,0.08263962900262924
08-01-2026 09:15||NIFTY27JAN2624100PE,0.16511891665377995
08-01-2026 09:15||NIFTY27JAN2624300PE,0.15363341663538355
08-01-2026 09:15||NIFTY27JAN2625100PE,0.10928575853561832
08-01-2026 09:15||NIFTY27JAN2625300CE,0.10538215541190055
08-01-2026 09:15||NIFTY27JAN2626300CE,0.08732294084233504
08-01-2026 09:20||NIFTY27JAN2623800PE,0.1820288150267666
08-01-2026 09:20||NIFTY27JAN2624100PE,0.16594427241939827
08-01-2026 09:20||NIFTY27JAN2624800PE,0.12578964415617538
08-01-2026 09:20||NIFTY27JAN2624900PE,0.12064878024036413
08-01-2026 09:20||NIFTY27JAN2625300CE,0.09602366548766245
08-01-2026 09:20||NIFTY27JAN2625900CE,0.08705594675831338
08-01-2026 09:20||NIFTY27JAN2626000CE,0.08604216769995565
08-01-2026 09:20||NIFTY27JAN2626400CE,0.0820753195978972
08-01-2026 09:20||NIFTY27JAN2626500CE,0.08097901789224121
08-01-2026 09:25||NIFTY27JAN2623900PE,0.17700472903193845
08-01-2026 09:25||NIFTY27JAN2624100PE,0.16524531479557444
08-01-2026 09:25||NIFTY27JAN2624200PE,0.1588470148785168
08-01-2026 09:25||NIFTY27JAN2625300CE,0.10808278811954837
08-01-2026 09:25||NIFTY27JAN2626200CE,0.0838370659760931
08-01-2026 09:25||NIFTY27JAN2626400CE,0.08306958741062333
08-01-2026 09:30||NIFTY27JAN2624100PE,0.16319839711444079
08-01-2026 09:30||NIFTY27JAN2624700PE,0.12893867895602315
08-01-2026 09:30||NIFTY27JAN2624800PE,0.12385838761292274
08-01-2026 09:30||NIFTY27JAN2624900PE,0.11873294478105063
08-01-2026 09:30||NIFTY27JAN2625000PE,0.11361680532740706
08-01-2026 09:30||NIFTY27JAN2626200CE,0.08762464344962728
08-01-2026 09:30||NIFTY27JAN2626300CE,0.08681759126842467
08-01-2026 09:35||NIFTY27JAN2623900PE,0.17336933783937544
08-01-2026 09:35||NIFTY27JAN2624100PE,0.16261000703447018
08-01-2026 09:35||NIFTY27JAN2624400PE,0.14538838786622207
08-01-2026 09:35||NIFTY27JAN2625300CE,0.1310595922943054
08-01-2026 09:35||NIFTY27JAN2625400CE,0.12702036937469952
08-01-2026 09:35||NIFTY27JAN2626100CE,0.0957169447312971
08-01-2026 09:35||NIFTY27JAN2626200CE,0.09326261059482947
08-01-2026 09:35||NIFTY27JAN2626500CE,0.08816335841039394
08-01-2026 09:40||NIFTY27JAN2623800PE,0.18115124586559408
08-01-2026 09:40||NIFTY27JAN2624800PE,0.12527306124067086
08-01-2026 09:40||NIFTY27JAN2624900PE,0.12007783792962665
08-01-2026 09:40||NIFTY27JAN2625000PE,0.11493376985081928
08-01-2026 09:40||NIFTY27JAN2625200CE,0.04426285356145522
08-01-2026 09:40||NIFTY27JAN2625700CE,0.09483236718654504
08-01-2026 09:40||NIFTY27JAN2626200CE,0.08611597554444254
08-01-2026 09:40||NIFTY27JAN2626400CE,0.08462186405429009
08-01-2026 09:45||NIFTY27JAN2624200PE,0.15926823136719742
08-01-2026 09:45||NIFTY27JAN2624600PE,0.1353356762906401
08-01-2026 09:45||NIFTY27JAN2625400CE,0.10362778263956518
08-01-2026 09:45||NIFTY27JAN2625900CE,0.0935008682484316
08-01-2026 09:45||NIFTY27JAN2626500CE,0.08452052549815973
08-01-2026 09:50||NIFTY27JAN2624400PE,0.1462979838533308
08-01-2026 09:50||NIFTY27JAN2625100PE,0.10914136254900468
08-01-2026 09:50||NIFTY27JAN2625500CE,0.11748191779224648
08-01-2026 09:50||NIFTY27JAN2625600CE,0.1129045706194636
08-01-2026 09:50||NIFTY27JAN2626400CE,0.08868432996654783
08-01-2026 09:55||NIFTY27JAN2624200PE,0.16002557537786385
08-01-2026 09:55||NIFTY27JAN2624600PE,0.13699452260914763
08-01-2026 09:55||NIFTY27JAN2625000PE,0.11574783271987833
08-01-2026 09:55||NIFTY27JAN2625100PE,0.11045142841449355
08-01-2026 09:55||NIFTY27JAN2625300CE,0.1147941005320684
08-01-2026 09:55||NIFTY27JAN2626000CE,0.09026323761761612
08-01-2026 09:55||NIFTY27JAN2626200CE,0.08753680595580478
08-01-2026 10:00||NIFTY27JAN2624600PE,0.1363303945027648
08-01-2026 10:00||NIFTY27JAN2625900CE,0.0895013169820257
08-01-2026 10:00||NIFTY27JAN2626100CE,0.08581497813156143
08-01-2026 10:00||NIFTY27JAN2626200CE,0.08482157866864097
08-01-2026 10:05||NIFTY27JAN2624800PE,0.12486237229627918
08-01-2026 10:05||NIFTY27JAN2625500CE,0.10154105764954541
08-01-2026 10:05||NIFTY27JAN2625800CE,0.09135913393742669
08-01-2026 10:05||NIFTY27JAN2626000CE,0.08792377886527704
08-01-2026 10:05||NIFTY27JAN2626500CE,0.08310149088914287
08-01-2026 10:10||NIFTY27JAN2624100PE,0.1635500025866768
08-01-2026 10:10||NIFTY27JAN2625000PE,0.11254009489985715
08-01-2026 10:10||NIFTY27JAN2625100PE,0.10693411038970028
08-01-2026 10:10||NIFTY27JAN2625200CE,0.15989684989578545
08-01-2026 10:10||NIFTY27JAN2625600CE,0.10787883121335011
08-01-2026 10:10||NIFTY27JAN2625800CE,0.09997127490679716
08-01-2026 10:10||NIFTY27JAN2626400CE,0.08609434629179766
08-01-2026 10:15||NIFTY27JAN2625100PE,0.10912361541203182
08-01-2026 10:15||NIFTY27JAN2625700CE,0.09459670648890824
08-01-2026 10:15||NIFTY27JAN2625800CE,0.0910881685506785
08-01-2026 10:15||NIFTY27JAN2626500CE,0.0825782574402223
08-01-2026 10:20||NIFTY27JAN2625200CE,0.11659484038720788
08-01-2026 10:20||NIFTY27JAN2626400CE,0.08628775935584983
08-01-2026 10:25||NIFTY27JAN2623900PE,0.17381042839169056
08-01-2026 10:25||NIFTY27JAN2624000PE,0.16857606844644293
08-01-2026 10:25||NIFTY27JAN2624400PE,0.14555030913154793
08-01-2026 10:25||NIFTY27JAN2624800PE,0.12348603819933322
08-01-2026 10:25||NIFTY27JAN2625000PE,0.11294302408745317
08-01-2026 10:25||NIFTY27JAN2625100PE,0.10767610119362254
08-01-2026 10:25||NIFTY27JAN2625200CE,0.12672295846657064
08-01-2026 10:25||NIFTY27JAN2625500CE,0.1111609964760835
08-01-2026 10:25||NIFTY27JAN2625600CE,0.10712283678154608
08-01-2026 10:25||NIFTY27JAN2625700CE,0.10342933586711224
08-01-2026 10:25||NIFTY27JAN2626100CE,0.09223574155482496
08-01-2026 10:25||NIFTY27JAN2626500CE,0.08616130109833448
08-01-2026 10:30||NIFTY27JAN2623800PE,0.17784887604943037
08-01-2026 10:30||NIFTY27JAN2624000PE,0.16908853564750292
08-01-2026 10:30||NIFTY27JAN2624400PE,0.14589026301946145
08-01-2026 10:30||NIFTY27JAN2624500PE,0.14015059249161432
08-01-2026 10:30||NIFTY27JAN2626000CE,0.09445094480887524
08-01-2026 10:30||NIFTY27JAN2626400CE,0.08701971946611628
08-01-2026 10:30||NIFTY27JAN2626500CE,0.08518088353167581
08-01-2026 10:35||NIFTY27JAN2624000PE,0.16949289666544254
08-01-2026 10:35||NIFTY27JAN2624200PE,0.15837923136719734
08-01-2026 10:35||NIFTY27JAN2625800CE,0.09530832683908391
08-01-2026 10:35||NIFTY27JAN2626300CE,0.08692277941566397
08-01-2026 10:35||NIFTY27JAN2626500CE,0.08446230117391966
08-01-2026 10:40||NIFTY27JAN2624000PE,0.16753795337104402
08-01-2026 10:40||NIFTY27JAN2624300PE,0.15077096905546572
08-01-2026 10:40||NIFTY27JAN2625000PE,0.11281727247605983
08-01-2026 10:40||NIFTY27JAN2625500CE,0.11276463453610011
08-01-2026 10:40||NIFTY27JAN2625900CE,0.09593716717575185
08-01-2026 10:40||NIFTY27JAN2626100CE,0.09182608033185838
08-01-2026 10:40||NIFTY27JAN2626300CE,0.08876876027019524
08-01-2026 10:40||NIFTY27JAN2626400CE,0.08736428675464127
08-01-2026 10:45||NIFTY27JAN2623900PE,0.17346526738020493
08-01-2026 10:45||NIFTY27JAN2624200PE,0.15732972999575906
08-01-2026 10:45||NIFTY27JAN2625200CE,0.1321690669551157
08-01-2026 10:45||NIFTY27JAN2625300CE,0.12455400275796437
08-01-2026 10:45||NIFTY27JAN2625600CE,0.10430803202833691
08-01-2026 10:45||NIFTY27JAN2626400CE,0.08598491090129161
08-01-2026 10:45||NIFTY27JAN2626500CE,0.08458095007539433
08-01-2026 10:50||NIFTY27JAN2623900PE,0.17315759017756807
08-01-2026 10:50||NIFTY27JAN2625500CE,0.1025148357600301
08-01-2026 10:50||NIFTY27JAN2625800CE,0.09624365231442683
08-01-2026 10:50||NIFTY27JAN2626100CE,0.09069757638290375
08-01-2026 10:50||NIFTY27JAN2626500CE,0.0851815408266664
08-01-2026 10:55||NIFTY27JAN2624000PE,0.1673507121201902
08-01-2026 10:55||NIFTY27JAN2624700PE,0.12877248862589233
08-01-2026 10:55||NIFTY27JAN2624800PE,0.12325338001016635
08-01-2026 10:55||NIFTY27JAN2625100PE,0.10988040250274728
08-01-2026 10:55||NIFTY27JAN2625400CE,0.1189345946163625
08-01-2026 10:55||NIFTY27JAN2625600CE,0.1037879205877182
08-01-2026 11:00||NIFTY27JAN2623800PE,0.17687884079604355
08-01-2026 11:00||NIFTY27JAN2623900PE,0.17212102212980662
08-01-2026 11:00||NIFTY27JAN2624000PE,0.16696492661629705
08-01-2026 11:00||NIFTY27JAN2624300PE,0.15046109224623352
08-01-2026 11:00||NIFTY27JAN2624600PE,0.13442529672482395
08-01-2026 11:00||NIFTY27JAN2625000PE,0.11392927136168857
08-01-2026 11:00||NIFTY27JAN2625100PE,0.10871574377229944
08-01-2026 11:00||NIFTY27JAN2626200CE,0.09011642584939218
08-01-2026 11:00||NIFTY27JAN2626500CE,0.08655094547667844
08-01-2026 11:05||NIFTY27JAN2623800PE,0.18333203139651144
08-01-2026 11:05||NIFTY27JAN2624200PE,0.15575629087468137
08-01-2026 11:05||NIFTY27JAN2624400PE,0.144757756071299
08-01-2026 11:05||NIFTY27JAN2624800PE,0.12402096821999045
08-01-2026 11:05||NIFTY27JAN2625400CE,0.11991218536539869
08-01-2026 11:05||NIFTY27JAN2626000CE,0.09439574312894403
08-01-2026 11:05||NIFTY27JAN2626200CE,0.0909117600151936
08-01-2026 11:05||NIFTY27JAN2626300CE,0.08951083891770797
08-01-2026 11:10||NIFTY27JAN2624000PE,0.1673906419601734
08-01-2026 11:10||NIFTY27JAN2624200PE,0.15563486755695424
08-01-2026 11:10||NIFTY27JAN2624400PE,0.145070201552104
08-01-2026 11:10||NIFTY27JAN2624600PE,0.13528945308737675
08-01-2026 11:10||NIFTY27JAN2624700PE,0.13032921905539074
08-01-2026 11:10||NIFTY27JAN2625200CE,0.14746838855029173
08-01-2026 11:10||NIFTY27JAN2625600CE,0.10444517112918672
08-01-2026 11:10||NIFTY27JAN2625900CE,0.09607016866564216
08-01-2026 11:10||NIFTY27JAN2626000CE,0.09367324689811717
08-01-2026 11:15||NIFTY27JAN2624100PE,0.16471751527193465
08-01-2026 11:15||NIFTY27JAN2624200PE,0.15865158133705987
08-01-2026 11:15||NIFTY27JAN2624900PE,0.12106884019535279
08-01-2026 11:15||NIFTY27JAN2625200CE,0.13838934604260264
08-01-2026 11:15||NIFTY27JAN2626200CE,0.09004932838466179
08-01-2026 11:15||NIFTY27JAN2626400CE,0.08803557498176799
08-01-2026 11:20||NIFTY27JAN2624300PE,0.15425604012447386
08-01-2026 11:20||NIFTY27JAN2625700CE,0.0976197424235808
08-01-2026 11:20||NIFTY27JAN2626400CE,0.08844929498462413
08-01-2026 11:20||NIFTY27JAN2626500CE,0.08724811253605368
08-01-2026 11:25||NIFTY27JAN2623800PE,0.17743522917921534
08-01-2026 11:25||NIFTY27JAN2624300PE,0.15369865319095646
08-01-2026 11:25||NIFTY27JAN2624400PE,0.14753266975452603
08-01-2026 11:25||NIFTY27JAN2624700PE,0.13104148650933037
08-01-2026 11:25||NIFTY27JAN2625400CE,0.12910707216637737
08-01-2026 11:25||NIFTY27JAN2626200CE,0.0939090303943051
08-01-2026 11:30||NIFTY27JAN2623800PE,0.17847100580980588
08-01-2026 11:30||NIFTY27JAN2624100PE,0.16481580657823494
08-01-2026 11:30||NIFTY27JAN2624200PE,0.1589996796830927
08-01-2026 11:30||NIFTY27JAN2625200CE,0.15440553890157127
08-01-2026 11:30||NIFTY27JAN2625400CE,0.13182817827926777
08-01-2026 11:30||NIFTY27JAN2625500CE,0.12117816337389116
08-01-2026 11:30||NIFTY27JAN2625800CE,0.10253866944873101
08-01-2026 11:30||NIFTY27JAN2626000CE,0.09738320615815767
08-01-2026 11:30||NIFTY27JAN2626100CE,0.0955973805523837
08-01-2026 11:35||NIFTY27JAN2623800PE,0.17926233171409767
08-01-2026 11:35||NIFTY27JAN2624100PE,0.16427977861945042
08-01-2026 11:35||NIFTY27JAN2624400PE,0.1463604947251095
08-01-2026 11:35||NIFTY27JAN2624500PE,0.14074498457740003
08-01-2026 11:35||NIFTY27JAN2624700PE,0.13001184035795357
08-01-2026 11:35||NIFTY27JAN2624900PE,0.11963785274845468
08-01-2026 11:35||NIFTY27JAN2625200CE,0.12455868010822228
08-01-2026 11:35||NIFTY27JAN2625300CE,0.122479867337446
08-01-2026 11:35||NIFTY27JAN2626500CE,0.08996238719517291
08-01-2026 11:40||NIFTY27JAN2624100PE,0.16493601282580647
08-01-2026 11:40||NIFTY27JAN2624200PE,0.15896235416906204
08-01-2026 11:40||NIFTY27JAN2624400PE,0.14713783292191993
08-01-2026 11:40||NIFTY27JAN2624900PE,0.12045576710435492
08-01-2026 11:40||NIFTY27JAN2625600CE,0.10600081525531194
08-01-2026 11:40||NIFTY27JAN2625800CE,0.09909552853917161
08-01-2026 11:45||NIFTY27JAN2624200PE,0.15791892728791015
08-01-2026 11:45||NIFTY27JAN2625500CE,0.10856806757477269
08-01-2026 11:45||NIFTY27JAN2625900CE,0.0955757126390859
08-01-2026 11:45||NIFTY27JAN2626100CE,0.09278993557811485
08-01-2026 11:50||NIFTY27JAN2623800PE,0.1799443332758427
08-01-2026 11:50||NIFTY27JAN2625700CE,0.10553561692997833
08-01-2026 11:50||NIFTY27JAN2625800CE,0.10224923932307609
08-01-2026 11:50||NIFTY27JAN2626500CE,0.08966007614054931
08-01-2026 11:55||NIFTY27JAN2624200PE,0.15865941021786192
08-01-2026 11:55||NIFTY27JAN2624700PE,0.13131218619680604
08-01-2026 11:55||NIFTY27JAN2625100PE,0.11260265573161891
08-01-2026 11:55||NIFTY27JAN2625400CE,0.10800374968002678
08-01-2026 11:55||NIFTY27JAN2625600CE,0.10115201567711041
08-01-2026 11:55||NIFTY27JAN2625800CE,0.09534472517937732
08-01-2026 12:00||NIFTY27JAN2624500PE,0.14188849988142754
08-01-2026 12:00||NIFTY27JAN2624700PE,0.13225560697397412
08-01-2026 12:00||NIFTY27JAN2625000PE,0.11744498447595848
08-01-2026 12:00||NIFTY27JAN2625500CE,0.10612991372195615
08-01-2026 12:00||NIFTY27JAN2626300CE,0.09189340204470098
08-01-2026 12:05||NIFTY27JAN2624000PE,0.17015479423332766
08-01-2026 12:05||NIFTY27JAN2624200PE,0.15650984137819474
08-01-2026 12:05||NIFTY27JAN2624500PE,0.13869721333171445
08-01-2026 12:05||NIFTY27JAN2624900PE,0.11975490660004563
08-01-2026 12:05||NIFTY27JAN2625300CE,0.13611803398686878
08-01-2026 12:05||NIFTY27JAN2625800CE,0.1097016262326891
08-01-2026 12:05||NIFTY27JAN2625900CE,0.10704618400234855
08-01-2026 12:05||NIFTY27JAN2626400CE,0.09750743874894509
08-01-2026 12:10||NIFTY27JAN2624000PE,0.17028043021314507
08-01-2026 12:10||NIFTY27JAN2624400PE,0.14575758778643003
08-01-2026 12:15||NIFTY27JAN2624100PE,0.16660208933083656
08-01-2026 12:15||NIFTY27JAN2624400PE,0.1494347241468593
08-01-2026 12:15||NIFTY27JAN2625200CE,0.12810045795908123
08-01-2026 12:15||NIFTY27JAN2625400CE,0.11827225536780206
08-01-2026 12:15||NIFTY27JAN2625500CE,0.11341635928689742
08-01-2026 12:15||NIFTY27JAN2625700CE,0.10505657081792535
08-01-2026 12:20||NIFTY27JAN2624800PE,0.12820711464112652
08-01-2026 12:20||NIFTY27JAN2625800CE,0.10452531458987983
08-01-2026 12:20||NIFTY27JAN2626300CE,0.09535003027072643
08-01-2026 12:25||NIFTY27JAN2624100PE,0.16836218757060795
08-01-2026 12:25||NIFTY27JAN2624400PE,0.1519506490390938
08-01-2026 12:25||NIFTY27JAN2624900PE,0.12327216741900478
08-01-2026 12:25||NIFTY27JAN2625700CE,0.10696946984748902
08-01-2026 12:25||NIFTY27JAN2626000CE,0.09952842712462988
08-01-2026 12:30||NIFTY27JAN2624200PE,0.16407415873499373
08-01-2026 12:30||NIFTY27JAN2624300PE,0.1575086348074524
08-01-2026 12:30||NIFTY27JAN2625100PE,0.11490724206336254
08-01-2026 12:30||NIFTY27JAN2625700CE,0.10236549426990695
08-01-2026 12:30||NIFTY27JAN2626000CE,0.09663194428872515
08-01-2026 12:35||NIFTY27JAN2624800PE,0.12696991821179202
08-01-2026 12:35||NIFTY27JAN2625000PE,0.1170839387249198
08-01-2026 12:35||NIFTY27JAN2625400CE,0.12802065010672928
08-01-2026 12:35||NIFTY27JAN2625500CE,0.12158607803252497
08-01-2026 12:35||NIFTY27JAN2625800CE,0.10701349171515794
08-01-2026 12:35||NIFTY27JAN2626100CE,0.1000795007210549
08-01-2026 12:35||NIFTY27JAN2626200CE,0.09817349865222728
08-01-2026 12:40||NIFTY27JAN2624100PE,0.16731213482072388
08-01-2026 12:40||NIFTY27JAN2624400PE,0.15114056645328042
08-01-2026 12:40||NIFTY27JAN2624800PE,0.12681407485790955
08-01-2026 12:40||NIFTY27JAN2625000PE,0.11709088597436254
08-01-2026 12:40||NIFTY27JAN2625200CE,0.13830142990789215
08-01-2026 12:40||NIFTY27JAN2626000CE,0.10140539773055393
08-01-2026 12:45||NIFTY27JAN2624400PE,0.1515303506710728
08-01-2026 12:45||NIFTY27JAN2624600PE,0.13857886702788016
08-01-2026 12:45||NIFTY27JAN2625000PE,0.11801956122441312
08-01-2026 12:45||NIFTY27JAN2625300CE,0.12632254797524256
08-01-2026 12:45||NIFTY27JAN2625800CE,0.10413990578677623
08-01-2026 12:45||NIFTY27JAN2626200CE,0.09672475343444921
08-01-2026 12:45||NIFTY27JAN2626300CE,0.09527437964972177
08-01-2026 12:50||NIFTY27JAN2623800PE,0.1808239816073528
08-01-2026 12:50||NIFTY27JAN2624900PE,0.12212847257593051
08-01-2026 12:50||NIFTY27JAN2625600CE,0.1153338729269737
08-01-2026 12:50||NIFTY27JAN2626300CE,0.09710143610103672
08-01-2026 12:50||NIFTY27JAN2626400CE,0.09600437490015992
08-01-2026 12:55||NIFTY27JAN2624200PE,0.16247672598049864
08-01-2026 12:55||NIFTY27JAN2624300PE,0.15622673484079122
08-01-2026 12:55||NIFTY27JAN2624400PE,0.14999850179685295
08-01-2026 12:55||NIFTY27JAN2626100CE,0.09924964220595381
08-01-2026 13:00||NIFTY27JAN2624200PE,0.1624300449154947
08-01-2026 13:00||NIFTY27JAN2624500PE,0.1439126421747795
08-01-2026 13:00||NIFTY27JAN2624600PE,0.13802613557179313
08-01-2026 13:00||NIFTY27JAN2624700PE,0.13224407451587786
08-01-2026 13:00||NIFTY27JAN2625000PE,0.11666831347680692
08-01-2026 13:00||NIFTY27JAN2625100PE,0.11173777883149641
08-01-2026 13:00||NIFTY27JAN2625400CE,0.13087515514091477
08-01-2026 13:00||NIFTY27JAN2625800CE,0.10915366555364368
08-01-2026 13:05||NIFTY27JAN2623800PE,0.18392505927346767
08-01-2026 13:05||NIFTY27JAN2624600PE,0.13849684357465852
08-01-2026 13:05||NIFTY27JAN2625700CE,0.1067198406252394
08-01-2026 13:05||NIFTY27JAN2625800CE,0.10420931724298242
08-01-2026 13:05||NIFTY27JAN2626000CE,0.10067849054691186
08-01-2026 13:05||NIFTY27JAN2626100CE,0.09892160782340827
08-01-2026 13:05||NIFTY27JAN2626200CE,0.09721047633099177
08-01-2026 13:05||NIFTY27JAN2626300CE,0.09548032974258107
08-01-2026 13:10||NIFTY27JAN2624100PE,0.16831756623997224
08-01-2026 13:10||NIFTY27JAN2624900PE,0.12156827027575176
08-01-2026 13:10||NIFTY27JAN2625400CE,0.122797507174098
08-01-2026 13:10||NIFTY27JAN2625700CE,0.10765504367431017
08-01-2026 13:10||NIFTY27JAN2625800CE,0.10551396667575297
08-01-2026 13:10||NIFTY27JAN2626100CE,0.09912116896741582
08-01-2026 13:10||NIFTY27JAN2626200CE,0.09740599058134726
08-01-2026 13:15||NIFTY27JAN2624300PE,0.15782391920952418
08-01-2026 13:15||NIFTY27JAN2625000PE,0.1168510071771795
08-01-2026 13:15||NIFTY27JAN2625900CE,0.10094310436295137
08-01-2026 13:15||NIFTY27JAN2626300CE,0.09443784565055854
08-01-2026 13:20||NIFTY27JAN2623800PE,0.18422260945696325
08-01-2026 13:20||NIFTY27JAN2624000PE,0.17386276086538974
08-01-2026 13:20||NIFTY27JAN2624400PE,0.15086564010858086
08-01-2026 13:20||NIFTY27JAN2625000PE,0.11669525177017735
08-01-2026 13:20||NIFTY27JAN2625300CE,0.1318967396926645
08-01-2026 13:20||NIFTY27JAN2625400CE,0.12425484549543897
08-01-2026 13:20||NIFTY27JAN2626200CE,0.09611060842226629
08-01-2026 13:25||NIFTY27JAN2624600PE,0.1390457881687598
08-01-2026 13:25||NIFTY27JAN2624900PE,0.12369645338711784
08-01-2026 13:25||NIFTY27JAN2625400CE,0.11351798667659906
08-01-2026 13:25||NIFTY27JAN2625500CE,0.10925520724556274
08-01-2026 13:25||NIFTY27JAN2625900CE,0.09866648505947836
08-01-2026 13:25||NIFTY27JAN2626000CE,0.09729458318190078
08-01-2026 13:25||NIFTY27JAN2626100CE,0.09583591738077706
08-01-2026 13:30||NIFTY27JAN2624300PE,0.15500784802185458
08-01-2026 13:30||NIFTY27JAN2624400PE,0.14869469652836065
08-01-2026 13:30||NIFTY27JAN2625600CE,0.11619311785439645
08-01-2026 13:30||NIFTY27JAN2625700CE,0.11186217890345457
08-01-2026 13:30||NIFTY27JAN2626100CE,0.10068084550418754
08-01-2026 13:30||NIFTY27JAN2626500CE,0.09415720037021869
08-01-2026 13:35||NIFTY27JAN2624600PE,0.1373101565000522
08-01-2026 13:35||NIFTY27JAN2624700PE,0.13179847976619205
08-01-2026 13:35||NIFTY27JAN2624800PE,0.12640066654246473
08-01-2026 13:35||NIFTY27JAN2624900PE,0.12096976566763593
08-01-2026 13:40||NIFTY27JAN2624100PE,0.1676745763751113
08-01-2026 13:40||NIFTY27JAN2624800PE,0.12503971292200805
08-01-2026 13:40||NIFTY27JAN2624900PE,0.12003111967297499
08-01-2026 13:40||NIFTY27JAN2625300CE,0.12544789099925688
08-01-2026 13:40||NIFTY27JAN2625600CE,0.113223925038824
08-01-2026 13:40||NIFTY27JAN2625700CE,0.10917578585981702
08-01-2026 13:40||NIFTY27JAN2626000CE,0.10111567230450445
08-01-2026 13:40||NIFTY27JAN2626200CE,0.09749971107923375
08-01-2026 13:40||NIFTY27JAN2626300CE,0.09593663567229765
08-01-2026 13:45||NIFTY27JAN2624600PE,0.13658969991866965
08-01-2026 13:45||NIFTY27JAN2624700PE,0.13080256186629927
08-01-2026 13:45||NIFTY27JAN2625100PE,0.10971578760614689
08-01-2026 13:45||NIFTY27JAN2625600CE,0.11340815628069219
08-01-2026 13:45||NIFTY27JAN2625700CE,0.10954347684156268
08-01-2026 13:50||NIFTY27JAN2624600PE,0.13545210362439566
08-01-2026 13:50||NIFTY27JAN2625500CE,0.11736746909354784
08-01-2026 13:55||NIFTY27JAN2624200PE,0.16163271019870043
08-01-2026 13:55||NIFTY27JAN2624600PE,0.13564602511885646
08-01-2026 13:55||NIFTY27JAN2625000PE,0.11421584374979483
08-01-2026 13:55||NIFTY27JAN2625200CE,0.13658164654752014
08-01-2026 13:55||NIFTY27JAN2625700CE,0.10679827889122381
08-01-2026 14:00||NIFTY27JAN2623800PE,0.18592875782729623
08-01-2026 14:00||NIFTY27JAN2623900PE,0.17970743430884506
08-01-2026 14:00||NIFTY27JAN2625300CE,0.11250712989798756
08-01-2026 14:00||NIFTY27JAN2625400CE,0.11055617799807142
08-01-2026 14:00||NIFTY27JAN2625900CE,0.09910187984408338
08-01-2026 14:00||NIFTY27JAN2626000CE,0.09800005483208976
08-01-2026 14:00||NIFTY27JAN2626100CE,0.09581759023327044
08-01-2026 14:00||NIFTY27JAN2626200CE,0.0946759716666025
08-01-2026 14:00||NIFTY27JAN2626300CE,0.0930455504935241
08-01-2026 14:05||NIFTY27JAN2623900PE,0.17845736869209997
08-01-2026 14:05||NIFTY27JAN2624500PE,0.14229499495194678
08-01-2026 14:05||NIFTY27JAN2625300CE,0.11400510629244352
08-01-2026 14:05||NIFTY27JAN2626000CE,0.09651324367474581
08-01-2026 14:05||NIFTY27JAN2626200CE,0.09345367918503461
08-01-2026 14:05||NIFTY27JAN2626300CE,0.09204416951782536
08-01-2026 14:05||NIFTY27JAN2626500CE,0.0893341465292702
08-01-2026 14:10||NIFTY27JAN2624800PE,0.12428096267509066
08-01-2026 14:10||NIFTY27JAN2625000PE,0.11417645166227389
08-01-2026 14:10||NIFTY27JAN2625200CE,0.12089935381544772
08-01-2026 14:10||NIFTY27JAN2625300CE,0.12055714399737044
08-01-2026 14:10||NIFTY27JAN2625700CE,0.10967356066039505
08-01-2026 14:15||NIFTY27JAN2623800PE,0.18322792091092205
08-01-2026 14:15||NIFTY27JAN2624200PE,0.16019692995648807
08-01-2026 14:15||NIFTY27JAN2624300PE,0.15381985674603435
08-01-2026 14:15||NIFTY27JAN2625000PE,0.1132446293071967
08-01-2026 14:15||NIFTY27JAN2625200CE,0.12891638948071468
08-01-2026 14:15||NIFTY27JAN2625600CE,0.11472829658051563
08-01-2026 14:15||NIFTY27JAN2626100CE,0.09702263765372184
08-01-2026 14:15||NIFTY27JAN2626400CE,0.0922823795661118
08-01-2026 14:20||NIFTY27JAN2624500PE,0.1409535183340782
08-01-2026 14:20||NIFTY27JAN2625000PE,0.11345914803860314
08-01-2026 14:20||NIFTY27JAN2625700CE,0.1039238050703582
08-01-2026 14:20||NIFTY27JAN2626400CE,0.08970888177662151
08-01-2026 14:25||NIFTY27JAN2624600PE,0.13599847261509868
08-01-2026 14:25||NIFTY27JAN2624800PE,0.12447968394517395
08-01-2026 14:25||NIFTY27JAN2625200CE,0.12056997619378466
08-01-2026 14:25||NIFTY27JAN2625600CE,0.10531579265040741
08-01-2026 14:25||NIFTY27JAN2625900CE,0.09797078168378923
08-01-2026 14:25||NIFTY27JAN2626000CE,0.09611835751500229
08-01-2026 14:30||NIFTY27JAN2624500PE,0.14010054545670095
08-01-2026 14:30||NIFTY27JAN2626200CE,0.09795220715151011
08-01-2026 14:30||NIFTY27JAN2626400CE,0.09323521960693595
08-01-2026 14:30||NIFTY27JAN2626500CE,0.09098530831612998
08-01-2026 14:35||NIFTY27JAN2624200PE,0.16009591700718426
08-01-2026 14:35||NIFTY27JAN2624800PE,0.12355592436853516
08-01-2026 14:35||NIFTY27JAN2625100PE,0.10876224156551338
08-01-2026 14:35||NIFTY27JAN2626100CE,0.09545252882350312
08-01-2026 14:40||NIFTY27JAN2624200PE,0.159450022133196
08-01-2026 14:40||NIFTY27JAN2624600PE,0.1348297860429086
08-01-2026 14:40||NIFTY27JAN2625000PE,0.11300201937109562
08-01-2026 14:40||NIFTY27JAN2625300CE,0.1203779777769611
08-01-2026 14:40||NIFTY27JAN2625400CE,0.11693526411529631
08-01-2026 14:40||NIFTY27JAN2625500CE,0.11279467892216137
08-01-2026 14:40||NIFTY27JAN2626200CE,0.09317948092622905
08-01-2026 14:40||NIFTY27JAN2626300CE,0.09157923297083538
08-01-2026 14:45||NIFTY27JAN2624000PE,0.17020369302218505
08-01-2026 14:45||NIFTY27JAN2624700PE,0.12845339420179575
08-01-2026 14:45||NIFTY27JAN2625000PE,0.11237413917189301
08-01-2026 14:45||NIFTY27JAN2625300CE,0.12213928960434574
08-01-2026 14:45||NIFTY27JAN2625700CE,0.10572108217777317
08-01-2026 14:50||NIFTY27JAN2624100PE,0.16553975307832455
08-01-2026 14:50||NIFTY27JAN2624300PE,0.15338317428931528
08-01-2026 14:50||NIFTY27JAN2625100PE,0.10924111930770285
08-01-2026 14:50||NIFTY27JAN2625400CE,0.11409654799163936
08-01-2026 14:50||NIFTY27JAN2625500CE,0.10883491785443097
08-01-2026 14:50||NIFTY27JAN2626000CE,0.09368425023497359
08-01-2026 14:50||NIFTY27JAN2626200CE,0.09066589728928602
08-01-2026 14:55||NIFTY27JAN2626300CE,0.09082955759121732
08-01-2026 15:00||NIFTY27JAN2623900PE,0.17454406630870076
08-01-2026 15:00||NIFTY27JAN2624000PE,0.16848546137501758
08-01-2026 15:00||NIFTY27JAN2624900PE,0.11782444145904956
08-01-2026 15:00||NIFTY27JAN2625100PE,0.10816852297438163
08-01-2026 15:00||NIFTY27JAN2625200CE,0.13416655228520355
08-01-2026 15:00||NIFTY27JAN2625600CE,0.0995290893230066
08-01-2026 15:00||NIFTY27JAN2625700CE,0.09704231469963262
08-01-2026 15:00||NIFTY27JAN2626300CE,0.08893116816223674
08-01-2026 15:00||NIFTY27JAN2626400CE,0.08841946512461223
08-01-2026 15:05||NIFTY27JAN2624400PE,0.14292811675377204
08-01-2026 15:05||NIFTY27JAN2624800PE,0.1199407156004032
08-01-2026 15:05||NIFTY27JAN2624900PE,0.11500307828400815
08-01-2026 15:05||NIFTY27JAN2626000CE,0.09819091237589023
08-01-2026 15:05||NIFTY27JAN2626100CE,0.09633346256226374
08-01-2026 15:05||NIFTY27JAN2626200CE,0.09480249674947723
08-01-2026 15:10||NIFTY27JAN2624000PE,0.16675102601045558
08-01-2026 15:10||NIFTY27JAN2624200PE,0.15521637680369005
08-01-2026 15:10||NIFTY27JAN2624600PE,0.1311911839112352
08-01-2026 15:10||NIFTY27JAN2625100PE,0.10577045014420883
08-01-2026 15:10||NIFTY27JAN2625700CE,0.10430575363944593
08-01-2026 15:10||NIFTY27JAN2626100CE,0.09471219444277662
08-01-2026 15:10||NIFTY27JAN2626300CE,0.09232428504463025
08-01-2026 15:10||NIFTY27JAN2626500CE,0.09006496993782429
08-01-2026 15:15||NIFTY27JAN2624800PE,0.12019657937258064
08-01-2026 15:15||NIFTY27JAN2625100PE,0.10588395313176045
08-01-2026 15:15||NIFTY27JAN2625500CE,0.1103712390292256
08-01-2026 15:15||NIFTY27JAN2626100CE,0.09420165087886717
08-01-2026 15:20||NIFTY27JAN2624000PE,0.1669293528696212
08-01-2026 15:20||NIFTY27JAN2624500PE,0.13687219802056166
08-01-2026 15:20||NIFTY27JAN2624800PE,0.1205372758158527
08-01-2026 15:20||NIFTY27JAN2625000PE,0.11115766732449851
08-01-2026 15:20||NIFTY27JAN2625600CE,0.10431760863199904
08-01-2026 15:20||NIFTY27JAN2626100CE,0.09306935078780618
08-01-2026 15:20||NIFTY27JAN2626400CE,0.08941355090531394
08-01-2026 15:20||NIFTY27JAN2626500CE,0.08865732919309934
08-01-2026 15:25||NIFTY27JAN2623800PE,0.18099007502748515
08-01-2026 15:25||NIFTY27JAN2624100PE,0.15987837602926017
08-01-2026 15:25||NIFTY27JAN2624300PE,0.14920427108395254
08-01-2026 15:25||NIFTY27JAN2624600PE,0.13160531938666611
08-01-2026 15:25||NIFTY27JAN2625100PE,0.10833238103328749
08-01-2026 15:25||NIFTY27JAN2625800CE,0.09593248289803695
08-01-2026 15:25||NIFTY27JAN2626100CE,0.09250813414202427
09-01-2026 09:15||NIFTY27JAN2624400PE,0.14523395964574265
09-01-2026 09:15||NIFTY27JAN2625000PE,0.1122669678527081
09-01-2026 09:15||NIFTY27JAN2625400CE,0.12177704815721145
09-01-2026 09:15||NIFTY27JAN2625500CE,0.11794575987009345
09-01-2026 09:15||NIFTY27JAN2625800CE,0.10595669426354422
09-01-2026 09:15||NIFTY27JAN2626300CE,0.0937585150219966
09-01-2026 09:20||NIFTY27JAN2624100PE,0.16366038842679656
09-01-2026 09:20||NIFTY27JAN2624200PE,0.157639619184996
09-01-2026 09:20||NIFTY27JAN2624800PE,0.12442490118569827
09-01-2026 09:20||NIFTY27JAN2625000PE,0.11544038798504039
09-01-2026 09:20||NIFTY27JAN2625300CE,0.1148296085550102
09-01-2026 09:25||NIFTY27JAN2624100PE,0.16048576733658157
09-01-2026 09:25||NIFTY27JAN2625000PE,0.1119140011095511
09-01-2026 09:25||NIFTY27JAN2625400CE,0.1180167036829523
09-01-2026 09:25||NIFTY27JAN2626100CE,0.09379666600477918
09-01-2026 09:30||NIFTY27JAN2624300PE,0.14896470745334423
09-01-2026 09:30||NIFTY27JAN2624500PE,0.1372460592642165
09-01-2026 09:30||NIFTY27JAN2624600PE,0.131522951718639
09-01-2026 09:30||NIFTY27JAN2625300CE,0.11509325166160575
09-01-2026 09:30||NIFTY27JAN2625400CE,0.11183425915931328
09-01-2026 09:30||NIFTY27JAN2626100CE,0.0931583274389614
09-01-2026 09:30||NIFTY27JAN2626400CE,0.09066554434851605
09-01-2026 09:35||NIFTY27JAN2624800PE,0.11964162245578178
09-01-2026 09:35||NIFTY27JAN2626000CE,0.09846361874899827
09-01-2026 09:35||NIFTY27JAN2626200CE,0.09487446175577799
09-01-2026 09:40||NIFTY27JAN2625500CE,0.13466589153947708
09-01-2026 09:40||NIFTY27JAN2625600CE,0.12880431878125403
09-01-2026 09:40||NIFTY27JAN2625700CE,0.12406244739845904
09-01-2026 09:40||NIFTY27JAN2625900CE,0.11378727231058243
09-01-2026 09:45||NIFTY27JAN2624000PE,0.16474112638724003
09-01-2026 09:45||NIFTY27JAN2624300PE,0.14727365282608323
09-01-2026 09:45||NIFTY27JAN2624400PE,0.1411054601237828
09-01-2026 09:45||NIFTY27JAN2624700PE,0.1238158478877414
09-01-2026 09:45||NIFTY27JAN2624900PE,0.11349655858279788
09-01-2026 09:45||NIFTY27JAN2625600CE,0.12277965662888601
09-01-2026 09:45||NIFTY27JAN2625900CE,0.10772987335131795
09-01-2026 09:50||NIFTY27JAN2624100PE,0.15987024440219255
09-01-2026 09:50||NIFTY27JAN2624400PE,0.14226576536152924
09-01-2026 09:50||NIFTY27JAN2624600PE,0.13034475486694258
09-01-2026 09:50||NIFTY27JAN2624700PE,0.12482873068706915
09-01-2026 09:50||NIFTY27JAN2624900PE,0.11465943873066205
09-01-2026 09:50||NIFTY27JAN2625300CE,0.13838739409737166
09-01-2026 09:50||NIFTY27JAN2625600CE,0.11958476844174043
09-01-2026 09:50||NIFTY27JAN2626000CE,0.10315498372245496
09-01-2026 09:50||NIFTY27JAN2626100CE,0.10040338303714882
09-01-2026 09:50||NIFTY27JAN2626400CE,0.09480065960319745
09-01-2026 09:55||NIFTY27JAN2623800PE,0.1767482534735041
09-01-2026 09:55||NIFTY27JAN2624800PE,0.12082754637458229
09-01-2026 09:55||NIFTY27JAN2624900PE,0.11618971862398533
09-01-2026 09:55||NIFTY27JAN2625000PE,0.1116174313896959
09-01-2026 09:55||NIFTY27JAN2625200CE,0.1331023080240887
09-01-2026 10:00||NIFTY27JAN2624100PE,0.1623337810831168
09-01-2026 10:00||NIFTY27JAN2624300PE,0.1497788651927922
09-01-2026 10:00||NIFTY27JAN2625100PE,0.10816409535288216
09-01-2026 10:00||NIFTY27JAN2625500CE,0.10758889982732871
09-01-2026 10:00||NIFTY27JAN2626100CE,0.09313600615710672
09-01-2026 10:05||NIFTY27JAN2624500PE,0.13638741815848318
09-01-2026 10:05||NIFTY27JAN2624800PE,0.11963065567392347
09-01-2026 10:05||NIFTY27JAN2625600CE,0.11988611280139741
09-01-2026 10:05||NIFTY27JAN2626100CE,0.0988812054373704
09-01-2026 10:10||NIFTY27JAN2624400PE,0.14343525457847509
09-01-2026 10:10||NIFTY27JAN2626300CE,0.09150790487869197
09-01-2026 10:10||NIFTY27JAN2626400CE,0.09067693473349155
09-01-2026 10:15||NIFTY27JAN2625100PE,0.10730579045852437
09-01-2026 10:15||NIFTY27JAN2625600CE,0.10909314101985147
09-01-2026 10:15||NIFTY27JAN2626200CE,0.09268574659986448
09-01-2026 10:15||NIFTY27JAN2626300CE,0.09157379830678351
09-01-2026 10:20||NIFTY27JAN2623900PE,0.17312140407084334
09-01-2026 10:20||NIFTY27JAN2624000PE,0.16719194999352802
09-01-2026 10:20||NIFTY27JAN2625200CE,0.1438553087276349
09-01-2026 10:20||NIFTY27JAN2625700CE,0.11284611360298626
09-01-2026 10:25||NIFTY27JAN2624200PE,0.15522240389048397
09-01-2026 10:25||NIFTY27JAN2625000PE,0.10965228197608515
09-01-2026 10:25||NIFTY27JAN2625600CE,0.12023187582751797
09-01-2026 10:25||NIFTY27JAN2626200CE,0.09682762057780131
09-01-2026 10:25||NIFTY27JAN2626500CE,0.09146594391366748
09-01-2026 10:30||NIFTY27JAN2624300PE,0.14987846116517492
09-01-2026 10:30||NIFTY27JAN2624900PE,0.11708136605170594
09-01-2026 10:35||NIFTY27JAN2624300PE,0.14908625517805282
09-01-2026 10:35||NIFTY27JAN2624800PE,0.12003991277711669
09-01-2026 10:35||NIFTY27JAN2626300CE,0.091536850939591
09-01-2026 10:40||NIFTY27JAN2624000PE,0.1661731371552868
09-01-2026 10:40||NIFTY27JAN2624700PE,0.12494642747983545
09-01-2026 10:40||NIFTY27JAN2625000PE,0.10965281577301483
09-01-2026 10:40||NIFTY27JAN2625500CE,0.11621210582283233
09-01-2026 10:40||NIFTY27JAN2626000CE,0.09755036167108919
09-01-2026 10:40||NIFTY27JAN2626100CE,0.09572991857351458
09-01-2026 10:40||NIFTY27JAN2626400CE,0.09070758023234632
09-01-2026 10:40||NIFTY27JAN2626500CE,0.08924103127168209
09-01-2026 10:45||NIFTY27JAN2624400PE,0.1424760727139116
09-01-2026 10:45||NIFTY27JAN2625000PE,0.10979162818016878
09-01-2026 10:45||NIFTY27JAN2625200CE,0.13296802864266438
09-01-2026 10:45||NIFTY27JAN2625400CE,0.12047909268260994
09-01-2026 10:45||NIFTY27JAN2625500CE,0.11419172171948526
09-01-2026 10:45||NIFTY27JAN2626300CE,0.0908541838968779
09-01-2026 10:50||NIFTY27JAN2624100PE,0.16112347195463103
09-01-2026 10:50||NIFTY27JAN2625800CE,0.0959625712283049
09-01-2026 10:50||NIFTY27JAN2625900CE,0.09396773776407367
09-01-2026 10:50||NIFTY27JAN2626000CE,0.09211500049826128
09-01-2026 10:50||NIFTY27JAN2626400CE,0.08817594040462613
09-01-2026 10:50||NIFTY27JAN2626500CE,0.08773846271380997
09-01-2026 10:55||NIFTY27JAN2623800PE,0.17459656376028457
09-01-2026 10:55||NIFTY27JAN2624700PE,0.12419779804973591
09-01-2026 10:55||NIFTY27JAN2624900PE,0.11452863618828295
09-01-2026 10:55||NIFTY27JAN2626300CE,0.0912152035198026
09-01-2026 11:00||NIFTY27JAN2624900PE,0.11311276425040599
09-01-2026 11:00||NIFTY27JAN2625000PE,0.10843279752188001
09-01-2026 11:00||NIFTY27JAN2625200CE,0.16462352136665373
09-01-2026 11:00||NIFTY27JAN2625700CE,0.1028936005694671
09-01-2026 11:00||NIFTY27JAN2625800CE,0.09991929336641478
09-01-2026 11:05||NIFTY27JAN2624000PE,0.16331744371873155
09-01-2026 11:05||NIFTY27JAN2624400PE,0.13844308450163054
09-01-2026 11:05||NIFTY27JAN2625100PE,0.10437169520428499
09-01-2026 11:05||NIFTY27JAN2625300CE,0.12582141216468792
09-01-2026 11:05||NIFTY27JAN2625500CE,0.11352760148851765
09-01-2026 11:05||NIFTY27JAN2625700CE,0.1050953972613323
09-01-2026 11:10||NIFTY27JAN2623900PE,0.17036162891159976
09-01-2026 11:10||NIFTY27JAN2624700PE,0.12368771625350183
09-01-2026 11:10||NIFTY27JAN2625100PE,0.106318944591164
09-01-2026 11:10||NIFTY27JAN2625200CE,0.12011977943165068
09-01-2026 11:10||NIFTY27JAN2625500CE,0.1067605103297213
09-01-2026 11:10||NIFTY27JAN2625800CE,0.09543403434634166
09-01-2026 11:15||NIFTY27JAN2624200PE,0.1520853775443019
09-01-2026 11:15||NIFTY27JAN2624600PE,0.12815594559963622
09-01-2026 11:15||NIFTY27JAN2625700CE,0.10186826154279609
09-01-2026 11:15||NIFTY27JAN2626400CE,0.09172409763169176
09-01-2026 11:20||NIFTY27JAN2625200CE,0.1313433886886049
09-01-2026 11:20||NIFTY27JAN2625500CE,0.11068555201494801
09-01-2026 11:25||NIFTY27JAN2624600PE,0.12752433811071465
09-01-2026 11:25||NIFTY27JAN2625100PE,0.10345667892211886
09-01-2026 11:25||NIFTY27JAN2625600CE,0.10953150817289126
09-01-2026 11:30||NIFTY27JAN2624000PE,0.16285835004628352
09-01-2026 11:30||NIFTY27JAN2624100PE,0.15730034083911265
09-01-2026 11:30||NIFTY27JAN2624500PE,0.1342462045083894
09-01-2026 11:30||NIFTY27JAN2624600PE,0.12851739673934923
09-01-2026 11:30||NIFTY27JAN2624900PE,0.11333347268966673
09-01-2026 11:30||NIFTY27JAN2625000PE,0.1088066023491196
09-01-2026 11:30||NIFTY27JAN2625300CE,0.12212421808462935
09-01-2026 11:30||NIFTY27JAN2626200CE,0.09045955345758176
09-01-2026 11:35||NIFTY27JAN2624100PE,0.15743369227640897
09-01-2026 11:35||NIFTY27JAN2624600PE,0.12774657607160644
09-01-2026 11:35||NIFTY27JAN2625200CE,0.12081427896477476
09-01-2026 11:35||NIFTY27JAN2625300CE,0.11671887635412971
09-01-2026 11:35||NIFTY27JAN2625700CE,0.10126329062540747
09-01-2026 11:35||NIFTY27JAN2625800CE,0.09842275523478519
09-01-2026 11:40||NIFTY27JAN2624600PE,0.12773494727048892
09-01-2026 11:40||NIFTY27JAN2624700PE,0.12264740604547693
09-01-2026 11:40||NIFTY27JAN2625000PE,0.1086013534785425
09-01-2026 11:40||NIFTY27JAN2625300CE,0.11838118850034555
09-01-2026 11:40||NIFTY27JAN2625800CE,0.09823749664866355
09-01-2026 11:40||NIFTY27JAN2625900CE,0.09663429869142451
09-01-2026 11:45||NIFTY27JAN2625900CE,0.0973709494661702
09-01-2026 11:45||NIFTY27JAN2626000CE,0.09553932462371567
09-01-2026 11:45||NIFTY27JAN2626200CE,0.09337036006751163
09-01-2026 11:45||NIFTY27JAN2626500CE,0.09227228469192653
09-01-2026 11:50||NIFTY27JAN2625000PE,0.10859563372588364
09-01-2026 11:50||NIFTY27JAN2625200CE,0.11916369054237787
09-01-2026 11:50||NIFTY27JAN2625400CE,0.11268991122293028
09-01-2026 11:50||NIFTY27JAN2625500CE,0.10935660234292113
09-01-2026 11:50||NIFTY27JAN2626000CE,0.09656642141423923
09-01-2026 11:50||NIFTY27JAN2626500CE,0.09309772151404512
09-01-2026 11:55||NIFTY27JAN2624200PE,0.15159673558723866
09-01-2026 11:55||NIFTY27JAN2624300PE,0.14448283993471642
09-01-2026 11:55||NIFTY27JAN2624500PE,0.1325617835273319
09-01-2026 11:55||NIFTY27JAN2624900PE,0.11356737880631443
09-01-2026 11:55||NIFTY27JAN2625400CE,0.11495398530284974
09-01-2026 11:55||NIFTY27JAN2625600CE,0.10627398385750454
09-01-2026 11:55||NIFTY27JAN2625800CE,0.10038853832787827
09-01-2026 11:55||NIFTY27JAN2626300CE,0.09371919413423549
09-01-2026 12:00||NIFTY27JAN2623800PE,0.17255701623146374
09-01-2026 12:00||NIFTY27JAN2624400PE,0.13798622537757366
09-01-2026 12:00||NIFTY27JAN2624800PE,0.11549023838283787
09-01-2026 12:00||NIFTY27JAN2625600CE,0.11134751169166741
09-01-2026 12:00||NIFTY27JAN2625800CE,0.10364832107711262
09-01-2026 12:00||NIFTY27JAN2626300CE,0.09515687430336761
09-01-2026 12:05||NIFTY27JAN2624600PE,0.12764254011071458
09-01-2026 12:05||NIFTY27JAN2625500CE,0.10924743724996948
09-01-2026 12:05||NIFTY27JAN2626000CE,0.09558183542635708
09-01-2026 12:05||NIFTY27JAN2626500CE,0.0932290405728315
09-01-2026 12:10||NIFTY27JAN2624200PE,0.15210331207426028
09-01-2026 12:10||NIFTY27JAN2624300PE,0.14541863427509577
09-01-2026 12:10||NIFTY27JAN2625500CE,0.10642545000589917
09-01-2026 12:10||NIFTY27JAN2625900CE,0.0964273809526022
09-01-2026 12:10||NIFTY27JAN2626300CE,0.09338022030218242
09-01-2026 12:15||NIFTY27JAN2623800PE,0.17495107617714892
09-01-2026 12:15||NIFTY27JAN2624100PE,0.15696892678153174
09-01-2026 12:15||NIFTY27JAN2624200PE,0.15045853018033348
09-01-2026 12:15||NIFTY27JAN2624300PE,0.14391660132969716
09-01-2026 12:15||NIFTY27JAN2625400CE,0.11087652390998057
09-01-2026 12:15||NIFTY27JAN2625500CE,0.10801313530355074
09-01-2026 12:15||NIFTY27JAN2625800CE,0.0991177071385125
09-01-2026 12:15||NIFTY27JAN2625900CE,0.09719831438110432
09-01-2026 12:15||NIFTY27JAN2626200CE,0.09329700817314954
09-01-2026 12:15||NIFTY27JAN2626300CE,0.09244826415319414
09-01-2026 12:15||NIFTY27JAN2626400CE,0.09166521548122938
09-01-2026 12:15||NIFTY27JAN2626500CE,0.09120894629917226
09-01-2026 12:20||NIFTY27JAN2624000PE,0.1627798931897948
09-01-2026 12:20||NIFTY27JAN2624700PE,0.12108963401509507
09-01-2026 12:20||NIFTY27JAN2624800PE,0.11637909986192609
09-01-2026 12:20||NIFTY27JAN2625000PE,0.10761116313236227
09-01-2026 12:25||NIFTY27JAN2624200PE,0.1503270738264246
09-01-2026 12:25||NIFTY27JAN2624400PE,0.1383365468567855
09-01-2026 12:25||NIFTY27JAN2624600PE,0.12690921458218046
09-01-2026 12:25||NIFTY27JAN2625000PE,0.10876526250751767
09-01-2026 12:30||NIFTY27JAN2623800PE,0.16555060810610284
09-01-2026 12:30||NIFTY27JAN2624400PE,0.13815312089125756
09-01-2026 12:30||NIFTY27JAN2624900PE,0.11259726865013421
09-01-2026 12:30||NIFTY27JAN2626400CE,0.09488179363403418
09-01-2026 12:35||NIFTY27JAN2624100PE,0.1589464347470186
09-01-2026 12:35||NIFTY27JAN2624300PE,0.14615706753561467
09-01-2026 12:35||NIFTY27JAN2624700PE,0.12399831449345981
09-01-2026 12:35||NIFTY27JAN2624900PE,0.11567865883445685
09-01-2026 12:35||NIFTY27JAN2625700CE,0.09808588574323718
09-01-2026 12:35||NIFTY27JAN2626400CE,0.09621776238082608
09-01-2026 12:40||NIFTY27JAN2624100PE,0.15842702507095516
09-01-2026 12:40||NIFTY27JAN2625800CE,0.09920954681915345
09-01-2026 12:40||NIFTY27JAN2626100CE,0.09608813788197615
09-01-2026 12:45||NIFTY27JAN2623900PE,0.1701939665375635
09-01-2026 12:45||NIFTY27JAN2624100PE,0.15829003201917835
09-01-2026 12:45||NIFTY27JAN2624200PE,0.15173027678140683
09-01-2026 12:45||NIFTY27JAN2625100PE,0.10700287924777603
09-01-2026 12:45||NIFTY27JAN2625300CE,0.10631733966299928
09-01-2026 12:45||NIFTY27JAN2625800CE,0.09753782241215432
09-01-2026 12:45||NIFTY27JAN2625900CE,0.09668669264374771
09-01-2026 12:45||NIFTY27JAN2626000CE,0.09587261515275007
09-01-2026 12:45||NIFTY27JAN2626400CE,0.09858685283369627
09-01-2026 12:50||NIFTY27JAN2623800PE,0.17864228206650207
09-01-2026 12:50||NIFTY27JAN2624100PE,0.15586795099688103
09-01-2026 12:50||NIFTY27JAN2625300CE,0.1211731282789252
09-01-2026 12:50||NIFTY27JAN2625500CE,0.11085468189737752
09-01-2026 12:50||NIFTY27JAN2626200CE,0.09789601748754441
09-01-2026 12:55||NIFTY27JAN2624100PE,0.15781925086642215
09-01-2026 12:55||NIFTY27JAN2624500PE,0.13268843925500265
09-01-2026 12:55||NIFTY27JAN2624800PE,0.11733338959427986
09-01-2026 12:55||NIFTY27JAN2625600CE,0.10501479418126376
09-01-2026 12:55||NIFTY27JAN2625700CE,0.1023044092588279
09-01-2026 13:00||NIFTY27JAN2624200PE,0.1508398293536992
09-01-2026 13:00||NIFTY27JAN2624900PE,0.11380151063257303
09-01-2026 13:00||NIFTY27JAN2625200CE,0.11637882251428422
09-01-2026 13:00||NIFTY27JAN2625600CE,0.10423068729657792
09-01-2026 13:00||NIFTY27JAN2625800CE,0.09970598583064377
09-01-2026 13:00||NIFTY27JAN2626400CE,0.0983353052570612
09-01-2026 13:05||NIFTY27JAN2623900PE,0.17014614505766423
09-01-2026 13:05||NIFTY27JAN2624100PE,0.15790650382105384
09-01-2026 13:05||NIFTY27JAN2624300PE,0.14529413457517493
09-01-2026 13:05||NIFTY27JAN2624400PE,0.13924873527054812
09-01-2026 13:05||NIFTY27JAN2624700PE,0.12229689382754676
09-01-2026 13:05||NIFTY27JAN2624800PE,0.1178738159866556
09-01-2026 13:05||NIFTY27JAN2624900PE,0.11332754271136121
09-01-2026 13:05||NIFTY27JAN2625000PE,0.10921030919517782
09-01-2026 13:05||NIFTY27JAN2626000CE,0.09806504407262741
09-01-2026 13:05||NIFTY27JAN2626400CE,0.09860260198652242
09-01-2026 13:05||NIFTY27JAN2626500CE,0.09941464536900892
09-01-2026 13:10||NIFTY27JAN2624000PE,0.16367957907201874
09-01-2026 13:10||NIFTY27JAN2624100PE,0.15772678964925788
09-01-2026 13:10||NIFTY27JAN2624300PE,0.14558627540709423
09-01-2026 13:10||NIFTY27JAN2625200CE,0.11964842753379921
09-01-2026 13:10||NIFTY27JAN2625900CE,0.09948955036357597
09-01-2026 13:10||NIFTY27JAN2626100CE,0.09754362107825235
09-01-2026 13:10||NIFTY27JAN2626400CE,0.09885226338206121
09-01-2026 13:15||NIFTY27JAN2624100PE,0.1581978897763173
09-01-2026 13:15||NIFTY27JAN2624400PE,0.138918260217236
09-01-2026 13:15||NIFTY27JAN2625000PE,0.10867887132692275
09-01-2026 13:15||NIFTY27JAN2625300CE,0.11648361244745452
09-01-2026 13:15||NIFTY27JAN2625700CE,0.10426518910213523
09-01-2026 13:15||NIFTY27JAN2625800CE,0.10228194240558414
09-01-2026 13:15||NIFTY27JAN2625900CE,0.10037188906349805
09-01-2026 13:15||NIFTY27JAN2626100CE,0.09812662061342213
09-01-2026 13:15||NIFTY27JAN2626200CE,0.09785322203442454
09-01-2026 13:20||NIFTY27JAN2624100PE,0.15827247409472414
09-01-2026 13:20||NIFTY27JAN2625000PE,0.1087353026811437
09-01-2026 13:20||NIFTY27JAN2625200CE,0.12091206048982019
09-01-2026 13:20||NIFTY27JAN2625600CE,0.10409769366126802
09-01-2026 13:25||NIFTY27JAN2624500PE,0.1333865591512123
09-01-2026 13:25||NIFTY27JAN2625100PE,0.10590019716517884
09-01-2026 13:25||NIFTY27JAN2625300CE,0.11697148948516323
09-01-2026 13:25||NIFTY27JAN2626200CE,0.09699522042545095
09-01-2026 13:30||NIFTY27JAN2624300PE,0.14651099615792698
09-01-2026 13:30||NIFTY27JAN2624900PE,0.11514386945739967
09-01-2026 13:30||NIFTY27JAN2625900CE,0.09647706986823384
09-01-2026 13:30||NIFTY27JAN2626400CE,0.09756755986414166
09-01-2026 13:35||NIFTY27JAN2623900PE,0.1690537233817302
09-01-2026 13:35||NIFTY27JAN2624100PE,0.1573416937686922
09-01-2026 13:35||NIFTY27JAN2624400PE,0.13933913834415163
09-01-2026 13:35||NIFTY27JAN2624600PE,0.12696795233121652
09-01-2026 13:35||NIFTY27JAN2625100PE,0.105230173798102
09-01-2026 13:35||NIFTY27JAN2625300CE,0.12119745815214632
09-01-2026 13:35||NIFTY27JAN2625400CE,0.11584499505544865
09-01-2026 13:35||NIFTY27JAN2625900CE,0.10043440083623958
09-01-2026 13:35||NIFTY27JAN2626100CE,0.09823677960025493
09-01-2026 13:40||NIFTY27JAN2624500PE,0.13406471993811356
09-01-2026 13:40||NIFTY27JAN2624800PE,0.11899892776383185
09-01-2026 13:40||NIFTY27JAN2625100PE,0.10790177337541043
09-01-2026 13:40||NIFTY27JAN2625300CE,0.10700685414253813
09-01-2026 13:40||NIFTY27JAN2625500CE,0.1016531640138352
09-01-2026 13:40||NIFTY27JAN2626500CE,0.09795384950184018
09-01-2026 13:45||NIFTY27JAN2623900PE,0.1685856114857288
09-01-2026 13:45||NIFTY27JAN2624100PE,0.1568918538775476
09-01-2026 13:45||NIFTY27JAN2624300PE,0.1447505013945856
09-01-2026 13:45||NIFTY27JAN2624400PE,0.13874702534819167
09-01-2026 13:45||NIFTY27JAN2625200CE,0.11201214116629722
09-01-2026 13:45||NIFTY27JAN2626000CE,0.09657354913556945
09-01-2026 13:50||NIFTY27JAN2623800PE,0.16862174212105388
09-01-2026 13:50||NIFTY27JAN2624600PE,0.12788850078082348
09-01-2026 13:50||NIFTY27JAN2624700PE,0.12274458529854729
09-01-2026 13:50||NIFTY27JAN2625400CE,0.10969871847108789
09-01-2026 13:50||NIFTY27JAN2625800CE,0.09885454320854131
09-01-2026 13:50||NIFTY27JAN2626100CE,0.09647370695554301
09-01-2026 13:55||NIFTY27JAN2624000PE,0.16011627705664644
09-01-2026 13:55||NIFTY27JAN2625400CE,0.11532091081786719
09-01-2026 13:55||NIFTY27JAN2625500CE,0.11234012722363387
09-01-2026 13:55||NIFTY27JAN2626400CE,0.10116795733993546
09-01-2026 14:00||NIFTY27JAN2624200PE,0.15121039652629067
09-01-2026 14:00||NIFTY27JAN2624300PE,0.1453531413805164
09-01-2026 14:00||NIFTY27JAN2624400PE,0.13958956435036413
09-01-2026 14:00||NIFTY27JAN2625500CE,0.1058292564603793
09-01-2026 14:00||NIFTY27JAN2625800CE,0.09894169252024955
09-01-2026 14:00||NIFTY27JAN2626000CE,0.09643700285223022
09-01-2026 14:05||NIFTY27JAN2624100PE,0.1570441887599177
09-01-2026 14:05||NIFTY27JAN2624300PE,0.14453037283462553
09-01-2026 14:05||NIFTY27JAN2624400PE,0.13864453922002018
09-01-2026 14:05||NIFTY27JAN2625200CE,0.12458289384576576
09-01-2026 14:05||NIFTY27JAN2625400CE,0.11440666331761784
09-01-2026 14:10||NIFTY27JAN2624300PE,0.14447075628266487
09-01-2026 14:10||NIFTY27JAN2624700PE,0.1225407884391057
09-01-2026 14:10||NIFTY27JAN2625300CE,0.1134763866499106
09-01-2026 14:10||NIFTY27JAN2626300CE,0.09675584472994403
09-01-2026 14:10||NIFTY27JAN2626400CE,0.09738926984140507
09-01-2026 14:10||NIFTY27JAN2626500CE,0.09803954021351917
09-01-2026 14:15||NIFTY27JAN2625500CE,0.10524490907614774
09-01-2026 14:20||NIFTY27JAN2624100PE,0.15642307932192187
09-01-2026 14:20||NIFTY27JAN2624300PE,0.14437866391150714
09-01-2026 14:20||NIFTY27JAN2624400PE,0.13871025682390625
09-01-2026 14:20||NIFTY27JAN2625000PE,0.10907397597993584
09-01-2026 14:20||NIFTY27JAN2625200CE,0.11455233546413154
09-01-2026 14:20||NIFTY27JAN2625400CE,0.10881919114330454
09-01-2026 14:20||NIFTY27JAN2625900CE,0.09766266451348497
09-01-2026 14:25||NIFTY27JAN2624100PE,0.15709955971739845
09-01-2026 14:25||NIFTY27JAN2624200PE,0.15094790190647922
09-01-2026 14:25||NIFTY27JAN2624300PE,0.14469067824766524
09-01-2026 14:25||NIFTY27JAN2625100PE,0.10673713726117708
09-01-2026 14:25||NIFTY27JAN2625300CE,0.11105225303992539
09-01-2026 14:25||NIFTY27JAN2625600CE,0.1008628157577686
09-01-2026 14:30||NIFTY27JAN2624000PE,0.16179060360634692
09-01-2026 14:30||NIFTY27JAN2624200PE,0.1487623701963447
09-01-2026 14:30||NIFTY27JAN2625900CE,0.10060135097783768
09-01-2026 14:30||NIFTY27JAN2626300CE,0.09919643766599368
09-01-2026 14:35||NIFTY27JAN2624200PE,0.14969760324377226
09-01-2026 14:35||NIFTY27JAN2624300PE,0.14355653832525261
09-01-2026 14:35||NIFTY27JAN2624600PE,0.12676169122776876
09-01-2026 14:35||NIFTY27JAN2625800CE,0.10055786998014195
09-01-2026 14:40||NIFTY27JAN2623800PE,0.1739425097537526
09-01-2026 14:40||NIFTY27JAN2625200CE,0.12391581089787446
09-01-2026 14:40||NIFTY27JAN2625600CE,0.10692461891180287
09-01-2026 14:40||NIFTY27JAN2625900CE,0.09993729800517406
09-01-2026 14:40||NIFTY27JAN2626100CE,0.09816970655864107
09-01-2026 14:40||NIFTY27JAN2626400CE,0.10026206481518332
09-01-2026 14:45||NIFTY27JAN2624500PE,0.13241458217305233
09-01-2026 14:45||NIFTY27JAN2624600PE,0.12697536916563124
09-01-2026 14:45||NIFTY27JAN2625300CE,0.11492015434865235
09-01-2026 14:45||NIFTY27JAN2625600CE,0.10483113648318679
09-01-2026 14:50||NIFTY27JAN2623900PE,0.1687886035486212
09-01-2026 14:50||NIFTY27JAN2626000CE,0.09746849864747131
09-01-2026 14:50||NIFTY27JAN2626300CE,0.09804647258492918
09-01-2026 14:55||NIFTY27JAN2623900PE,0.167995247752702
09-01-2026 14:55||NIFTY27JAN2624000PE,0.16243680254210666
09-01-2026 14:55||NIFTY27JAN2624800PE,0.11733959610756355
09-01-2026 14:55||NIFTY27JAN2625600CE,0.10331442360807136
09-01-2026 14:55||NIFTY27JAN2625900CE,0.09761730436975871
09-01-2026 15:00||NIFTY27JAN2624000PE,0.16179645963738978
09-01-2026 15:00||NIFTY27JAN2624300PE,0.14391126231009246
09-01-2026 15:00||NIFTY27JAN2625400CE,0.112773645847193
09-01-2026 15:00||NIFTY27JAN2625600CE,0.10630994000275798
09-01-2026 15:00||NIFTY27JAN2625700CE,0.10356941282967923
09-01-2026 15:00||NIFTY27JAN2625800CE,0.10093683949416421
09-01-2026 15:00||NIFTY27JAN2626500CE,0.10075522232576258
09-01-2026 15:05||NIFTY27JAN2624200PE,0.1501741834873106
09-01-2026 15:05||NIFTY27JAN2624300PE,0.1438702510632396
09-01-2026 15:05||NIFTY27JAN2625000PE,0.10683256996817703
09-01-2026 15:05||NIFTY27JAN2625100PE,0.10196217053403434
09-01-2026 15:05||NIFTY27JAN2625600CE,0.10577621845623172
09-01-2026 15:05||NIFTY27JAN2626500CE,0.10076865925565891
09-01-2026 15:10||NIFTY27JAN2623800PE,0.17298657794768801
09-01-2026 15:10||NIFTY27JAN2624000PE,0.16198190111535574
09-01-2026 15:10||NIFTY27JAN2624600PE,0.12695102013404988
09-01-2026 15:10||NIFTY27JAN2625000PE,0.10804740708359002
09-01-2026 15:10||NIFTY27JAN2625100PE,0.10347496938615522
09-01-2026 15:10||NIFTY27JAN2625200CE,0.1188807781592387
09-01-2026 15:10||NIFTY27JAN2626200CE,0.09687977551980474
09-01-2026 15:15||NIFTY27JAN2624200PE,0.15154385745915053
09-01-2026 15:15||NIFTY27JAN2624300PE,0.14518331305652302
09-01-2026 15:15||NIFTY27JAN2624500PE,0.13335292424091116
09-01-2026 15:15||NIFTY27JAN2624700PE,0.12313548392156994
09-01-2026 15:15||NIFTY27JAN2624900PE,0.114630304696995
09-01-2026 15:15||NIFTY27JAN2625200CE,0.11480687879798143
09-01-2026 15:15||NIFTY27JAN2625900CE,0.0969614079819515
09-01-2026 15:15||NIFTY27JAN2626000CE,0.09616877581959796
09-01-2026 15:20||NIFTY27JAN2623800PE,0.17192027473812432
09-01-2026 15:20||NIFTY27JAN2624700PE,0.12369684482575653
09-01-2026 15:20||NIFTY27JAN2625100PE,0.10681631989772435
09-01-2026 15:20||NIFTY27JAN2625200CE,0.1260936107242674
09-01-2026 15:20||NIFTY27JAN2625300CE,0.11943221327266917
09-01-2026 15:20||NIFTY27JAN2625600CE,0.10511577393010818
09-01-2026 15:20||NIFTY27JAN2625800CE,0.10079922756848685
09-01-2026 15:20||NIFTY27JAN2626100CE,0.09743440697255812
09-01-2026 15:25||NIFTY27JAN2624100PE,0.15892744348798202
09-01-2026 15:25||NIFTY27JAN2624200PE,0.15290870123430594
09-01-2026 15:25||NIFTY27JAN2624400PE,0.14081665926961834
09-01-2026 15:25||NIFTY27JAN2625500CE,0.11573085592855513
09-01-2026 15:25||NIFTY27JAN2626000CE,0.10206041935589397
09-01-2026 15:25||NIFTY27JAN2626100CE,0.10084184113260321
12-01-2026 09:15||NIFTY27JAN2624000PE,0.17613663745120767
12-01-2026 09:15||NIFTY27JAN2624900PE,0.12464803762852639
12-01-2026 09:15||NIFTY27JAN2625200CE,0.11615707188821618
12-01-2026 09:15||NIFTY27JAN2626000CE,0.10273985770345102
12-01-2026 09:15||NIFTY27JAN2626100CE,0.10283138668237259
12-01-2026 09:20||NIFTY27JAN2624200PE,0.163106628020379
12-01-2026 09:20||NIFTY27JAN2624600PE,0.13859827273552797
12-01-2026 09:20||NIFTY27JAN2624800PE,0.1284095777885235
12-01-2026 09:20||NIFTY27JAN2625000PE,0.11911293688810594
12-01-2026 09:20||NIFTY27JAN2625100PE,0.11449855485059142
12-01-2026 09:20||NIFTY27JAN2625200CE,0.12832224166250572
12-01-2026 09:20||NIFTY27JAN2625600CE,0.11376387092669266
12-01-2026 09:20||NIFTY27JAN2625800CE,0.10964489289141824
12-01-2026 09:25||NIFTY27JAN2624700PE,0.1324503538040748
12-01-2026 09:25||NIFTY27JAN2625800CE,0.1139112109707868
12-01-2026 09:25||NIFTY27JAN2626200CE,0.11323122698013144
12-01-2026 09:30||NIFTY27JAN2623900PE,0.18075056727130945
12-01-2026 09:30||NIFTY27JAN2624000PE,0.17468519558220214
12-01-2026 09:30||NIFTY27JAN2624400PE,0.14873586493426735
12-01-2026 09:30||NIFTY27JAN2625200CE,0.1395424719008834
12-01-2026 09:30||NIFTY27JAN2625600CE,0.12346488024632968
12-01-2026 09:30||NIFTY27JAN2625800CE,0.11675274843620356
12-01-2026 09:30||NIFTY27JAN2626000CE,0.114292504082294
12-01-2026 09:35||NIFTY27JAN2623900PE,0.17950793069954019
12-01-2026 09:35||NIFTY27JAN2624500PE,0.14275073892349188
12-01-2026 09:35||NIFTY27JAN2624600PE,0.1372113710457686
12-01-2026 09:35||NIFTY27JAN2624700PE,0.13178750819962973
12-01-2026 09:35||NIFTY27JAN2625000PE,0.1170857254779345
12-01-2026 09:35||NIFTY27JAN2625700CE,0.11838574604380099
12-01-2026 09:35||NIFTY27JAN2625800CE,0.11590778840009516
12-01-2026 09:35||NIFTY27JAN2625900CE,0.11437057871280305
12-01-2026 09:35||NIFTY27JAN2626200CE,0.11322256729494398
12-01-2026 09:35||NIFTY27JAN2626500CE,0.11926733631100547
12-01-2026 09:40||NIFTY27JAN2623900PE,0.18047225176599305
12-01-2026 09:40||NIFTY27JAN2624600PE,0.13914710887655346
12-01-2026 09:40||NIFTY27JAN2624700PE,0.13364137578676039
12-01-2026 09:40||NIFTY27JAN2625200CE,0.13281947666426908
12-01-2026 09:40||NIFTY27JAN2625400CE,0.12482287175347134
12-01-2026 09:45||NIFTY27JAN2623900PE,0.1808730124560506
12-01-2026 09:45||NIFTY27JAN2624800PE,0.1259729432772347
12-01-2026 09:45||NIFTY27JAN2625000PE,0.11571407172527455
12-01-2026 09:45||NIFTY27JAN2626400CE,0.11727265362317502
12-01-2026 09:45||NIFTY27JAN2626500CE,0.11856306561751698
12-01-2026 09:50||NIFTY27JAN2625000PE,0.11920998197861857
12-01-2026 09:50||NIFTY27JAN2625400CE,0.12744172974782286
12-01-2026 09:50||NIFTY27JAN2625900CE,0.11249625380978545
12-01-2026 09:50||NIFTY27JAN2626000CE,0.11098136306617848
12-01-2026 09:55||NIFTY27JAN2623800PE,0.18738441620079094
12-01-2026 09:55||NIFTY27JAN2625000PE,0.11983510820733383
12-01-2026 09:55||NIFTY27JAN2625100PE,0.11477069657429972
12-01-2026 09:55||NIFTY27JAN2625400CE,0.11795353128287948
12-01-2026 09:55||NIFTY27JAN2625700CE,0.10976957841541186
12-01-2026 09:55||NIFTY27JAN2625900CE,0.10780255214804361
12-01-2026 09:55||NIFTY27JAN2626200CE,0.10856966964484148
12-01-2026 09:55||NIFTY27JAN2626400CE,0.11345074457799967
12-01-2026 10:00||NIFTY27JAN2624800PE,0.1250781795607539
12-01-2026 10:00||NIFTY27JAN2625200CE,0.14296754127863343
12-01-2026 10:00||NIFTY27JAN2625700CE,0.12009178981661131
12-01-2026 10:00||NIFTY27JAN2626100CE,0.11353346859976088
12-01-2026 10:00||NIFTY27JAN2626200CE,0.11398575139115509
12-01-2026 10:05||NIFTY27JAN2623900PE,0.1824665873119846
12-01-2026 10:05||NIFTY27JAN2624300PE,0.15736992126079244
12-01-2026 10:05||NIFTY27JAN2624600PE,0.13976706524157617
12-01-2026 10:05||NIFTY27JAN2624700PE,0.13411928798660458
12-01-2026 10:05||NIFTY27JAN2624800PE,0.1286250187269645
12-01-2026 10:05||NIFTY27JAN2625100PE,0.1139547779894292
12-01-2026 10:10||NIFTY27JAN2624000PE,0.17494509913306802
12-01-2026 10:10||NIFTY27JAN2624100PE,0.16883974885893777
12-01-2026 10:10||NIFTY27JAN2624900PE,0.12262750750527535
12-01-2026 10:10||NIFTY27JAN2625600CE,0.11700177856076192
12-01-2026 10:10||NIFTY27JAN2626300CE,0.11328668234594913
12-01-2026 10:10||NIFTY27JAN2626400CE,0.11567444255981593
12-01-2026 10:15||NIFTY27JAN2623800PE,0.1855390499181798
12-01-2026 10:15||NIFTY27JAN2624500PE,0.1420639193535173
12-01-2026 10:15||NIFTY27JAN2624800PE,0.12464415806438726
12-01-2026 10:15||NIFTY27JAN2625000PE,0.11425781023864234
12-01-2026 10:15||NIFTY27JAN2625100PE,0.10912064849636413
12-01-2026 10:15||NIFTY27JAN2626200CE,0.11281501643989023
12-01-2026 10:15||NIFTY27JAN2626400CE,0.11470472881053861
12-01-2026 10:15||NIFTY27JAN2626500CE,0.11590121623696172
12-01-2026 10:20||NIFTY27JAN2624200PE,0.1634596482089004
12-01-2026 10:20||NIFTY27JAN2624800PE,0.12752653172289208
12-01-2026 10:20||NIFTY27JAN2624900PE,0.12242344906145099
12-01-2026 10:20||NIFTY27JAN2625200CE,0.13302521928361158
12-01-2026 10:20||NIFTY27JAN2626500CE,0.11605952965218266
12-01-2026 10:25||NIFTY27JAN2623800PE,0.18660531393588303
12-01-2026 10:25||NIFTY27JAN2624300PE,0.15647797133593846
12-01-2026 10:25||NIFTY27JAN2624400PE,0.15032981028525555
12-01-2026 10:25||NIFTY27JAN2624900PE,0.12137028723548612
12-01-2026 10:25||NIFTY27JAN2625200CE,0.14262632581493584
12-01-2026 10:25||NIFTY27JAN2625800CE,0.11412062214209484
12-01-2026 10:25||NIFTY27JAN2625900CE,0.11236894861114345
12-01-2026 10:25||NIFTY27JAN2626000CE,0.11081705558912597
12-01-2026 10:30||NIFTY27JAN2624500PE,0.14500524028023523
12-01-2026 10:30||NIFTY27JAN2625200CE,0.12892994156036242
12-01-2026 10:30||NIFTY27JAN2625800CE,0.10954252148370407
12-01-2026 10:30||NIFTY27JAN2626200CE,0.108258627315313
12-01-2026 10:35||NIFTY27JAN2624600PE,0.13778135718617895
12-01-2026 10:35||NIFTY27JAN2625400CE,0.12389315641316218
12-01-2026 10:35||NIFTY27JAN2625700CE,0.11355606922855944
12-01-2026 10:35||NIFTY27JAN2626400CE,0.11385781766873657
12-01-2026 10:40||NIFTY27JAN2625000PE,0.11698196027107315
12-01-2026 10:40||NIFTY27JAN2625100PE,0.1116849007191402
12-01-2026 10:40||NIFTY27JAN2625300CE,0.13054075326081394
12-01-2026 10:40||NIFTY27JAN2625400CE,0.12516006647462322
12-01-2026 10:40||NIFTY27JAN2625500CE,0.11993721142181177
12-01-2026 10:40||NIFTY27JAN2626400CE,0.11322856167286098
12-01-2026 10:45||NIFTY27JAN2624400PE,0.14915339310271755
12-01-2026 10:45||NIFTY27JAN2625000PE,0.11571399327415474
12-01-2026 10:45||NIFTY27JAN2626000CE,0.10989072354692464
12-01-2026 10:45||NIFTY27JAN2626200CE,0.11113805955924361
12-01-2026 10:45||NIFTY27JAN2626300CE,0.1127156513625525
12-01-2026 10:50||NIFTY27JAN2623900PE,0.1830271981902399
12-01-2026 10:50||NIFTY27JAN2624900PE,0.1234158712315745
12-01-2026 10:50||NIFTY27JAN2625500CE,0.112870176033879
12-01-2026 10:50||NIFTY27JAN2625600CE,0.1107878759636977
12-01-2026 10:50||NIFTY27JAN2626200CE,0.10639040260603957
12-01-2026 10:55||NIFTY27JAN2624000PE,0.17527724064704933
12-01-2026 10:55||NIFTY27JAN2624300PE,0.1562919983604776
12-01-2026 10:55||NIFTY27JAN2624400PE,0.15004935439908743
12-01-2026 10:55||NIFTY27JAN2624900PE,0.12198972651200639
12-01-2026 10:55||NIFTY27JAN2625100PE,0.11262850693290756
12-01-2026 10:55||NIFTY27JAN2625500CE,0.11739279672897478
12-01-2026 10:55||NIFTY27JAN2626200CE,0.10858143021196182
12-01-2026 10:55||NIFTY27JAN2626400CE,0.1134163314281595
12-01-2026 11:00||NIFTY27JAN2623800PE,0.1870064096532659
12-01-2026 11:00||NIFTY27JAN2624000PE,0.17437358167665512
12-01-2026 11:00||NIFTY27JAN2624500PE,0.1424152717811995
12-01-2026 11:00||NIFTY27JAN2624800PE,0.12631471887806583
12-01-2026 11:00||NIFTY27JAN2624900PE,0.1216160846338689
12-01-2026 11:00||NIFTY27JAN2625000PE,0.1170404272796567
12-01-2026 11:00||NIFTY27JAN2625200CE,0.12937504654147364
12-01-2026 11:00||NIFTY27JAN2625400CE,0.12269730666995154
12-01-2026 11:00||NIFTY27JAN2625600CE,0.11599479648042427
12-01-2026 11:00||NIFTY27JAN2626000CE,0.10866143039975866
12-01-2026 11:00||NIFTY27JAN2626300CE,0.11188234420012044
12-01-2026 11:05||NIFTY27JAN2624100PE,0.16728766282551596
12-01-2026 11:05||NIFTY27JAN2624700PE,0.13017391343466642
12-01-2026 11:05||NIFTY27JAN2625200CE,0.13166290095107167
12-01-2026 11:05||NIFTY27JAN2625500CE,0.12038722745745734
12-01-2026 11:05||NIFTY27JAN2625600CE,0.11731904774370679
12-01-2026 11:05||NIFTY27JAN2625700CE,0.11446598021690499
12-01-2026 11:10||NIFTY27JAN2624400PE,0.14882729321139485
12-01-2026 11:10||NIFTY27JAN2624500PE,0.1427111727576705
12-01-2026 11:10||NIFTY27JAN2625200CE,0.12766089440190026
12-01-2026 11:10||NIFTY27JAN2625800CE,0.10929916553355642
12-01-2026 11:10||NIFTY27JAN2626000CE,0.10716963418203693
12-01-2026 11:15||NIFTY27JAN2625400CE,0.11887445451415662
12-01-2026 11:15||NIFTY27JAN2625700CE,0.11163086283438213
12-01-2026 11:15||NIFTY27JAN2625800CE,0.10999488023071358
12-01-2026 11:20||NIFTY27JAN2624800PE,0.1238672101137101
12-01-2026 11:20||NIFTY27JAN2626400CE,0.1168127135223343
12-01-2026 11:25||NIFTY27JAN2623800PE,0.18160916882646053
12-01-2026 11:25||NIFTY27JAN2624200PE,0.15762216490413292
12-01-2026 11:25||NIFTY27JAN2624300PE,0.15157181321627128
12-01-2026 11:25||NIFTY27JAN2624700PE,0.12854843266617108
12-01-2026 11:25||NIFTY27JAN2625400CE,0.12073701739921072
12-01-2026 11:30||NIFTY27JAN2623900PE,0.17614984460637378
12-01-2026 11:30||NIFTY27JAN2624000PE,0.17038512161048225
12-01-2026 11:35||NIFTY27JAN2624200PE,0.15715247975126115
12-01-2026 11:35||NIFTY27JAN2624400PE,0.14524128116136087
12-01-2026 11:35||NIFTY27JAN2624700PE,0.1283891592323477
12-01-2026 11:35||NIFTY27JAN2624900PE,0.11933257230663555
12-01-2026 11:35||NIFTY27JAN2625300CE,0.12424731808563008
12-01-2026 11:35||NIFTY27JAN2625600CE,0.11549070295968844
12-01-2026 11:35||NIFTY27JAN2625800CE,0.11168095385897933
12-01-2026 11:40||NIFTY27JAN2624300PE,0.15177680077218134
12-01-2026 11:40||NIFTY27JAN2624400PE,0.14591113332742062
12-01-2026 11:40||NIFTY27JAN2625000PE,0.11576492343200628
12-01-2026 11:40||NIFTY27JAN2625200CE,0.12467299537039914
12-01-2026 11:40||NIFTY27JAN2625300CE,0.1224572915593443
12-01-2026 11:50||NIFTY27JAN2624700PE,0.1280739903593195
12-01-2026 11:50||NIFTY27JAN2625600CE,0.1161283678123241
12-01-2026 11:50||NIFTY27JAN2625800CE,0.11255179450792822
12-01-2026 11:50||NIFTY27JAN2625900CE,0.11154876572817143
12-01-2026 11:55||NIFTY27JAN2624000PE,0.16961069423667294
12-01-2026 11:55||NIFTY27JAN2624900PE,0.1187683505688346
12-01-2026 11:55||NIFTY27JAN2625100PE,0.11066450037835943
12-01-2026 11:55||NIFTY27JAN2625700CE,0.1139837554905625
12-01-2026 11:55||NIFTY27JAN2626000CE,0.11086979463953837
12-01-2026 11:55||NIFTY27JAN2626500CE,0.12117643666106767
12-01-2026 12:00||NIFTY27JAN2624100PE,0.16342236355151565
12-01-2026 12:00||NIFTY27JAN2624900PE,0.11875306975914286
12-01-2026 12:00||NIFTY27JAN2625100PE,0.11109563366738388
12-01-2026 12:00||NIFTY27JAN2625900CE,0.11026256367546222
12-01-2026 12:05||NIFTY27JAN2624000PE,0.16978556875170164
12-01-2026 12:05||NIFTY27JAN2624900PE,0.11745420159713064
12-01-2026 12:05||NIFTY27JAN2625500CE,0.11974048683342767
12-01-2026 12:05||NIFTY27JAN2625800CE,0.11225476980168986
12-01-2026 12:05||NIFTY27JAN2626000CE,0.11074389544239507
12-01-2026 12:10||NIFTY27JAN2623800PE,0.1825193999025851
12-01-2026 12:10||NIFTY27JAN2624200PE,0.1565252529245585
12-01-2026 12:10||NIFTY27JAN2624700PE,0.12468931744274744
12-01-2026 12:10||NIFTY27JAN2624800PE,0.11913174043886979
12-01-2026 12:10||NIFTY27JAN2625000PE,0.10913039440094743
12-01-2026 12:10||NIFTY27JAN2625800CE,0.11961631191062673
12-01-2026 12:15||NIFTY27JAN2625100PE,0.10866667081428394
12-01-2026 12:15||NIFTY27JAN2625900CE,0.11456213853359987
12-01-2026 12:15||NIFTY27JAN2626200CE,0.11310652965416887
12-01-2026 12:20||NIFTY27JAN2624400PE,0.14904845767521333
12-01-2026 12:20||NIFTY27JAN2624700PE,0.1304341961036067
12-01-2026 12:20||NIFTY27JAN2625100PE,0.1106334679977957
12-01-2026 12:20||NIFTY27JAN2625300CE,0.14362893439954932
12-01-2026 12:20||NIFTY27JAN2625500CE,0.13254681212645766
12-01-2026 12:20||NIFTY27JAN2626400CE,0.11727016962890432
12-01-2026 12:25||NIFTY27JAN2624800PE,0.12929082279423967
12-01-2026 12:25||NIFTY27JAN2625200CE,0.12861216972415598
12-01-2026 12:25||NIFTY27JAN2626300CE,0.11246559408151749
12-01-2026 12:30||NIFTY27JAN2623800PE,0.1869952694874567
12-01-2026 12:30||NIFTY27JAN2624800PE,0.13018022159702117
12-01-2026 12:30||NIFTY27JAN2624900PE,0.12516750199209567
12-01-2026 12:30||NIFTY27JAN2625500CE,0.13313205770694148
12-01-2026 12:30||NIFTY27JAN2625700CE,0.12446307732262239
12-01-2026 12:30||NIFTY27JAN2626500CE,0.11784024316517533
12-01-2026 12:35||NIFTY27JAN2624300PE,0.16215809010938903
12-01-2026 12:35||NIFTY27JAN2624600PE,0.14438198218372594
12-01-2026 12:35||NIFTY27JAN2624900PE,0.12897862653598324
12-01-2026 12:35||NIFTY27JAN2625100PE,0.11896004689116418
12-01-2026 12:35||NIFTY27JAN2626000CE,0.11095297518175375
12-01-2026 12:35||NIFTY27JAN2626300CE,0.11167342155217297
12-01-2026 12:40||NIFTY27JAN2624300PE,0.1591075369066831
12-01-2026 12:40||NIFTY27JAN2624400PE,0.1528754929690424
12-01-2026 12:40||NIFTY27JAN2624500PE,0.14648792900562038
12-01-2026 12:40||NIFTY27JAN2625000PE,0.11927275452526469
12-01-2026 12:40||NIFTY27JAN2625300CE,0.14742690388677548
12-01-2026 12:40||NIFTY27JAN2625500CE,0.13665330687003735
12-01-2026 12:40||NIFTY27JAN2626000CE,0.11950279856105978
12-01-2026 12:40||NIFTY27JAN2626200CE,0.1172050487103031
12-01-2026 12:45||NIFTY27JAN2624300PE,0.16459111874711335
12-01-2026 12:45||NIFTY27JAN2624500PE,0.15201464919865967
12-01-2026 12:45||NIFTY27JAN2624800PE,0.13493498838283785
12-01-2026 12:45||NIFTY27JAN2625000PE,0.12567503130711713
12-01-2026 12:45||NIFTY27JAN2625300CE,0.12904255189679542
12-01-2026 12:45||NIFTY27JAN2625700CE,0.11521931605338513
12-01-2026 12:45||NIFTY27JAN2625800CE,0.11281692755616089
12-01-2026 12:45||NIFTY27JAN2626000CE,0.11002234577497867
12-01-2026 12:45||NIFTY27JAN2626200CE,0.10972488164168286
12-01-2026 12:45||NIFTY27JAN2626400CE,0.11202824424300345
12-01-2026 12:50||NIFTY27JAN2624500PE,0.15093940266606126
12-01-2026 12:50||NIFTY27JAN2625300CE,0.13729079738324437
12-01-2026 12:50||NIFTY27JAN2625800CE,0.11889944935031829
12-01-2026 12:55||NIFTY27JAN2624500PE,0.15095926274468222
12-01-2026 12:55||NIFTY27JAN2624600PE,0.14526262729457046
12-01-2026 12:55||NIFTY27JAN2624700PE,0.13961459518754973
12-01-2026 12:55||NIFTY27JAN2625000PE,0.12405176297603449
12-01-2026 12:55||NIFTY27JAN2625400CE,0.13055828010056303
12-01-2026 12:55||NIFTY27JAN2625900CE,0.11338916492593508
12-01-2026 12:55||NIFTY27JAN2626200CE,0.11158776163664252
12-01-2026 13:00||NIFTY27JAN2624200PE,0.16763265160839222
12-01-2026 13:00||NIFTY27JAN2624500PE,0.14965798713487696
12-01-2026 13:00||NIFTY27JAN2624600PE,0.14353651126721223
12-01-2026 13:00||NIFTY27JAN2625500CE,0.12763954474238753
12-01-2026 13:00||NIFTY27JAN2626000CE,0.11482108051940303
12-01-2026 13:00||NIFTY27JAN2626100CE,0.11384189207242193
12-01-2026 13:00||NIFTY27JAN2626300CE,0.11338764226936869
12-01-2026 13:00||NIFTY27JAN2626500CE,0.11460030986615075
12-01-2026 13:05||NIFTY27JAN2623900PE,0.1860410626045169
12-01-2026 13:05||NIFTY27JAN2624200PE,0.16825514775607373
12-01-2026 13:05||NIFTY27JAN2624500PE,0.14950592817491956
12-01-2026 13:05||NIFTY27JAN2624900PE,0.12798872055936972
12-01-2026 13:05||NIFTY27JAN2625300CE,0.14026890495657485
12-01-2026 13:05||NIFTY27JAN2625500CE,0.13052698685293876
12-01-2026 13:05||NIFTY27JAN2626400CE,0.11506017210840783
12-01-2026 13:10||NIFTY27JAN2624700PE,0.13821056294795744
12-01-2026 13:10||NIFTY27JAN2624800PE,0.13310096227968943
12-01-2026 13:10||NIFTY27JAN2626400CE,0.11311155412670534
12-01-2026 13:15||NIFTY27JAN2623800PE,0.1889115410026613
12-01-2026 13:15||NIFTY27JAN2624500PE,0.15131844214842044
12-01-2026 13:15||NIFTY27JAN2624700PE,0.1400469672975357
12-01-2026 13:15||NIFTY27JAN2624800PE,0.1349681770199163
12-01-2026 13:15||NIFTY27JAN2625100PE,0.12256865273094558
12-01-2026 13:15||NIFTY27JAN2625500CE,0.11761698935151922
12-01-2026 13:15||NIFTY27JAN2625800CE,0.1102900173274624
12-01-2026 13:15||NIFTY27JAN2626100CE,0.10743984663324972
12-01-2026 13:15||NIFTY27JAN2626300CE,0.10863927134360737
12-01-2026 13:15||NIFTY27JAN2626400CE,0.10999352409126915
12-01-2026 13:20||NIFTY27JAN2624200PE,0.1672198818682476
12-01-2026 13:20||NIFTY27JAN2624300PE,0.1613263154005224
12-01-2026 13:20||NIFTY27JAN2625000PE,0.12261603403569261
12-01-2026 13:20||NIFTY27JAN2625200CE,0.13927612326092412
12-01-2026 13:20||NIFTY27JAN2625500CE,0.12628201559878588
12-01-2026 13:20||NIFTY27JAN2626200CE,0.11087775074832398
12-01-2026 13:20||NIFTY27JAN2626500CE,0.11503578108368026
12-01-2026 13:25||NIFTY27JAN2624300PE,0.16220696087345984
12-01-2026 13:25||NIFTY27JAN2624500PE,0.15071789483490564
12-01-2026 13:25||NIFTY27JAN2624600PE,0.1449704255466553
12-01-2026 13:25||NIFTY27JAN2624800PE,0.13461672861811017
12-01-2026 13:25||NIFTY27JAN2625500CE,0.11708683124360171
12-01-2026 13:25||NIFTY27JAN2625800CE,0.11064881153778444
12-01-2026 13:25||NIFTY27JAN2626000CE,0.1082914267695264
12-01-2026 13:25||NIFTY27JAN2626400CE,0.10941641460003793
12-01-2026 13:25||NIFTY27JAN2626500CE,0.1101842138313887
12-01-2026 13:30||NIFTY27JAN2623900PE,0.18373497368476788
12-01-2026 13:30||NIFTY27JAN2624400PE,0.1546248694465061
12-01-2026 13:30||NIFTY27JAN2624800PE,0.13109181134217168
12-01-2026 13:30||NIFTY27JAN2624900PE,0.12607881149375358
12-01-2026 13:30||NIFTY27JAN2625100PE,0.11608013757528346
12-01-2026 13:30||NIFTY27JAN2625300CE,0.15040415770309526
12-01-2026 13:30||NIFTY27JAN2625500CE,0.13775751788669147
12-01-2026 13:30||NIFTY27JAN2625600CE,0.13225027109738996
12-01-2026 13:30||NIFTY27JAN2625700CE,0.12721153164894672
12-01-2026 13:35||NIFTY27JAN2624700PE,0.1401548365086474
12-01-2026 13:35||NIFTY27JAN2624900PE,0.12971445478475493
12-01-2026 13:35||NIFTY27JAN2625500CE,0.12009170950551536
12-01-2026 13:35||NIFTY27JAN2625600CE,0.11748505722297531
12-01-2026 13:35||NIFTY27JAN2625900CE,0.11104188037541768
12-01-2026 13:40||NIFTY27JAN2623900PE,0.18623620695290735
12-01-2026 13:40||NIFTY27JAN2624000PE,0.18063142344817748
12-01-2026 13:40||NIFTY27JAN2624100PE,0.17506240912691354
12-01-2026 13:40||NIFTY27JAN2624800PE,0.1347111933616059
12-01-2026 13:40||NIFTY27JAN2624900PE,0.1300173355334178
12-01-2026 13:40||NIFTY27JAN2625200CE,0.14236009736623734
12-01-2026 13:40||NIFTY27JAN2625400CE,0.126470720995085
12-01-2026 13:40||NIFTY27JAN2626100CE,0.10794886577755883
12-01-2026 13:40||NIFTY27JAN2626200CE,0.107912505815832
12-01-2026 13:45||NIFTY27JAN2623800PE,0.1927255390641553
12-01-2026 13:45||NIFTY27JAN2623900PE,0.18692490585001775
12-01-2026 13:45||NIFTY27JAN2624600PE,0.14465305573109977
12-01-2026 13:45||NIFTY27JAN2625100PE,0.11994507289839779
12-01-2026 13:50||NIFTY27JAN2624200PE,0.16967901132738342
12-01-2026 13:50||NIFTY27JAN2625200CE,0.13770209576380021
12-01-2026 13:50||NIFTY27JAN2625300CE,0.13298977100503054
12-01-2026 13:50||NIFTY27JAN2625400CE,0.12937698867102917
12-01-2026 13:50||NIFTY27JAN2626200CE,0.10910281744081261
12-01-2026 13:55||NIFTY27JAN2623800PE,0.19483075537080602
12-01-2026 13:55||NIFTY27JAN2624000PE,0.18277171358038552
12-01-2026 13:55||NIFTY27JAN2624100PE,0.1767822365034524
12-01-2026 13:55||NIFTY27JAN2624700PE,0.1400946232375513
12-01-2026 13:55||NIFTY27JAN2624900PE,0.1298425456579884
12-01-2026 13:55||NIFTY27JAN2626100CE,0.10788674309565721
12-01-2026 13:55||NIFTY27JAN2626400CE,0.10941001342899984
12-01-2026 14:00||NIFTY27JAN2624000PE,0.1820140864272368
12-01-2026 14:00||NIFTY27JAN2624400PE,0.1579155064259532
12-01-2026 14:00||NIFTY27JAN2624500PE,0.1517587882483665
12-01-2026 14:00||NIFTY27JAN2624600PE,0.14563375025208722
12-01-2026 14:00||NIFTY27JAN2625000PE,0.12440759797426114
12-01-2026 14:00||NIFTY27JAN2625400CE,0.12273833504390752
12-01-2026 14:00||NIFTY27JAN2625600CE,0.11731851881177341
12-01-2026 14:00||NIFTY27JAN2625700CE,0.11407482915890538
12-01-2026 14:00||NIFTY27JAN2626300CE,0.10840639521408002
12-01-2026 14:00||NIFTY27JAN2626400CE,0.10962416381903557
12-01-2026 14:05||NIFTY27JAN2624400PE,0.15719748059324734
12-01-2026 14:05||NIFTY27JAN2624600PE,0.14478818086038073
12-01-2026 14:05||NIFTY27JAN2624800PE,0.13319175568027627
12-01-2026 14:05||NIFTY27JAN2625800CE,0.11495556406225649
12-01-2026 14:05||NIFTY27JAN2626000CE,0.11054375888208245
12-01-2026 14:05||NIFTY27JAN2626200CE,0.10908581785198596
12-01-2026 14:05||NIFTY27JAN2626400CE,0.10891612995004431
12-01-2026 14:05||NIFTY27JAN2626500CE,0.10870457355655759
12-01-2026 14:10||NIFTY27JAN2624100PE,0.17692527193005494
12-01-2026 14:10||NIFTY27JAN2624600PE,0.1461377098238752
12-01-2026 14:10||NIFTY27JAN2624800PE,0.1347089498969041
12-01-2026 14:10||NIFTY27JAN2625200CE,0.14037577105916632
12-01-2026 14:10||NIFTY27JAN2625500CE,0.11751740396841326
12-01-2026 14:10||NIFTY27JAN2626400CE,0.10794068133459798
12-01-2026 14:15||NIFTY27JAN2624100PE,0.17546461127737456
12-01-2026 14:15||NIFTY27JAN2624200PE,0.16930234143660144
12-01-2026 14:15||NIFTY27JAN2624900PE,0.12850289304713636
12-01-2026 14:15||NIFTY27JAN2625800CE,0.11266418175631529
12-01-2026 14:20||NIFTY27JAN2624400PE,0.15622820462274215
12-01-2026 14:20||NIFTY27JAN2624500PE,0.14991138925434702
12-01-2026 14:20||NIFTY27JAN2624600PE,0.14364074624210207
12-01-2026 14:20||NIFTY27JAN2625000PE,0.12138171797324779
12-01-2026 14:20||NIFTY27JAN2625200CE,0.14946096620335866
12-01-2026 14:20||NIFTY27JAN2625700CE,0.12263569852009104
12-01-2026 14:20||NIFTY27JAN2626200CE,0.11136648596173365
12-01-2026 14:20||NIFTY27JAN2626500CE,0.11223106496855444
12-01-2026 14:25||NIFTY27JAN2623900PE,0.1880376803291699
12-01-2026 14:25||NIFTY27JAN2624200PE,0.17085526720627828
12-01-2026 14:25||NIFTY27JAN2624500PE,0.15265667328736587
12-01-2026 14:25||NIFTY27JAN2624600PE,0.1464701790047716
12-01-2026 14:25||NIFTY27JAN2626300CE,0.10685149515044108
12-01-2026 14:25||NIFTY27JAN2626500CE,0.10827464272542482
12-01-2026 14:30||NIFTY27JAN2623900PE,0.18788871605130975
12-01-2026 14:30||NIFTY27JAN2624200PE,0.17086728805612272
12-01-2026 14:30||NIFTY27JAN2625200CE,0.12505922423267796
12-01-2026 14:30||NIFTY27JAN2625700CE,0.10981621643453199
12-01-2026 14:30||NIFTY27JAN2626200CE,0.10509204989747198
12-01-2026 14:35||NIFTY27JAN2624500PE,0.1491386656498136
12-01-2026 14:35||NIFTY27JAN2625100PE,0.1165437389463636
12-01-2026 14:35||NIFTY27JAN2625900CE,0.11656813490914966
12-01-2026 14:35||NIFTY27JAN2626000CE,0.11462710220631661
12-01-2026 14:35||NIFTY27JAN2626100CE,0.1126998998460811
12-01-2026 14:35||NIFTY27JAN2626400CE,0.11090756407407407
12-01-2026 14:35||NIFTY27JAN2626500CE,0.1111175225
12-01-2026 14:40||NIFTY27JAN2624100PE,0.17631438845072223
12-01-2026 14:40||NIFTY27JAN2624300PE,0.1639581794926796
12-01-2026 14:40||NIFTY27JAN2624500PE,0.15173586081339976
12-01-2026 14:40||NIFTY27JAN2625100PE,0.11970230419077903
12-01-2026 14:40||NIFTY27JAN2625300CE,0.1349874942017251
12-01-2026 14:40||NIFTY27JAN2625600CE,0.11948098572956262
12-01-2026 14:40||NIFTY27JAN2626400CE,0.10913664817487674
12-01-2026 14:45||NIFTY27JAN2624000PE,0.18254147252023964
12-01-2026 14:45||NIFTY27JAN2624600PE,0.14661406704030602
12-01-2026 14:45||NIFTY27JAN2625000PE,0.12474177197405854
12-01-2026 14:45||NIFTY27JAN2625300CE,0.12793825395765626
12-01-2026 14:45||NIFTY27JAN2625500CE,0.11904710636117224
12-01-2026 14:45||NIFTY27JAN2626000CE,0.10759713211663337
12-01-2026 14:45||NIFTY27JAN2626100CE,0.10700173151216101
12-01-2026 14:45||NIFTY27JAN2626200CE,0.1064833432044896
12-01-2026 14:45||NIFTY27JAN2626500CE,0.10855152795723169
12-01-2026 14:50||NIFTY27JAN2624000PE,0.1829346344184621
12-01-2026 14:50||NIFTY27JAN2624400PE,0.15815864397887
12-01-2026 14:50||NIFTY27JAN2624800PE,0.13403708061692624
12-01-2026 14:50||NIFTY27JAN2625100PE,0.11840025656318402
12-01-2026 14:50||NIFTY27JAN2625600CE,0.12181093376103394
12-01-2026 14:50||NIFTY27JAN2626000CE,0.10965988581106016
12-01-2026 14:50||NIFTY27JAN2626300CE,0.10755380787953459
12-01-2026 14:50||NIFTY27JAN2626400CE,0.10833604576784395
12-01-2026 14:55||NIFTY27JAN2624300PE,0.16447408092862034
12-01-2026 14:55||NIFTY27JAN2624500PE,0.15198635643776712
12-01-2026 14:55||NIFTY27JAN2624700PE,0.13987109291869382
12-01-2026 14:55||NIFTY27JAN2624900PE,0.1291389030628534
12-01-2026 14:55||NIFTY27JAN2625100PE,0.11917071660305574
12-01-2026 14:55||NIFTY27JAN2626200CE,0.10729619035750412
12-01-2026 15:00||NIFTY27JAN2623800PE,0.19502117663944568
12-01-2026 15:00||NIFTY27JAN2623900PE,0.18899677178988897
12-01-2026 15:00||NIFTY27JAN2624300PE,0.16440950684619307
12-01-2026 15:00||NIFTY27JAN2624700PE,0.13980733443719565
12-01-2026 15:00||NIFTY27JAN2624800PE,0.13439072380903433
12-01-2026 15:00||NIFTY27JAN2626000CE,0.10847818678906199
12-01-2026 15:00||NIFTY27JAN2626100CE,0.10709482221190143
12-01-2026 15:05||NIFTY27JAN2623800PE,0.19341163316537321
12-01-2026 15:05||NIFTY27JAN2624200PE,0.1717523876647472
12-01-2026 15:05||NIFTY27JAN2624300PE,0.16533582881331818
12-01-2026 15:05||NIFTY27JAN2624900PE,0.1299777587979399
12-01-2026 15:05||NIFTY27JAN2625900CE,0.10770662722277526
12-01-2026 15:05||NIFTY27JAN2626200CE,0.10486474067475846
12-01-2026 15:10||NIFTY27JAN2624000PE,0.18336353601800556
12-01-2026 15:10||NIFTY27JAN2624500PE,0.15272296107455827
12-01-2026 15:10||NIFTY27JAN2624600PE,0.14630827825965217
12-01-2026 15:10||NIFTY27JAN2625200CE,0.1366801442106691
12-01-2026 15:10||NIFTY27JAN2625600CE,0.11372510753463988
12-01-2026 15:10||NIFTY27JAN2625900CE,0.1066678086981907
12-01-2026 15:10||NIFTY27JAN2626200CE,0.1040478254805524
12-01-2026 15:10||NIFTY27JAN2626300CE,0.1046500227745725
12-01-2026 15:10||NIFTY27JAN2626400CE,0.10533964544764977
12-01-2026 15:15||NIFTY27JAN2623900PE,0.19074711825509355
12-01-2026 15:15||NIFTY27JAN2624000PE,0.1851695810855333
12-01-2026 15:15||NIFTY27JAN2624500PE,0.1535638959888374
12-01-2026 15:15||NIFTY27JAN2624900PE,0.12980377731744308
12-01-2026 15:15||NIFTY27JAN2625200CE,0.13994117124387676
12-01-2026 15:15||NIFTY27JAN2625400CE,0.12865673528584004
12-01-2026 15:15||NIFTY27JAN2625500CE,0.12296035962310728
12-01-2026 15:20||NIFTY27JAN2624100PE,0.18111338872492017
12-01-2026 15:20||NIFTY27JAN2624200PE,0.17446143247173826
12-01-2026 15:20||NIFTY27JAN2624400PE,0.1613739671822643
12-01-2026 15:20||NIFTY27JAN2624500PE,0.15490922830989073
12-01-2026 15:20||NIFTY27JAN2625000PE,0.12436583950787503
12-01-2026 15:20||NIFTY27JAN2625200CE,0.1390242812777181
12-01-2026 15:20||NIFTY27JAN2625300CE,0.1338383130490992
12-01-2026 15:20||NIFTY27JAN2626200CE,0.10509636561326713
12-01-2026 15:20||NIFTY27JAN2626300CE,0.10512219889160891
12-01-2026 15:25||NIFTY27JAN2624200PE,0.17400904837198095
12-01-2026 15:25||NIFTY27JAN2624600PE,0.14869143935721352
12-01-2026 15:25||NIFTY27JAN2625400CE,0.11797569792348911
12-01-2026 15:25||NIFTY27JAN2625500CE,0.11522247620926104
12-01-2026 15:25||NIFTY27JAN2625700CE,0.10850891827613027
13-01-2026 09:15||NIFTY27JAN2624000PE,0.1899705779386544
13-01-2026 09:15||NIFTY27JAN2624700PE,0.1448323952371938
13-01-2026 09:15||NIFTY27JAN2625500CE,0.1019562670412677
13-01-2026 09:15||NIFTY27JAN2625600CE,0.10068501613633946
13-01-2026 09:15||NIFTY27JAN2625800CE,0.09900468813335485
13-01-2026 09:15||NIFTY27JAN2625900CE,0.09844058368208715
13-01-2026 09:15||NIFTY27JAN2626100CE,0.09768491908020063
13-01-2026 09:20||NIFTY27JAN2623800PE,0.2009766087478759
13-01-2026 09:20||NIFTY27JAN2624500PE,0.1560761719792299
13-01-2026 09:20||NIFTY27JAN2624600PE,0.14930723926508585
13-01-2026 09:20||NIFTY27JAN2624800PE,0.13713520639252239
13-01-2026 09:25||NIFTY27JAN2623800PE,0.19876703395196144
13-01-2026 09:25||NIFTY27JAN2624200PE,0.1759605421553472
13-01-2026 09:25||NIFTY27JAN2624400PE,0.16499835151104958
13-01-2026 09:25||NIFTY27JAN2624600PE,0.15381538240134235
13-01-2026 09:25||NIFTY27JAN2624800PE,0.14280056940355745
13-01-2026 09:25||NIFTY27JAN2625300CE,0.08010232084520597
13-01-2026 09:25||NIFTY27JAN2625500CE,0.08517419174358018
13-01-2026 09:30||NIFTY27JAN2624500PE,0.1552290326321221
13-01-2026 09:30||NIFTY27JAN2625300CE,0.09747498044491892
13-01-2026 09:30||NIFTY27JAN2625500CE,0.09891787309868358
13-01-2026 09:30||NIFTY27JAN2625700CE,0.09866587701772568
13-01-2026 09:30||NIFTY27JAN2626000CE,0.09989355546217667
13-01-2026 09:30||NIFTY27JAN2626200CE,0.10115489229494362
13-01-2026 09:35||NIFTY27JAN2624000PE,0.1861447426496688
13-01-2026 09:35||NIFTY27JAN2625000PE,0.12571754408679456
13-01-2026 09:35||NIFTY27JAN2625300CE,0.11449289288917418
13-01-2026 09:35||NIFTY27JAN2625700CE,0.10774135864353497
13-01-2026 09:35||NIFTY27JAN2625800CE,0.10685557018023151
13-01-2026 09:40||NIFTY27JAN2625200CE,0.11806549753986012
13-01-2026 09:40||NIFTY27JAN2625400CE,0.11413073092140515
13-01-2026 09:40||NIFTY27JAN2625600CE,0.11028459877275153
13-01-2026 09:45||NIFTY27JAN2623800PE,0.19275756921767925
13-01-2026 09:45||NIFTY27JAN2624500PE,0.15337586801270403
13-01-2026 09:45||NIFTY27JAN2625400CE,0.10092781299523435
13-01-2026 09:45||NIFTY27JAN2625800CE,0.09978430909810326
13-01-2026 09:45||NIFTY27JAN2625900CE,0.09997421892762892
13-01-2026 09:50||NIFTY27JAN2623900PE,0.191243269319425
13-01-2026 09:50||NIFTY27JAN2624500PE,0.15321469681147984
13-01-2026 09:50||NIFTY27JAN2624600PE,0.14694677401231096
13-01-2026 09:50||NIFTY27JAN2625000PE,0.124851135876237
13-01-2026 09:50||NIFTY27JAN2625100PE,0.11945505842288766
13-01-2026 09:50||NIFTY27JAN2626300CE,0.10547366978151325
13-01-2026 09:55||NIFTY27JAN2624100PE,0.17821466263139848
13-01-2026 09:55||NIFTY27JAN2624200PE,0.17164261752327703
13-01-2026 09:55||NIFTY27JAN2624300PE,0.16496052608561834
13-01-2026 09:55||NIFTY27JAN2624700PE,0.14116134544972686
13-01-2026 09:55||NIFTY27JAN2625600CE,0.1053103066331498
13-01-2026 10:00||NIFTY27JAN2624200PE,0.1694910140762832
13-01-2026 10:00||NIFTY27JAN2626300CE,0.11168219042211296
13-01-2026 10:00||NIFTY27JAN2626500CE,0.11332065317999039
13-01-2026 10:05||NIFTY27JAN2624000PE,0.18172251090425592
13-01-2026 10:05||NIFTY27JAN2624800PE,0.13415444553659242
13-01-2026 10:05||NIFTY27JAN2626400CE,0.10982029558958577
13-01-2026 10:10||NIFTY27JAN2624100PE,0.1793444138428541
13-01-2026 10:10||NIFTY27JAN2624200PE,0.17268856931844107
13-01-2026 10:10||NIFTY27JAN2624500PE,0.1537660981327089
13-01-2026 10:10||NIFTY27JAN2624700PE,0.14213721589170367
13-01-2026 10:10||NIFTY27JAN2625100PE,0.12388696555964392
13-01-2026 10:10||NIFTY27JAN2625800CE,0.10195791300295813
13-01-2026 10:15||NIFTY27JAN2624500PE,0.15286650865052748
13-01-2026 10:15||NIFTY27JAN2624800PE,0.13626382611209328
13-01-2026 10:15||NIFTY27JAN2624900PE,0.13137113845892429
13-01-2026 10:15||NIFTY27JAN2625100PE,0.12165505643246097
13-01-2026 10:15||NIFTY27JAN2625800CE,0.10257317873158878
13-01-2026 10:20||NIFTY27JAN2623900PE,0.19090586504864318
13-01-2026 10:20||NIFTY27JAN2624100PE,0.178480515003515
13-01-2026 10:20||NIFTY27JAN2625300CE,0.11841101599750425
13-01-2026 10:20||NIFTY27JAN2625700CE,0.10614309192174108
13-01-2026 10:20||NIFTY27JAN2626500CE,0.10801372578261942
13-01-2026 10:25||NIFTY27JAN2623900PE,0.19139230067898058
13-01-2026 10:25||NIFTY27JAN2624200PE,0.17253442609488778
13-01-2026 10:25||NIFTY27JAN2624500PE,0.15198815955617812
13-01-2026 10:25||NIFTY27JAN2624700PE,0.1393536431319749
13-01-2026 10:25||NIFTY27JAN2625100PE,0.11808575620290904
13-01-2026 10:25||NIFTY27JAN2625700CE,0.11445318427580069
13-01-2026 10:30||NIFTY27JAN2623800PE,0.19901205973769184
13-01-2026 10:30||NIFTY27JAN2624400PE,0.16175390109317908
13-01-2026 10:30||NIFTY27JAN2624600PE,0.14926905345972888
13-01-2026 10:30||NIFTY27JAN2624700PE,0.14321632144024538
13-01-2026 10:30||NIFTY27JAN2624900PE,0.13176048491283707
13-01-2026 10:30||NIFTY27JAN2625300CE,0.1194224905477198
13-01-2026 10:30||NIFTY27JAN2625900CE,0.10281610623952527
13-01-2026 10:30||NIFTY27JAN2626000CE,0.10245784507029097
13-01-2026 10:30||NIFTY27JAN2626100CE,0.10191991674266475
13-01-2026 10:30||NIFTY27JAN2626400CE,0.10383836459614405
13-01-2026 10:35||NIFTY27JAN2623800PE,0.20218979081074837
13-01-2026 10:35||NIFTY27JAN2623900PE,0.19493134782956492
13-01-2026 10:35||NIFTY27JAN2624300PE,0.16764727493675008
13-01-2026 10:35||NIFTY27JAN2624600PE,0.14872021671170116
13-01-2026 10:35||NIFTY27JAN2625000PE,0.1265341611256839
13-01-2026 10:35||NIFTY27JAN2626000CE,0.10234698568711939
13-01-2026 10:35||NIFTY27JAN2626100CE,0.10226791756502317
13-01-2026 10:40||NIFTY27JAN2623900PE,0.19210909071930338
13-01-2026 10:40||NIFTY27JAN2624000PE,0.18625885157823965
13-01-2026 10:40||NIFTY27JAN2624400PE,0.1604295326084514
13-01-2026 10:40||NIFTY27JAN2624500PE,0.15424537164572782
13-01-2026 10:40||NIFTY27JAN2624800PE,0.1363009456189419
13-01-2026 10:40||NIFTY27JAN2626300CE,0.10373149066377235
13-01-2026 10:45||NIFTY27JAN2623900PE,0.19038190216087447
13-01-2026 10:45||NIFTY27JAN2624900PE,0.128715656763377
13-01-2026 10:45||NIFTY27JAN2625200CE,0.13103175785797644
13-01-2026 10:45||NIFTY27JAN2625600CE,0.10994424757459796
13-01-2026 10:50||NIFTY27JAN2624900PE,0.1311443373376451
13-01-2026 10:50||NIFTY27JAN2625000PE,0.12615909568110684
13-01-2026 10:50||NIFTY27JAN2625500CE,0.10856580787604103
13-01-2026 10:50||NIFTY27JAN2625600CE,0.10507887425011452
13-01-2026 10:50||NIFTY27JAN2625700CE,0.1019471583248976
13-01-2026 10:50||NIFTY27JAN2625900CE,0.09881313394425664
13-01-2026 10:55||NIFTY27JAN2624300PE,0.1635912639326644
13-01-2026 10:55||NIFTY27JAN2624400PE,0.1573212304552646
13-01-2026 10:55||NIFTY27JAN2625200CE,0.135334639479734
13-01-2026 10:55||NIFTY27JAN2625700CE,0.11027100703662539
13-01-2026 10:55||NIFTY27JAN2626400CE,0.10640763107317065
13-01-2026 11:00||NIFTY27JAN2623900PE,0.1899465224560506
13-01-2026 11:00||NIFTY27JAN2624200PE,0.1710585390750469
13-01-2026 11:00||NIFTY27JAN2625000PE,0.12430431030840522
13-01-2026 11:00||NIFTY27JAN2625700CE,0.10382917574258625
13-01-2026 11:00||NIFTY27JAN2625800CE,0.1026098054343844
13-01-2026 11:00||NIFTY27JAN2626400CE,0.10381803406888107
13-01-2026 11:05||NIFTY27JAN2624100PE,0.1764358668171983
13-01-2026 11:05||NIFTY27JAN2624800PE,0.13283701723339936
13-01-2026 11:05||NIFTY27JAN2625100PE,0.11796400665567248
13-01-2026 11:05||NIFTY27JAN2625800CE,0.1091938353720361
13-01-2026 11:10||NIFTY27JAN2623900PE,0.18934489876413288
13-01-2026 11:10||NIFTY27JAN2624800PE,0.13399388101811457
13-01-2026 11:10||NIFTY27JAN2624900PE,0.12847916359650852
13-01-2026 11:10||NIFTY27JAN2625000PE,0.12309073941704249
13-01-2026 11:10||NIFTY27JAN2625100PE,0.11774367700463403
13-01-2026 11:10||NIFTY27JAN2625900CE,0.10341585851487012
13-01-2026 11:10||NIFTY27JAN2626400CE,0.1038783109730234
13-01-2026 11:15||NIFTY27JAN2624500PE,0.15095952625364917
13-01-2026 11:15||NIFTY27JAN2625100PE,0.11954507113864352
13-01-2026 11:15||NIFTY27JAN2625200CE,0.115419271073959
13-01-2026 11:15||NIFTY27JAN2625300CE,0.11286284763274387
13-01-2026 11:20||NIFTY27JAN2624900PE,0.12843678417771812
13-01-2026 11:20||NIFTY27JAN2626100CE,0.10126913564142392
13-01-2026 11:25||NIFTY27JAN2624000PE,0.18252532929434923
13-01-2026 11:25||NIFTY27JAN2624500PE,0.1499208838800728
13-01-2026 11:25||NIFTY27JAN2624800PE,0.13242380090066755
13-01-2026 11:25||NIFTY27JAN2625600CE,0.11181466410653837
13-01-2026 11:25||NIFTY27JAN2626000CE,0.10300674145282038
13-01-2026 11:25||NIFTY27JAN2626200CE,0.10208103112111916
13-01-2026 11:25||NIFTY27JAN2626400CE,0.10370589092073292
13-01-2026 11:30||NIFTY27JAN2625100PE,0.1173433869976599
13-01-2026 11:30||NIFTY27JAN2625500CE,0.11498394610252377
13-01-2026 11:30||NIFTY27JAN2625800CE,0.10796195258359495
13-01-2026 11:30||NIFTY27JAN2625900CE,0.10590059419182271
13-01-2026 11:35||NIFTY27JAN2623800PE,0.1974776557528821
13-01-2026 11:35||NIFTY27JAN2623900PE,0.1908294518607516
13-01-2026 11:35||NIFTY27JAN2624100PE,0.17755543253511608
13-01-2026 11:35||NIFTY27JAN2624900PE,0.12930741698148512
13-01-2026 11:35||NIFTY27JAN2625300CE,0.11102693217896667
13-01-2026 11:35||NIFTY27JAN2626000CE,0.0995641116279071
13-01-2026 11:35||NIFTY27JAN2626300CE,0.10024055778381642
13-01-2026 11:35||NIFTY27JAN2626500CE,0.10196700547617077
13-01-2026 11:40||NIFTY27JAN2623800PE,0.19255295374659553
13-01-2026 11:40||NIFTY27JAN2624500PE,0.15148633771924944
13-01-2026 11:40||NIFTY27JAN2624900PE,0.13000282327972096
13-01-2026 11:40||NIFTY27JAN2625300CE,0.09977095411281667
13-01-2026 11:40||NIFTY27JAN2625400CE,0.09818813286697166
13-01-2026 11:45||NIFTY27JAN2623800PE,0.1917702290891918
13-01-2026 11:45||NIFTY27JAN2625000PE,0.12228758880713496
13-01-2026 11:45||NIFTY27JAN2625400CE,0.11140639967496598
13-01-2026 11:45||NIFTY27JAN2625800CE,0.10399707251919965
13-01-2026 11:45||NIFTY27JAN2626200CE,0.10178574299370434
13-01-2026 11:45||NIFTY27JAN2626300CE,0.10286693845994457
13-01-2026 11:45||NIFTY27JAN2626400CE,0.10395750159175857
13-01-2026 11:50||NIFTY27JAN2624000PE,0.1807287066445172
13-01-2026 11:50||NIFTY27JAN2624300PE,0.16246882456631198
13-01-2026 11:50||NIFTY27JAN2625100PE,0.1197504506405875
13-01-2026 11:50||NIFTY27JAN2626200CE,0.09858130389775314
13-01-2026 11:50||NIFTY27JAN2626300CE,0.09957411764250555
13-01-2026 11:55||NIFTY27JAN2624300PE,0.16068610155365534
13-01-2026 11:55||NIFTY27JAN2624800PE,0.13163718481317643
13-01-2026 11:55||NIFTY27JAN2625000PE,0.12207877150680316
13-01-2026 11:55||NIFTY27JAN2625400CE,0.11000761424849698
13-01-2026 11:55||NIFTY27JAN2625500CE,0.10740337254515477
13-01-2026 12:00||NIFTY27JAN2624500PE,0.1476436661273587
13-01-2026 12:00||NIFTY27JAN2625000PE,0.12116615476034841
13-01-2026 12:00||NIFTY27JAN2625900CE,0.10240131404607622
13-01-2026 12:05||NIFTY27JAN2623800PE,0.19151340554177568
13-01-2026 12:05||NIFTY27JAN2624500PE,0.14660280140656037
13-01-2026 12:05||NIFTY27JAN2624700PE,0.13484688458706778
13-01-2026 12:05||NIFTY27JAN2625000PE,0.11979339349826865
13-01-2026 12:05||NIFTY27JAN2625300CE,0.11223250540297544
13-01-2026 12:05||NIFTY27JAN2625800CE,0.10472005120922143
13-01-2026 12:10||NIFTY27JAN2624500PE,0.14800234285512345
13-01-2026 12:10||NIFTY27JAN2625000PE,0.12250134598583567
13-01-2026 12:10||NIFTY27JAN2625200CE,0.11479319128422637
13-01-2026 12:10||NIFTY27JAN2625500CE,0.10099020423598895
13-01-2026 12:10||NIFTY27JAN2625600CE,0.10067177577913561
13-01-2026 12:15||NIFTY27JAN2624200PE,0.16536742435135582
13-01-2026 12:15||NIFTY27JAN2624300PE,0.15904134744188092
13-01-2026 12:15||NIFTY27JAN2625300CE,0.11482748884346498
13-01-2026 12:15||NIFTY27JAN2625800CE,0.1060041360499796
13-01-2026 12:15||NIFTY27JAN2626500CE,0.10727819181905586
13-01-2026 12:20||NIFTY27JAN2624100PE,0.1714803703892617
13-01-2026 12:20||NIFTY27JAN2624700PE,0.1361483221342209
13-01-2026 12:20||NIFTY27JAN2625100PE,0.11800603331331518
13-01-2026 12:20||NIFTY27JAN2625700CE,0.10229141450255566
13-01-2026 12:25||NIFTY27JAN2623800PE,0.18694115951035398
13-01-2026 12:25||NIFTY27JAN2624200PE,0.16426582550344623
13-01-2026 12:25||NIFTY27JAN2624300PE,0.15788009821628168
13-01-2026 12:25||NIFTY27JAN2624500PE,0.1451088250911471
13-01-2026 12:25||NIFTY27JAN2625700CE,0.11012123129882104
13-01-2026 12:30||NIFTY27JAN2623900PE,0.1830492631178621
13-01-2026 12:30||NIFTY27JAN2624000PE,0.17689765360130305
13-01-2026 12:30||NIFTY27JAN2624100PE,0.17071927256910951
13-01-2026 12:30||NIFTY27JAN2624400PE,0.15320636113824992
13-01-2026 12:30||NIFTY27JAN2624700PE,0.13561350380240667
13-01-2026 12:30||NIFTY27JAN2624900PE,0.12583688015047514
13-01-2026 12:30||NIFTY27JAN2626000CE,0.10091215481387125
13-01-2026 12:30||NIFTY27JAN2626400CE,0.10508934256034588
13-01-2026 12:35||NIFTY27JAN2624200PE,0.16340380157032042
13-01-2026 12:35||NIFTY27JAN2624300PE,0.1577449556372706
13-01-2026 12:35||NIFTY27JAN2624600PE,0.14060884561544723
13-01-2026 12:35||NIFTY27JAN2624800PE,0.12936594251442315
13-01-2026 12:35||NIFTY27JAN2625100PE,0.1159220133691332
13-01-2026 12:35||NIFTY27JAN2625900CE,0.10285244302595127
13-01-2026 12:35||NIFTY27JAN2626100CE,0.10275586979365098
13-01-2026 12:35||NIFTY27JAN2626400CE,0.1061340306749206
13-01-2026 12:40||NIFTY27JAN2624100PE,0.16967531687231846
13-01-2026 12:40||NIFTY27JAN2624300PE,0.1575195800646088
13-01-2026 12:40||NIFTY27JAN2624600PE,0.14075353629394088
13-01-2026 12:40||NIFTY27JAN2624700PE,0.1351630296010078
13-01-2026 12:40||NIFTY27JAN2625100PE,0.11689961698182184
13-01-2026 12:40||NIFTY27JAN2626500CE,0.10682258772841342
13-01-2026 12:45||NIFTY27JAN2625300CE,0.09985371571995011
13-01-2026 12:45||NIFTY27JAN2626200CE,0.10169959107960053
13-01-2026 12:50||NIFTY27JAN2623900PE,0.18117015687285715
13-01-2026 12:50||NIFTY27JAN2624100PE,0.16927285992151714
13-01-2026 12:50||NIFTY27JAN2624600PE,0.14031472456313077
13-01-2026 12:50||NIFTY27JAN2625400CE,0.10649043676547894
13-01-2026 12:50||NIFTY27JAN2625500CE,0.10506438045638336
13-01-2026 12:55||NIFTY27JAN2624000PE,0.17418432131273326
13-01-2026 12:55||NIFTY27JAN2624300PE,0.15718453692015144
13-01-2026 12:55||NIFTY27JAN2624500PE,0.14550053383031486
13-01-2026 12:55||NIFTY27JAN2624700PE,0.13473819638176882
13-01-2026 12:55||NIFTY27JAN2625000PE,0.12050575473101767
13-01-2026 12:55||NIFTY27JAN2625100PE,0.11584529771957118
13-01-2026 12:55||NIFTY27JAN2625300CE,0.11240624293904765
13-01-2026 12:55||NIFTY27JAN2625500CE,0.1060037287347931
13-01-2026 12:55||NIFTY27JAN2626200CE,0.1046063990092033
13-01-2026 12:55||NIFTY27JAN2626400CE,0.10775740626373657
13-01-2026 12:55||NIFTY27JAN2626500CE,0.10934919210273215
13-01-2026 13:00||NIFTY27JAN2624000PE,0.17458702809252902
13-01-2026 13:00||NIFTY27JAN2624600PE,0.13972497076037238
13-01-2026 13:00||NIFTY27JAN2624700PE,0.13403623569630402
13-01-2026 13:00||NIFTY27JAN2626400CE,0.10955996407537223
13-01-2026 13:05||NIFTY27JAN2624000PE,0.17495646506685655
13-01-2026 13:05||NIFTY27JAN2624600PE,0.13884788541227078
13-01-2026 13:05||NIFTY27JAN2625200CE,0.1208021274814902
13-01-2026 13:05||NIFTY27JAN2625700CE,0.10772608410990281
13-01-2026 13:05||NIFTY27JAN2626500CE,0.11386192868407545
13-01-2026 13:10||NIFTY27JAN2623900PE,0.18328858994341649
13-01-2026 13:10||NIFTY27JAN2624400PE,0.15218854806657653
13-01-2026 13:10||NIFTY27JAN2624500PE,0.14620364110072734
13-01-2026 13:10||NIFTY27JAN2624700PE,0.13506771964805195
13-01-2026 13:10||NIFTY27JAN2625000PE,0.1210298651052652
13-01-2026 13:10||NIFTY27JAN2625600CE,0.10472114038033219
13-01-2026 13:10||NIFTY27JAN2626000CE,0.10226295030480266
13-01-2026 13:10||NIFTY27JAN2626400CE,0.1076480963262149
13-01-2026 13:10||NIFTY27JAN2626500CE,0.10936904040248029
13-01-2026 13:15||NIFTY27JAN2623800PE,0.18824733492519224
13-01-2026 13:15||NIFTY27JAN2624000PE,0.17617425735758868
13-01-2026 13:15||NIFTY27JAN2624100PE,0.17013619835989086
13-01-2026 13:15||NIFTY27JAN2624700PE,0.1343525739378088
13-01-2026 13:15||NIFTY27JAN2625000PE,0.12013768147915051
13-01-2026 13:15||NIFTY27JAN2625800CE,0.10657742842067011
13-01-2026 13:15||NIFTY27JAN2626100CE,0.10645650656918028
13-01-2026 13:15||NIFTY27JAN2626200CE,0.10787400542910376
13-01-2026 13:15||NIFTY27JAN2626300CE,0.10927090668150166
13-01-2026 13:20||NIFTY27JAN2624300PE,0.15772504190994469
13-01-2026 13:20||NIFTY27JAN2624400PE,0.15193882669233733
13-01-2026 13:20||NIFTY27JAN2624800PE,0.1288006701361142
13-01-2026 13:20||NIFTY27JAN2625000PE,0.11969228285379584
13-01-2026 13:20||NIFTY27JAN2625300CE,0.11724556331542783
13-01-2026 13:20||NIFTY27JAN2625400CE,0.11420629034623238
13-01-2026 13:20||NIFTY27JAN2625900CE,0.10499912157092807
13-01-2026 13:20||NIFTY27JAN2626500CE,0.1125682899887459
13-01-2026 13:25||NIFTY27JAN2624000PE,0.17722159487419203
13-01-2026 13:25||NIFTY27JAN2624200PE,0.16473657172046097
13-01-2026 13:25||NIFTY27JAN2624300PE,0.15818395074495642
13-01-2026 13:25||NIFTY27JAN2624600PE,0.14019626583955208
13-01-2026 13:25||NIFTY27JAN2625600CE,0.10494611426607578
13-01-2026 13:25||NIFTY27JAN2626400CE,0.10927854844014438
13-01-2026 13:30||NIFTY27JAN2623800PE,0.1891863435285364
13-01-2026 13:30||NIFTY27JAN2624000PE,0.17641136896691498
13-01-2026 13:30||NIFTY27JAN2624100PE,0.1700299404007076
13-01-2026 13:30||NIFTY27JAN2625500CE,0.10944970024238787
13-01-2026 13:35||NIFTY27JAN2624300PE,0.15872481873621672
13-01-2026 13:35||NIFTY27JAN2624800PE,0.12977653306560413
13-01-2026 13:35||NIFTY27JAN2625700CE,0.10247535833603519
13-01-2026 13:40||NIFTY27JAN2623800PE,0.19034141366202686
13-01-2026 13:40||NIFTY27JAN2624400PE,0.14985280901773435
13-01-2026 13:40||NIFTY27JAN2624500PE,0.14381354235198093
13-01-2026 13:40||NIFTY27JAN2625500CE,0.11132175926962627
13-01-2026 13:40||NIFTY27JAN2625700CE,0.10743776495796693
13-01-2026 13:40||NIFTY27JAN2625900CE,0.10480149078269765
13-01-2026 13:40||NIFTY27JAN2626100CE,0.10449558036517707
13-01-2026 13:45||NIFTY27JAN2624000PE,0.17639176758322248
13-01-2026 13:45||NIFTY27JAN2624100PE,0.1693878534837557
13-01-2026 13:45||NIFTY27JAN2625100PE,0.11651758267489992
13-01-2026 13:45||NIFTY27JAN2625300CE,0.1112215411930627
13-01-2026 13:45||NIFTY27JAN2625800CE,0.10195193561211292
13-01-2026 13:45||NIFTY27JAN2626000CE,0.10137582229621922
13-01-2026 13:50||NIFTY27JAN2624200PE,0.1623649327933256
13-01-2026 13:50||NIFTY27JAN2624400PE,0.15008710637209677
13-01-2026 13:50||NIFTY27JAN2624500PE,0.14397925260846672
13-01-2026 13:50||NIFTY27JAN2626000CE,0.10215785961173475
13-01-2026 13:55||NIFTY27JAN2624200PE,0.162096325926913
13-01-2026 13:55||NIFTY27JAN2624300PE,0.1556931015219445
13-01-2026 13:55||NIFTY27JAN2625000PE,0.11891015597841588
13-01-2026 13:55||NIFTY27JAN2625500CE,0.10868991243506326
13-01-2026 13:55||NIFTY27JAN2626000CE,0.10314220161850937
13-01-2026 14:00||NIFTY27JAN2623900PE,0.1807148255940535
13-01-2026 14:00||NIFTY27JAN2624000PE,0.17440007209005773
13-01-2026 14:00||NIFTY27JAN2624100PE,0.16812803620566732
13-01-2026 14:00||NIFTY27JAN2624600PE,0.1389709215392914
13-01-2026 14:00||NIFTY27JAN2625300CE,0.10485441020902042
13-01-2026 14:00||NIFTY27JAN2625700CE,0.10197954220561273
13-01-2026 14:05||NIFTY27JAN2623900PE,0.1801904378799651
13-01-2026 14:05||NIFTY27JAN2624200PE,0.16133624864369944
13-01-2026 14:05||NIFTY27JAN2624500PE,0.14338021142751872
13-01-2026 14:05||NIFTY27JAN2625700CE,0.10437925049522977
13-01-2026 14:05||NIFTY27JAN2626300CE,0.10652962025012627
13-01-2026 14:05||NIFTY27JAN2626500CE,0.11115215778867404
13-01-2026 14:10||NIFTY27JAN2624300PE,0.15465038963189634
13-01-2026 14:10||NIFTY27JAN2624700PE,0.13216074817719012
13-01-2026 14:10||NIFTY27JAN2625200CE,0.10388826277291958
13-01-2026 14:10||NIFTY27JAN2625400CE,0.10365011395772183
13-01-2026 14:10||NIFTY27JAN2626100CE,0.10152069743090954
13-01-2026 14:15||NIFTY27JAN2623800PE,0.18304664120219183
13-01-2026 14:15||NIFTY27JAN2624800PE,0.12531540286316573
13-01-2026 14:15||NIFTY27JAN2626200CE,0.10396426202034405
13-01-2026 14:20||NIFTY27JAN2624000PE,0.1716039951175999
13-01-2026 14:20||NIFTY27JAN2624400PE,0.1478927924926163
13-01-2026 14:20||NIFTY27JAN2624800PE,0.12684547824196285
13-01-2026 14:20||NIFTY27JAN2624900PE,0.12250694782106697
13-01-2026 14:20||NIFTY27JAN2625200CE,0.11089218330541326
13-01-2026 14:20||NIFTY27JAN2625800CE,0.09964417924284458
13-01-2026 14:25||NIFTY27JAN2624000PE,0.1710704239963835
13-01-2026 14:25||NIFTY27JAN2624100PE,0.1648157828654557
13-01-2026 14:25||NIFTY27JAN2624200PE,0.15855753583588447
13-01-2026 14:25||NIFTY27JAN2624500PE,0.14146256098987084
13-01-2026 14:25||NIFTY27JAN2624600PE,0.13572221348008992
13-01-2026 14:25||NIFTY27JAN2625600CE,0.10333819076035372
13-01-2026 14:25||NIFTY27JAN2626000CE,0.10178224492047566
13-01-2026 14:25||NIFTY27JAN2626200CE,0.10422559011394587
13-01-2026 14:30||NIFTY27JAN2624500PE,0.13990687719956965
13-01-2026 14:30||NIFTY27JAN2624600PE,0.13406984555543922
13-01-2026 14:30||NIFTY27JAN2624900PE,0.11925074194500063
13-01-2026 14:30||NIFTY27JAN2625100PE,0.11042363991058098
13-01-2026 14:30||NIFTY27JAN2625600CE,0.11118685500258758
13-01-2026 14:35||NIFTY27JAN2623800PE,0.18188309300345865
13-01-2026 14:35||NIFTY27JAN2624200PE,0.15833029429696122
13-01-2026 14:35||NIFTY27JAN2625100PE,0.11119368121368725
13-01-2026 14:35||NIFTY27JAN2625400CE,0.11696360526548642
13-01-2026 14:35||NIFTY27JAN2626300CE,0.10786160370575652
13-01-2026 14:35||NIFTY27JAN2626500CE,0.11226895185375503
13-01-2026 14:40||NIFTY27JAN2624500PE,0.14167588761514374
13-01-2026 14:40||NIFTY27JAN2624600PE,0.13570071798710903
13-01-2026 14:40||NIFTY27JAN2624800PE,0.12455168495256372
13-01-2026 14:40||NIFTY27JAN2625300CE,0.12131745331281078
13-01-2026 14:40||NIFTY27JAN2625600CE,0.11117495907315969
13-01-2026 14:40||NIFTY27JAN2625800CE,0.10653816726588301
13-01-2026 14:45||NIFTY27JAN2625100PE,0.113978446675584
13-01-2026 14:45||NIFTY27JAN2626000CE,0.10089460983537259
13-01-2026 14:45||NIFTY27JAN2626100CE,0.10110498870075257
13-01-2026 14:45||NIFTY27JAN2626500CE,0.108807682517282
13-01-2026 14:50||NIFTY27JAN2624400PE,0.14853637826060642
13-01-2026 14:50||NIFTY27JAN2624500PE,0.14217486302933072
13-01-2026 14:55||NIFTY27JAN2623800PE,0.18881734156372984
13-01-2026 14:55||NIFTY27JAN2623900PE,0.18219642874888228
13-01-2026 14:55||NIFTY27JAN2624100PE,0.16967124088704336
13-01-2026 14:55||NIFTY27JAN2624400PE,0.15111823868884058
13-01-2026 14:55||NIFTY27JAN2624500PE,0.14451034311611954
13-01-2026 14:55||NIFTY27JAN2624800PE,0.1279640082345032
13-01-2026 14:55||NIFTY27JAN2624900PE,0.12304764786430979
13-01-2026 14:55||NIFTY27JAN2625100PE,0.11264961183548546
13-01-2026 14:55||NIFTY27JAN2625700CE,0.10071290426663951
13-01-2026 14:55||NIFTY27JAN2625900CE,0.09828716459687939
13-01-2026 14:55||NIFTY27JAN2626400CE,0.1035285740139475
13-01-2026 15:00||NIFTY27JAN2623900PE,0.1839656229898402
13-01-2026 15:00||NIFTY27JAN2624500PE,0.14729264528077177
13-01-2026 15:00||NIFTY27JAN2624600PE,0.14130723849732746
13-01-2026 15:00||NIFTY27JAN2625100PE,0.11701816192659979
13-01-2026 15:00||NIFTY27JAN2625700CE,0.08929289874843867
13-01-2026 15:00||NIFTY27JAN2626200CE,0.09380927407436455
13-01-2026 15:05||NIFTY27JAN2624000PE,0.17479376858874882
13-01-2026 15:05||NIFTY27JAN2624500PE,0.14255261522804732
13-01-2026 15:05||NIFTY27JAN2624900PE,0.12058015119463349
13-01-2026 15:05||NIFTY27JAN2625400CE,0.11335612593593293
13-01-2026 15:05||NIFTY27JAN2625700CE,0.10570283486618665
13-01-2026 15:05||NIFTY27JAN2625800CE,0.1032724126805255
13-01-2026 15:05||NIFTY27JAN2626000CE,0.10096443777074668
13-01-2026 15:05||NIFTY27JAN2626100CE,0.10073960306076093
13-01-2026 15:05||NIFTY27JAN2626500CE,0.10668464079835685
13-01-2026 15:10||NIFTY27JAN2624000PE,0.1768212130876166
13-01-2026 15:10||NIFTY27JAN2624200PE,0.1641319223607607
13-01-2026 15:10||NIFTY27JAN2624400PE,0.15163598203672843
13-01-2026 15:10||NIFTY27JAN2624900PE,0.12404251643851083
13-01-2026 15:10||NIFTY27JAN2625300CE,0.09610017183892586
13-01-2026 15:10||NIFTY27JAN2625600CE,0.09471021004768382
13-01-2026 15:10||NIFTY27JAN2626200CE,0.09543104383321034
13-01-2026 15:15||NIFTY27JAN2623800PE,0.18504023895880564
13-01-2026 15:15||NIFTY27JAN2624200PE,0.16498461002541454
13-01-2026 15:15||NIFTY27JAN2624600PE,0.14089775822811976
13-01-2026 15:15||NIFTY27JAN2624700PE,0.13530738918261773
13-01-2026 15:15||NIFTY27JAN2625700CE,0.09290242787756783
13-01-2026 15:15||NIFTY27JAN2626000CE,0.09241508136044625
13-01-2026 15:15||NIFTY27JAN2626300CE,0.09684363588955652
13-01-2026 15:15||NIFTY27JAN2626500CE,0.1018358616983293
13-01-2026 15:20||NIFTY27JAN2623900PE,0.18245289834346895
13-01-2026 15:20||NIFTY27JAN2624300PE,0.15803373144473631
13-01-2026 15:20||NIFTY27JAN2624800PE,0.1281885497235003
13-01-2026 15:20||NIFTY27JAN2625300CE,0.10312461614630139
13-01-2026 15:20||NIFTY27JAN2625600CE,0.09822144030624419
13-01-2026 15:20||NIFTY27JAN2626200CE,0.09672384642258312
13-01-2026 15:25||NIFTY27JAN2624500PE,0.14608300907662342
13-01-2026 15:25||NIFTY27JAN2624700PE,0.1350567206286997
13-01-2026 15:25||NIFTY27JAN2624900PE,0.1246204896513671
13-01-2026 15:25||NIFTY27JAN2626000CE,0.09394880361584473
14-01-2026 09:15||NIFTY27JAN2624300PE,0.1621236292045207
14-01-2026 09:15||NIFTY27JAN2624400PE,0.1557080130714604
14-01-2026 09:15||NIFTY27JAN2625300CE,0.12916755096211835
14-01-2026 09:15||NIFTY27JAN2626100CE,0.1014240562510141
14-01-2026 09:15||NIFTY27JAN2626500CE,0.10908961047053828
14-01-2026 09:20||NIFTY27JAN2624100PE,0.17663979852106615
14-01-2026 09:25||NIFTY27JAN2624000PE,0.18288983764785832
14-01-2026 09:25||NIFTY27JAN2624200PE,0.169835512437648
14-01-2026 09:25||NIFTY27JAN2624700PE,0.13685013792465128
14-01-2026 09:25||NIFTY27JAN2625300CE,0.12608627719983287
14-01-2026 09:25||NIFTY27JAN2626500CE,0.10832711155550827
14-01-2026 09:30||NIFTY27JAN2623800PE,0.19742669841496852
14-01-2026 09:30||NIFTY27JAN2624000PE,0.18537469520744196
14-01-2026 09:30||NIFTY27JAN2624600PE,0.14630679610937208
14-01-2026 09:30||NIFTY27JAN2624700PE,0.14007906636802342
14-01-2026 09:30||NIFTY27JAN2626200CE,0.09778993786690393
14-01-2026 09:30||NIFTY27JAN2626500CE,0.1047924256703472
14-01-2026 09:35||NIFTY27JAN2624000PE,0.1841907698597222
14-01-2026 09:35||NIFTY27JAN2625500CE,0.10046377052113525
14-01-2026 09:35||NIFTY27JAN2626400CE,0.10291476666114704
14-01-2026 09:40||NIFTY27JAN2623800PE,0.19415247719485676
14-01-2026 09:40||NIFTY27JAN2624000PE,0.1823036369551676
14-01-2026 09:40||NIFTY27JAN2624200PE,0.16973605587076893
14-01-2026 09:40||NIFTY27JAN2624700PE,0.13761729108087778
14-01-2026 09:40||NIFTY27JAN2624800PE,0.13178962548000167
14-01-2026 09:40||NIFTY27JAN2625000PE,0.12064112504681032
14-01-2026 09:40||NIFTY27JAN2625500CE,0.1004320716880124
14-01-2026 09:40||NIFTY27JAN2625800CE,0.09733721767952261
14-01-2026 09:45||NIFTY27JAN2624300PE,0.16229223566852127
14-01-2026 09:45||NIFTY27JAN2624400PE,0.15573884537103008
14-01-2026 09:45||NIFTY27JAN2624500PE,0.14922785060587904
14-01-2026 09:45||NIFTY27JAN2624600PE,0.14280346570618987
14-01-2026 09:45||NIFTY27JAN2625400CE,0.10666198114544721
14-01-2026 09:50||NIFTY27JAN2623800PE,0.19390132641572705
14-01-2026 09:50||NIFTY27JAN2623900PE,0.18742845362359012
14-01-2026 09:50||NIFTY27JAN2624600PE,0.1414545196116411
14-01-2026 09:50||NIFTY27JAN2625200CE,0.13920781860496634
14-01-2026 09:50||NIFTY27JAN2625300CE,0.13298693968917388
14-01-2026 09:50||NIFTY27JAN2626400CE,0.1083053365212052
14-01-2026 09:55||NIFTY27JAN2624100PE,0.1786389029707159
14-01-2026 09:55||NIFTY27JAN2626000CE,0.09454348297580861
14-01-2026 10:00||NIFTY27JAN2624000PE,0.18223623355156346
14-01-2026 10:00||NIFTY27JAN2624400PE,0.155815515197992
14-01-2026 10:00||NIFTY27JAN2625100PE,0.11534635378190396
14-01-2026 10:00||NIFTY27JAN2625500CE,0.10331655493083858
14-01-2026 10:00||NIFTY27JAN2626100CE,0.09702178134304719
14-01-2026 10:00||NIFTY27JAN2626500CE,0.10474016438999528
14-01-2026 10:05||NIFTY27JAN2624600PE,0.1421262150677243
14-01-2026 10:05||NIFTY27JAN2624800PE,0.13004488104684672
14-01-2026 10:05||NIFTY27JAN2625000PE,0.11898947314827595
14-01-2026 10:05||NIFTY27JAN2625300CE,0.1149229063737007
14-01-2026 10:05||NIFTY27JAN2625400CE,0.10939253484154192
14-01-2026 10:05||NIFTY27JAN2626200CE,0.09972837171820867
14-01-2026 10:05||NIFTY27JAN2626300CE,0.10194912750709037
14-01-2026 10:05||NIFTY27JAN2626400CE,0.10414952601818833
14-01-2026 10:10||NIFTY27JAN2624000PE,0.18033067393970054
14-01-2026 10:10||NIFTY27JAN2624200PE,0.1673252659754454
14-01-2026 10:10||NIFTY27JAN2624500PE,0.14762896454755758
14-01-2026 10:10||NIFTY27JAN2624600PE,0.14126000110066694
14-01-2026 10:10||NIFTY27JAN2625400CE,0.10969328839688544
14-01-2026 10:10||NIFTY27JAN2625600CE,0.10386838261445742
14-01-2026 10:10||NIFTY27JAN2626400CE,0.10463624265939996
14-01-2026 10:15||NIFTY27JAN2624100PE,0.1747221115900907
14-01-2026 10:15||NIFTY27JAN2625000PE,0.11941521595381463
14-01-2026 10:15||NIFTY27JAN2625200CE,0.09811716080112125
14-01-2026 10:15||NIFTY27JAN2625600CE,0.09768671071743829
14-01-2026 10:15||NIFTY27JAN2625900CE,0.09587192347543387
14-01-2026 10:20||NIFTY27JAN2624200PE,0.16654361411622062
14-01-2026 10:20||NIFTY27JAN2624700PE,0.13406708650796453
14-01-2026 10:20||NIFTY27JAN2625000PE,0.11752597429010661
14-01-2026 10:20||NIFTY27JAN2625500CE,0.10174097521701489
14-01-2026 10:20||NIFTY27JAN2625600CE,0.1006710025282385
14-01-2026 10:20||NIFTY27JAN2625700CE,0.0992284441614226
14-01-2026 10:20||NIFTY27JAN2625800CE,0.0980390691227878
14-01-2026 10:25||NIFTY27JAN2623800PE,0.19165949000187935
14-01-2026 10:25||NIFTY27JAN2624300PE,0.1598137491794624
14-01-2026 10:25||NIFTY27JAN2625000PE,0.11746585746731052
14-01-2026 10:25||NIFTY27JAN2626100CE,0.09941872222794637
14-01-2026 10:25||NIFTY27JAN2626200CE,0.1006315717754166
14-01-2026 10:25||NIFTY27JAN2626400CE,0.10513980769392772
14-01-2026 10:30||NIFTY27JAN2623900PE,0.18487612809266515
14-01-2026 10:30||NIFTY27JAN2624000PE,0.1790470905094265
14-01-2026 10:30||NIFTY27JAN2624700PE,0.13359609599032174
14-01-2026 10:30||NIFTY27JAN2624800PE,0.12788716994618302
14-01-2026 10:30||NIFTY27JAN2625100PE,0.112500393262524
14-01-2026 10:30||NIFTY27JAN2625200CE,0.12251719197021098
14-01-2026 10:30||NIFTY27JAN2626500CE,0.1079569869854725
14-01-2026 10:35||NIFTY27JAN2623900PE,0.1868602733259602
14-01-2026 10:35||NIFTY27JAN2624400PE,0.1543950706598266
14-01-2026 10:35||NIFTY27JAN2625600CE,0.09982301071073446
14-01-2026 10:35||NIFTY27JAN2625700CE,0.09798291436845155
14-01-2026 10:35||NIFTY27JAN2626300CE,0.10077523178580748
14-01-2026 10:40||NIFTY27JAN2623800PE,0.18738409385452995
14-01-2026 10:40||NIFTY27JAN2624100PE,0.17379670224471613
14-01-2026 10:40||NIFTY27JAN2625300CE,0.10657470775589555
14-01-2026 10:40||NIFTY27JAN2625600CE,0.09961722231602921
14-01-2026 10:40||NIFTY27JAN2626300CE,0.10095876956121323
14-01-2026 10:40||NIFTY27JAN2626500CE,0.10613317099963969
14-01-2026 10:45||NIFTY27JAN2624000PE,0.17682231279217198
14-01-2026 10:45||NIFTY27JAN2624600PE,0.13818216681155887
14-01-2026 10:45||NIFTY27JAN2624800PE,0.12563661031299386
14-01-2026 10:45||NIFTY27JAN2625400CE,0.12040384602801764
14-01-2026 10:50||NIFTY27JAN2624000PE,0.17966689922775428
14-01-2026 10:50||NIFTY27JAN2624300PE,0.16060302100301996
14-01-2026 10:50||NIFTY27JAN2624800PE,0.1284015676871823
14-01-2026 10:50||NIFTY27JAN2625200CE,0.11545720186947037
14-01-2026 10:50||NIFTY27JAN2625400CE,0.11003764724783818
14-01-2026 10:50||NIFTY27JAN2625800CE,0.10050508069167466
14-01-2026 10:55||NIFTY27JAN2624600PE,0.14066598122701593
14-01-2026 10:55||NIFTY27JAN2625000PE,0.11682372579553771
14-01-2026 10:55||NIFTY27JAN2625200CE,0.1252086117948867
14-01-2026 10:55||NIFTY27JAN2626200CE,0.10050064226027974
14-01-2026 10:55||NIFTY27JAN2626300CE,0.1000434570246627
14-01-2026 10:55||NIFTY27JAN2626400CE,0.09974078483758803
14-01-2026 10:55||NIFTY27JAN2626500CE,0.09947844250085053
14-01-2026 11:00||NIFTY27JAN2624100PE,0.1751351960199145
14-01-2026 11:00||NIFTY27JAN2626100CE,0.09964698200362013
14-01-2026 11:00||NIFTY27JAN2626300CE,0.10141664628988917
14-01-2026 11:05||NIFTY27JAN2624000PE,0.1819728527947575
14-01-2026 11:05||NIFTY27JAN2624800PE,0.13086974558572687
14-01-2026 11:05||NIFTY27JAN2625300CE,0.1063096283892864
14-01-2026 11:05||NIFTY27JAN2626000CE,0.09680730014824149
14-01-2026 11:05||NIFTY27JAN2626100CE,0.09703527753224835
14-01-2026 11:05||NIFTY27JAN2626300CE,0.09938323759290286
14-01-2026 11:10||NIFTY27JAN2624000PE,0.18160690195350074
14-01-2026 11:10||NIFTY27JAN2624300PE,0.1621398876810986
14-01-2026 11:10||NIFTY27JAN2624500PE,0.1489165950603725
14-01-2026 11:10||NIFTY27JAN2625200CE,0.11711621837824247
14-01-2026 11:15||NIFTY27JAN2624100PE,0.17601513689111428
14-01-2026 11:15||NIFTY27JAN2624300PE,0.16260812745268927
14-01-2026 11:15||NIFTY27JAN2624400PE,0.1559365210251218
14-01-2026 11:15||NIFTY27JAN2624500PE,0.14937270826462987
14-01-2026 11:15||NIFTY27JAN2624600PE,0.14268038819283804
14-01-2026 11:15||NIFTY27JAN2625500CE,0.10921641287598607
14-01-2026 11:15||NIFTY27JAN2625800CE,0.10157882979046641
14-01-2026 11:15||NIFTY27JAN2626000CE,0.09832061976432345
14-01-2026 11:20||NIFTY27JAN2623800PE,0.1982844295779197
14-01-2026 11:20||NIFTY27JAN2623900PE,0.19117729001251313
14-01-2026 11:20||NIFTY27JAN2624600PE,0.143757513297403
14-01-2026 11:20||NIFTY27JAN2624800PE,0.13132891030205976
14-01-2026 11:20||NIFTY27JAN2625100PE,0.11631946316930854
14-01-2026 11:20||NIFTY27JAN2625300CE,0.11180485176573948
14-01-2026 11:20||NIFTY27JAN2625600CE,0.10238626689583652
14-01-2026 11:20||NIFTY27JAN2625800CE,0.09835272457244218
14-01-2026 11:25||NIFTY27JAN2623900PE,0.18817938921843133
14-01-2026 11:25||NIFTY27JAN2624700PE,0.1352782796280349
14-01-2026 11:25||NIFTY27JAN2624900PE,0.12354451687965179
14-01-2026 11:25||NIFTY27JAN2625400CE,0.12655953248147503
14-01-2026 11:25||NIFTY27JAN2626200CE,0.10181816131547781
14-01-2026 11:30||NIFTY27JAN2624200PE,0.17137519617181826
14-01-2026 11:30||NIFTY27JAN2624300PE,0.1650297556140337
14-01-2026 11:30||NIFTY27JAN2624400PE,0.15866107333081383
14-01-2026 11:30||NIFTY27JAN2625000PE,0.12165459878002063
14-01-2026 11:30||NIFTY27JAN2625300CE,0.10885798685200439
14-01-2026 11:30||NIFTY27JAN2625800CE,0.09778959252924252
14-01-2026 11:30||NIFTY27JAN2626000CE,0.09584920559868933
14-01-2026 11:35||NIFTY27JAN2623900PE,0.19020878436912214
14-01-2026 11:35||NIFTY27JAN2624400PE,0.15737973135311872
14-01-2026 11:35||NIFTY27JAN2624500PE,0.15062972946283856
14-01-2026 11:35||NIFTY27JAN2624700PE,0.13778929269609727
14-01-2026 11:35||NIFTY27JAN2625100PE,0.11576622413128863
14-01-2026 11:35||NIFTY27JAN2625500CE,0.10350358046208696
14-01-2026 11:35||NIFTY27JAN2625700CE,0.09996536688097823
14-01-2026 11:35||NIFTY27JAN2626100CE,0.09643817962193241
14-01-2026 11:40||NIFTY27JAN2623900PE,0.19015717347376118
14-01-2026 11:40||NIFTY27JAN2625500CE,0.10194057375869157
14-01-2026 11:40||NIFTY27JAN2625600CE,0.09977585338900029
14-01-2026 11:40||NIFTY27JAN2626500CE,0.10199688855976344
14-01-2026 11:45||NIFTY27JAN2623900PE,0.1901932985182282
14-01-2026 11:45||NIFTY27JAN2624300PE,0.16337011526593573
14-01-2026 11:45||NIFTY27JAN2624500PE,0.15000510506554224
14-01-2026 11:45||NIFTY27JAN2626400CE,0.10267762935256058
14-01-2026 11:50||NIFTY27JAN2625100PE,0.11571673157189438
14-01-2026 11:50||NIFTY27JAN2625700CE,0.1007936673171552
14-01-2026 11:50||NIFTY27JAN2625800CE,0.0988804538610587
14-01-2026 11:50||NIFTY27JAN2626100CE,0.09618722328336561
14-01-2026 11:55||NIFTY27JAN2624200PE,0.171477458695142
14-01-2026 11:55||NIFTY27JAN2624400PE,0.1579302499961645
14-01-2026 11:55||NIFTY27JAN2624800PE,0.1318225766060647
14-01-2026 11:55||NIFTY27JAN2625200CE,0.11446960109673021
14-01-2026 11:55||NIFTY27JAN2625600CE,0.10158162207216039
14-01-2026 12:00||NIFTY27JAN2623800PE,0.20101004838631037
14-01-2026 12:00||NIFTY27JAN2624400PE,0.15908920121058717
14-01-2026 12:00||NIFTY27JAN2624900PE,0.12738374421779966
14-01-2026 12:00||NIFTY27JAN2625000PE,0.12175910589066707
14-01-2026 12:00||NIFTY27JAN2625100PE,0.11610737068832659
14-01-2026 12:05||NIFTY27JAN2624400PE,0.1590589201316013
14-01-2026 12:05||NIFTY27JAN2624600PE,0.1455925680528969
14-01-2026 12:05||NIFTY27JAN2626500CE,0.09770699964467806
14-01-2026 12:10||NIFTY27JAN2624400PE,0.15700613158985474
14-01-2026 12:10||NIFTY27JAN2624600PE,0.14364403858310718
14-01-2026 12:10||NIFTY27JAN2624800PE,0.13174512038108854
14-01-2026 12:10||NIFTY27JAN2624900PE,0.12612748217459416
14-01-2026 12:10||NIFTY27JAN2625100PE,0.11521822938621355
14-01-2026 12:10||NIFTY27JAN2625900CE,0.0926520797335615
14-01-2026 12:10||NIFTY27JAN2626300CE,0.09517468642504576
14-01-2026 12:15||NIFTY27JAN2624200PE,0.16858883880409684
14-01-2026 12:15||NIFTY27JAN2624800PE,0.1284302302555966
14-01-2026 12:15||NIFTY27JAN2626500CE,0.10346077130685098
14-01-2026 12:20||NIFTY27JAN2623800PE,0.1983791563423809
14-01-2026 12:20||NIFTY27JAN2623900PE,0.1915428780352293
14-01-2026 12:20||NIFTY27JAN2625300CE,0.10198456673391432
14-01-2026 12:20||NIFTY27JAN2626400CE,0.09791259533853652
14-01-2026 12:25||NIFTY27JAN2624500PE,0.15090505455450365
14-01-2026 12:25||NIFTY27JAN2625400CE,0.09552102253970383
14-01-2026 12:25||NIFTY27JAN2625500CE,0.09554359774070936
14-01-2026 12:25||NIFTY27JAN2625900CE,0.0921712666775035
14-01-2026 12:30||NIFTY27JAN2623900PE,0.19047902367483097
14-01-2026 12:30||NIFTY27JAN2624300PE,0.1639097053458352
14-01-2026 12:30||NIFTY27JAN2624900PE,0.12566953109501194
14-01-2026 12:30||NIFTY27JAN2625800CE,0.09644671368921551
14-01-2026 12:30||NIFTY27JAN2626300CE,0.09659285320065462
14-01-2026 12:30||NIFTY27JAN2626400CE,0.09909327426639727
14-01-2026 12:35||NIFTY27JAN2623900PE,0.1910348138006836
14-01-2026 12:35||NIFTY27JAN2625300CE,0.10547618147303227
14-01-2026 12:35||NIFTY27JAN2625500CE,0.0998474898814427
14-01-2026 12:35||NIFTY27JAN2625900CE,0.09422196438372857
14-01-2026 12:45||NIFTY27JAN2625600CE,0.09553766616366101
14-01-2026 12:45||NIFTY27JAN2625700CE,0.0941416026321611
14-01-2026 12:50||NIFTY27JAN2624900PE,0.12460973387656475
14-01-2026 12:50||NIFTY27JAN2626300CE,0.09564835291619608
14-01-2026 12:50||NIFTY27JAN2626500CE,0.09997453748528919
14-01-2026 12:55||NIFTY27JAN2623900PE,0.1883723212130228
14-01-2026 12:55||NIFTY27JAN2624300PE,0.16207398989002658
14-01-2026 12:55||NIFTY27JAN2625000PE,0.11836630672315898
14-01-2026 13:00||NIFTY27JAN2624700PE,0.1363797505033232
14-01-2026 13:00||NIFTY27JAN2625400CE,0.09885772586531515
14-01-2026 13:00||NIFTY27JAN2625700CE,0.09509248888395887
14-01-2026 13:00||NIFTY27JAN2625800CE,0.09348740833573803
14-01-2026 13:00||NIFTY27JAN2626200CE,0.0938359659868273
14-01-2026 13:00||NIFTY27JAN2626300CE,0.09562157005763607
14-01-2026 13:00||NIFTY27JAN2626500CE,0.09944249600734249
14-01-2026 13:05||NIFTY27JAN2624000PE,0.18251223808768915
14-01-2026 13:05||NIFTY27JAN2624400PE,0.15597026335383207
14-01-2026 13:05||NIFTY27JAN2624800PE,0.12973739677148885
14-01-2026 13:05||NIFTY27JAN2624900PE,0.12415529357701036
14-01-2026 13:05||NIFTY27JAN2625800CE,0.09590562779395471
14-01-2026 13:05||NIFTY27JAN2626200CE,0.09478551529538083
14-01-2026 13:05||NIFTY27JAN2626300CE,0.09634820998785822
14-01-2026 13:10||NIFTY27JAN2624000PE,0.1829156559786425
14-01-2026 13:10||NIFTY27JAN2624600PE,0.1433687508440409
14-01-2026 13:10||NIFTY27JAN2624700PE,0.13693699225046302
14-01-2026 13:10||NIFTY27JAN2624900PE,0.12487060096239115
14-01-2026 13:10||NIFTY27JAN2625300CE,0.099890805460545
14-01-2026 13:10||NIFTY27JAN2625800CE,0.09027002129414732
14-01-2026 13:10||NIFTY27JAN2625900CE,0.09001047143953186
14-01-2026 13:10||NIFTY27JAN2626400CE,0.09634421482448384
14-01-2026 13:15||NIFTY27JAN2624000PE,0.18208928361656723
14-01-2026 13:15||NIFTY27JAN2624600PE,0.14186295387444858
14-01-2026 13:15||NIFTY27JAN2624800PE,0.12953367902715052
14-01-2026 13:15||NIFTY27JAN2625200CE,0.1121723649464185
14-01-2026 13:15||NIFTY27JAN2625600CE,0.0931429378125318
14-01-2026 13:15||NIFTY27JAN2626100CE,0.09158187013764854
14-01-2026 13:15||NIFTY27JAN2626200CE,0.09265624580183303
14-01-2026 13:20||NIFTY27JAN2624400PE,0.154768294871117
14-01-2026 13:20||NIFTY27JAN2624700PE,0.13560226813163348
14-01-2026 13:20||NIFTY27JAN2624900PE,0.12443761930699954
14-01-2026 13:20||NIFTY27JAN2625200CE,0.09020738183365667
14-01-2026 13:20||NIFTY27JAN2625900CE,0.08896271495363803
14-01-2026 13:25||NIFTY27JAN2624100PE,0.17273678681728769
14-01-2026 13:25||NIFTY27JAN2624700PE,0.1339809818062167
14-01-2026 13:25||NIFTY27JAN2624900PE,0.1225197244648299
14-01-2026 13:25||NIFTY27JAN2625200CE,0.10378603367326089
14-01-2026 13:25||NIFTY27JAN2625600CE,0.0952442472975471
14-01-2026 13:25||NIFTY27JAN2626400CE,0.09828687144200837
14-01-2026 13:25||NIFTY27JAN2626500CE,0.10062576447974275
14-01-2026 13:30||NIFTY27JAN2624200PE,0.16637753246756942
14-01-2026 13:30||NIFTY27JAN2624300PE,0.15972617089304966
14-01-2026 13:30||NIFTY27JAN2625200CE,0.0961214835005159
14-01-2026 13:30||NIFTY27JAN2625700CE,0.09033502435515163
14-01-2026 13:30||NIFTY27JAN2626500CE,0.10086327198703332
14-01-2026 13:35||NIFTY27JAN2624000PE,0.17791782426090905
14-01-2026 13:35||NIFTY27JAN2624100PE,0.17145256141263066
14-01-2026 13:35||NIFTY27JAN2625100PE,0.11551450649142965
14-01-2026 13:35||NIFTY27JAN2625500CE,0.08246385146726974
14-01-2026 13:35||NIFTY27JAN2625700CE,0.08482158878537824
14-01-2026 13:40||NIFTY27JAN2626500CE,0.1051179505889571
14-01-2026 13:45||NIFTY27JAN2624100PE,0.16824300472447548
14-01-2026 13:45||NIFTY27JAN2624200PE,0.16173215857116063
14-01-2026 13:45||NIFTY27JAN2624400PE,0.1488277422805591
14-01-2026 13:45||NIFTY27JAN2624600PE,0.13643385869224253
14-01-2026 13:45||NIFTY27JAN2624700PE,0.13049801873103775
14-01-2026 13:45||NIFTY27JAN2624800PE,0.12459504384211517
14-01-2026 13:45||NIFTY27JAN2625400CE,0.10215343870886849
14-01-2026 13:45||NIFTY27JAN2626200CE,0.09886934408367976
14-01-2026 13:45||NIFTY27JAN2626300CE,0.10192931135844731
14-01-2026 13:45||NIFTY27JAN2626400CE,0.10476626357890148
14-01-2026 13:50||NIFTY27JAN2625400CE,0.08672163260061602
14-01-2026 13:50||NIFTY27JAN2625600CE,0.08855083898614277
14-01-2026 13:50||NIFTY27JAN2626300CE,0.09861367763218405
14-01-2026 13:55||NIFTY27JAN2623800PE,0.18613911921336926
14-01-2026 13:55||NIFTY27JAN2624600PE,0.13608800101918714
14-01-2026 13:55||NIFTY27JAN2624900PE,0.11971597680641588
14-01-2026 13:55||NIFTY27JAN2625200CE,0.10193285471601778
14-01-2026 13:55||NIFTY27JAN2626200CE,0.098391507793592
14-01-2026 14:00||NIFTY27JAN2623800PE,0.1893594229740912
14-01-2026 14:00||NIFTY27JAN2623900PE,0.18269025894879096
14-01-2026 14:00||NIFTY27JAN2624400PE,0.14940140843190117
14-01-2026 14:00||NIFTY27JAN2624500PE,0.1432085575923343
14-01-2026 14:05||NIFTY27JAN2624000PE,0.1751615265249608
14-01-2026 14:05||NIFTY27JAN2624300PE,0.15517823967662342
14-01-2026 14:05||NIFTY27JAN2624700PE,0.13009438601897194
14-01-2026 14:05||NIFTY27JAN2624800PE,0.1246302370347621
14-01-2026 14:05||NIFTY27JAN2625200CE,0.10819550440003962
14-01-2026 14:05||NIFTY27JAN2625700CE,0.09729162285174878
14-01-2026 14:05||NIFTY27JAN2625900CE,0.0964578750532877
14-01-2026 14:10||NIFTY27JAN2624200PE,0.16219031969389505
14-01-2026 14:10||NIFTY27JAN2624800PE,0.12353825533547683
14-01-2026 14:10||NIFTY27JAN2625700CE,0.09877419338852293
14-01-2026 14:15||NIFTY27JAN2624600PE,0.13781622913401373
14-01-2026 14:15||NIFTY27JAN2625300CE,0.0932115802757496
14-01-2026 14:15||NIFTY27JAN2625900CE,0.0917388807334062
14-01-2026 14:15||NIFTY27JAN2626000CE,0.09267600561282731
14-01-2026 14:15||NIFTY27JAN2626500CE,0.1061981222847951
14-01-2026 14:20||NIFTY27JAN2624400PE,0.14954739801870015
14-01-2026 14:20||NIFTY27JAN2624900PE,0.12077219434419158
14-01-2026 14:20||NIFTY27JAN2625100PE,0.11142590571950041
14-01-2026 14:25||NIFTY27JAN2623800PE,0.1862602977649649
14-01-2026 14:25||NIFTY27JAN2625600CE,0.10140814076896346
14-01-2026 14:25||NIFTY27JAN2626100CE,0.10029089243319546
14-01-2026 14:30||NIFTY27JAN2623900PE,0.18123347454345567
14-01-2026 14:30||NIFTY27JAN2624300PE,0.15433050112115873
14-01-2026 14:30||NIFTY27JAN2624500PE,0.14144359724013952
14-01-2026 14:30||NIFTY27JAN2625000PE,0.11233656767997896
14-01-2026 14:30||NIFTY27JAN2625100PE,0.10662891882384604
14-01-2026 14:30||NIFTY27JAN2625400CE,0.10760762433954095
14-01-2026 14:30||NIFTY27JAN2626000CE,0.09915297135582732
14-01-2026 14:30||NIFTY27JAN2626100CE,0.10021682585948138
14-01-2026 14:30||NIFTY27JAN2626400CE,0.10737225264118244
14-01-2026 14:30||NIFTY27JAN2626500CE,0.11040521923882568
14-01-2026 14:35||NIFTY27JAN2624000PE,0.1748772113589003
14-01-2026 14:35||NIFTY27JAN2624300PE,0.15500059872901786
14-01-2026 14:35||NIFTY27JAN2625500CE,0.1076659378480493
14-01-2026 14:35||NIFTY27JAN2625900CE,0.09955971374438728
14-01-2026 14:35||NIFTY27JAN2626400CE,0.10796111981938059
14-01-2026 14:40||NIFTY27JAN2624300PE,0.15706464019056576
14-01-2026 14:40||NIFTY27JAN2624400PE,0.15025611003499542
14-01-2026 14:40||NIFTY27JAN2624500PE,0.14354905273461838
14-01-2026 14:40||NIFTY27JAN2624700PE,0.13103868562972404
14-01-2026 14:40||NIFTY27JAN2624800PE,0.12520698236148958
14-01-2026 14:40||NIFTY27JAN2625000PE,0.114376963295789
14-01-2026 14:40||NIFTY27JAN2625400CE,0.10590813245627581
14-01-2026 14:40||NIFTY27JAN2625800CE,0.09775765073138125
14-01-2026 14:45||NIFTY27JAN2624500PE,0.1462365041255518
14-01-2026 14:45||NIFTY27JAN2624800PE,0.1273918667570755
14-01-2026 14:45||NIFTY27JAN2625100PE,0.11167514861343472
14-01-2026 14:45||NIFTY27JAN2625400CE,0.09851573570676884
14-01-2026 14:45||NIFTY27JAN2625500CE,0.09770173897610168
14-01-2026 14:45||NIFTY27JAN2625800CE,0.09467168771352934
14-01-2026 14:45||NIFTY27JAN2626100CE,0.0966280602949467
14-01-2026 14:45||NIFTY27JAN2626200CE,0.0987645015070792
14-01-2026 14:45||NIFTY27JAN2626300CE,0.10088213596950978
14-01-2026 14:50||NIFTY27JAN2624400PE,0.1529302517812091
14-01-2026 14:50||NIFTY27JAN2624600PE,0.13966490618680527
14-01-2026 14:50||NIFTY27JAN2624900PE,0.12228876901091804
14-01-2026 14:50||NIFTY27JAN2625200CE,0.10862649666509584
14-01-2026 14:50||NIFTY27JAN2625700CE,0.09516942415653414
14-01-2026 14:50||NIFTY27JAN2625800CE,0.09431477937156699
14-01-2026 14:50||NIFTY27JAN2626300CE,0.09953695564917207
14-01-2026 14:55||NIFTY27JAN2624100PE,0.17180944882385457
14-01-2026 14:55||NIFTY27JAN2624200PE,0.1652705594117585
14-01-2026 14:55||NIFTY27JAN2624600PE,0.13937689353916133
14-01-2026 14:55||NIFTY27JAN2624800PE,0.1271766773907044
14-01-2026 14:55||NIFTY27JAN2625100PE,0.11204587779275549
14-01-2026 14:55||NIFTY27JAN2625300CE,0.09744593548703138
14-01-2026 14:55||NIFTY27JAN2625400CE,0.09499976039359471
14-01-2026 14:55||NIFTY27JAN2625600CE,0.09189191114400519
14-01-2026 14:55||NIFTY27JAN2626400CE,0.10127717754380935
14-01-2026 15:00||NIFTY27JAN2624300PE,0.15674354420282052
14-01-2026 15:00||NIFTY27JAN2624700PE,0.1313356922768014
14-01-2026 15:00||NIFTY27JAN2625800CE,0.0957859586354547
14-01-2026 15:05||NIFTY27JAN2623900PE,0.18480558364796829
14-01-2026 15:05||NIFTY27JAN2624400PE,0.15257938828506623
14-01-2026 15:05||NIFTY27JAN2624800PE,0.12812689765339813
14-01-2026 15:05||NIFTY27JAN2626300CE,0.09957713357925348
14-01-2026 15:10||NIFTY27JAN2624100PE,0.16995493616511453
14-01-2026 15:10||NIFTY27JAN2624500PE,0.14411297190607214
14-01-2026 15:10||NIFTY27JAN2624900PE,0.12220059535624508
14-01-2026 15:10||NIFTY27JAN2625500CE,0.09612277416464296
14-01-2026 15:10||NIFTY27JAN2626200CE,0.09851265950231411
14-01-2026 15:15||NIFTY27JAN2624400PE,0.14944372281329152
14-01-2026 15:15||NIFTY27JAN2624700PE,0.13047355616439305
14-01-2026 15:15||NIFTY27JAN2625100PE,0.11056809649279294
14-01-2026 15:15||NIFTY27JAN2625500CE,0.10317912775438022
14-01-2026 15:15||NIFTY27JAN2625900CE,0.09791698080286299
14-01-2026 15:15||NIFTY27JAN2626100CE,0.09896617259116904
14-01-2026 15:20||NIFTY27JAN2624500PE,0.14294362813718858
14-01-2026 15:20||NIFTY27JAN2624800PE,0.1255455999241024
14-01-2026 15:20||NIFTY27JAN2626100CE,0.09995282779455311
14-01-2026 15:20||NIFTY27JAN2626300CE,0.10439714555122914
14-01-2026 15:20||NIFTY27JAN2626400CE,0.10747152961114614
14-01-2026 15:25||NIFTY27JAN2623900PE,0.18488875371377472
14-01-2026 15:25||NIFTY27JAN2624600PE,0.13931077722061816
14-01-2026 15:25||NIFTY27JAN2625100PE,0.11404846966413085
14-01-2026 15:25||NIFTY27JAN2625200CE,0.10645083222136954
14-01-2026 15:25||NIFTY27JAN2626400CE,0.10411633808822696
14-01-2026 15:25||NIFTY27JAN2626500CE,0.10623097588924044
16-01-2026 09:15||NIFTY27JAN2624100PE,0.1785201753977006
16-01-2026 09:15||NIFTY27JAN2624200PE,0.17161112827938735
16-01-2026 09:15||NIFTY27JAN2624300PE,0.16443479289061702
16-01-2026 09:15||NIFTY27JAN2624800PE,0.1308410280401434
16-01-2026 09:15||NIFTY27JAN2625000PE,0.11911007694983675
16-01-2026 09:15||NIFTY27JAN2626000CE,0.1059755296994202
16-01-2026 09:15||NIFTY27JAN2626100CE,0.10525672645671136
16-01-2026 09:20||NIFTY27JAN2624100PE,0.17822800348997409
16-01-2026 09:20||NIFTY27JAN2624400PE,0.1579991365388498
16-01-2026 09:20||NIFTY27JAN2624600PE,0.14451672950725689
16-01-2026 09:20||NIFTY27JAN2625000PE,0.12064158809838715
16-01-2026 09:20||NIFTY27JAN2625200CE,0.12296498109794617
16-01-2026 09:20||NIFTY27JAN2625400CE,0.11284993776779655
16-01-2026 09:20||NIFTY27JAN2625700CE,0.10278604191849719
16-01-2026 09:20||NIFTY27JAN2626000CE,0.09775300513617878
16-01-2026 09:25||NIFTY27JAN2624600PE,0.14127254406594114
16-01-2026 09:25||NIFTY27JAN2624700PE,0.13494665632483793
16-01-2026 09:25||NIFTY27JAN2625300CE,0.1292116356320361
16-01-2026 09:25||NIFTY27JAN2625600CE,0.11046566811070675
16-01-2026 09:25||NIFTY27JAN2626300CE,0.10120075686763426
16-01-2026 09:25||NIFTY27JAN2626500CE,0.10493713744395343
16-01-2026 09:30||NIFTY27JAN2623800PE,0.19539551484699835
16-01-2026 09:30||NIFTY27JAN2624300PE,0.1596998144613698
16-01-2026 09:30||NIFTY27JAN2624400PE,0.15300974100527825
16-01-2026 09:30||NIFTY27JAN2624900PE,0.1223169583056678
16-01-2026 09:30||NIFTY27JAN2625100PE,0.11147066214621057
16-01-2026 09:30||NIFTY27JAN2625500CE,0.10601044140495677
16-01-2026 09:30||NIFTY27JAN2625700CE,0.10139806100418237
16-01-2026 09:30||NIFTY27JAN2625900CE,0.09726278136524842
16-01-2026 09:30||NIFTY27JAN2626000CE,0.09596714372387932
16-01-2026 09:35||NIFTY27JAN2624100PE,0.17426046477684798
16-01-2026 09:35||NIFTY27JAN2624200PE,0.16713579786161428
16-01-2026 09:35||NIFTY27JAN2624800PE,0.12737092326822605
16-01-2026 09:35||NIFTY27JAN2625100PE,0.11223975044827941
16-01-2026 09:35||NIFTY27JAN2626300CE,0.09929468448814555
16-01-2026 09:35||NIFTY27JAN2626400CE,0.10205266221360758
16-01-2026 09:40||NIFTY27JAN2624200PE,0.16647410514828997
16-01-2026 09:40||NIFTY27JAN2624300PE,0.1597927354915328
16-01-2026 09:40||NIFTY27JAN2625900CE,0.10389548592695373
16-01-2026 09:40||NIFTY27JAN2626500CE,0.10463807518123616
16-01-2026 09:45||NIFTY27JAN2623900PE,0.1897905000001785
16-01-2026 09:45||NIFTY27JAN2624500PE,0.14673730556866718
16-01-2026 09:45||NIFTY27JAN2624800PE,0.12540887558759187
16-01-2026 09:45||NIFTY27JAN2624900PE,0.11942871243013382
16-01-2026 09:45||NIFTY27JAN2625400CE,0.12606658081740246
16-01-2026 09:45||NIFTY27JAN2626000CE,0.10189696900541804
16-01-2026 09:45||NIFTY27JAN2626100CE,0.10049293857659199
16-01-2026 09:50||NIFTY27JAN2623900PE,0.1925921819319911
16-01-2026 09:50||NIFTY27JAN2624200PE,0.1717214790106754
16-01-2026 09:50||NIFTY27JAN2624900PE,0.1215945194473215
16-01-2026 09:50||NIFTY27JAN2625500CE,0.11496466690910428
16-01-2026 09:50||NIFTY27JAN2625600CE,0.11039703819912529
16-01-2026 09:50||NIFTY27JAN2625700CE,0.10702961647972557
16-01-2026 09:50||NIFTY27JAN2625800CE,0.10269447167263877
16-01-2026 09:50||NIFTY27JAN2626000CE,0.09760758980540019
16-01-2026 09:50||NIFTY27JAN2626200CE,0.09638669628354911
16-01-2026 09:55||NIFTY27JAN2623800PE,0.20052428185226337
16-01-2026 09:55||NIFTY27JAN2624000PE,0.18646413612849708
16-01-2026 09:55||NIFTY27JAN2624200PE,0.17236196926614658
16-01-2026 09:55||NIFTY27JAN2624500PE,0.1504408851614192
16-01-2026 09:55||NIFTY27JAN2624900PE,0.12240541775903421
16-01-2026 09:55||NIFTY27JAN2625000PE,0.11649233863891971
16-01-2026 09:55||NIFTY27JAN2625300CE,0.12054707351418706
16-01-2026 09:55||NIFTY27JAN2625400CE,0.11361108586086456
16-01-2026 09:55||NIFTY27JAN2625500CE,0.11073396137912887
16-01-2026 09:55||NIFTY27JAN2625700CE,0.10248512236597904
16-01-2026 09:55||NIFTY27JAN2625900CE,0.09644557170186982
16-01-2026 09:55||NIFTY27JAN2626000CE,0.09550813729465875
16-01-2026 09:55||NIFTY27JAN2626400CE,0.0970185602693282
16-01-2026 09:55||NIFTY27JAN2626500CE,0.09874818196706318
16-01-2026 10:00||NIFTY27JAN2624000PE,0.18601322857371066
16-01-2026 10:00||NIFTY27JAN2625400CE,0.13162382064071865
16-01-2026 10:00||NIFTY27JAN2625900CE,0.10452638205243703
16-01-2026 10:00||NIFTY27JAN2626000CE,0.10192145290217502
16-01-2026 10:00||NIFTY27JAN2626400CE,0.10174241363898262
16-01-2026 10:00||NIFTY27JAN2626500CE,0.10295777408014527
16-01-2026 10:05||NIFTY27JAN2624000PE,0.1866180646849511
16-01-2026 10:05||NIFTY27JAN2624100PE,0.17994801298836086
16-01-2026 10:05||NIFTY27JAN2624400PE,0.1583318728461629
16-01-2026 10:05||NIFTY27JAN2625100PE,0.11013126947621561
16-01-2026 10:05||NIFTY27JAN2625700CE,0.10970394517266402
16-01-2026 10:05||NIFTY27JAN2626400CE,0.10135815882466591
16-01-2026 10:05||NIFTY27JAN2626500CE,0.10258199957162668
16-01-2026 10:10||NIFTY27JAN2623900PE,0.19593818868416688
16-01-2026 10:10||NIFTY27JAN2624800PE,0.130067006568408
16-01-2026 10:10||NIFTY27JAN2625300CE,0.1406822387699037
16-01-2026 10:10||NIFTY27JAN2625600CE,0.11858014453092444
16-01-2026 10:10||NIFTY27JAN2626100CE,0.10128683155096332
16-01-2026 10:10||NIFTY27JAN2626400CE,0.10398871006141693
16-01-2026 10:15||NIFTY27JAN2623800PE,0.20637725906494492
16-01-2026 10:15||NIFTY27JAN2624400PE,0.16463088522489785
16-01-2026 10:15||NIFTY27JAN2624500PE,0.15667360828996693
16-01-2026 10:15||NIFTY27JAN2625300CE,0.1580600750558608
16-01-2026 10:20||NIFTY27JAN2623800PE,0.21056771231253651
16-01-2026 10:20||NIFTY27JAN2624300PE,0.17614496847941785
16-01-2026 10:20||NIFTY27JAN2624500PE,0.1613826438519027
16-01-2026 10:20||NIFTY27JAN2624800PE,0.1385456325250082
16-01-2026 10:20||NIFTY27JAN2625700CE,0.11932741213263118
16-01-2026 10:20||NIFTY27JAN2625900CE,0.11112691165420681
16-01-2026 10:20||NIFTY27JAN2626400CE,0.10522301042736738
16-01-2026 10:25||NIFTY27JAN2624000PE,0.1980040417619096
16-01-2026 10:25||NIFTY27JAN2624200PE,0.1841447088986807
16-01-2026 10:25||NIFTY27JAN2624300PE,0.17711945326708886
16-01-2026 10:25||NIFTY27JAN2624600PE,0.15415849344867819
16-01-2026 10:25||NIFTY27JAN2625400CE,0.1389471694431683
16-01-2026 10:25||NIFTY27JAN2626000CE,0.1055941963607466
16-01-2026 10:30||NIFTY27JAN2624200PE,0.18422506557234386
16-01-2026 10:30||NIFTY27JAN2624400PE,0.1695041757738518
16-01-2026 10:30||NIFTY27JAN2624800PE,0.14050544827066877
16-01-2026 10:30||NIFTY27JAN2625500CE,0.12504775027851545
16-01-2026 10:35||NIFTY27JAN2624000PE,0.1987201367295789
16-01-2026 10:35||NIFTY27JAN2624200PE,0.1850029026080031
16-01-2026 10:35||NIFTY27JAN2624900PE,0.13486174694035105
16-01-2026 10:35||NIFTY27JAN2625100PE,0.12131460855137
16-01-2026 10:35||NIFTY27JAN2625200CE,0.14848256359238932
16-01-2026 10:35||NIFTY27JAN2625600CE,0.11912296322888671
16-01-2026 10:35||NIFTY27JAN2626300CE,0.1002095369324278
16-01-2026 10:35||NIFTY27JAN2626400CE,0.10139485154254077
16-01-2026 10:40||NIFTY27JAN2623800PE,0.21248494565437007
16-01-2026 10:40||NIFTY27JAN2624200PE,0.18582172248905768
16-01-2026 10:40||NIFTY27JAN2624700PE,0.14939288645226192
16-01-2026 10:40||NIFTY27JAN2624900PE,0.1357326118799816
16-01-2026 10:40||NIFTY27JAN2626200CE,0.09455822315683564
16-01-2026 10:45||NIFTY27JAN2623800PE,0.21221520611752603
16-01-2026 10:45||NIFTY27JAN2624000PE,0.19825149300160716
16-01-2026 10:45||NIFTY27JAN2624400PE,0.17005027284840832
16-01-2026 10:45||NIFTY27JAN2624600PE,0.15498665640891843
16-01-2026 10:45||NIFTY27JAN2624900PE,0.13438296654399412
16-01-2026 10:45||NIFTY27JAN2625200CE,0.13496016317450849
16-01-2026 10:50||NIFTY27JAN2624200PE,0.18316356256496985
16-01-2026 10:50||NIFTY27JAN2624300PE,0.17580158771771573
16-01-2026 10:50||NIFTY27JAN2624400PE,0.16849285265689554
16-01-2026 10:50||NIFTY27JAN2624600PE,0.1539198768814201
16-01-2026 10:50||NIFTY27JAN2625400CE,0.1303132249780953
16-01-2026 10:50||NIFTY27JAN2626300CE,0.09855411409774553
16-01-2026 10:50||NIFTY27JAN2626400CE,0.1000392365115374
16-01-2026 10:55||NIFTY27JAN2623800PE,0.2118245386381072
16-01-2026 10:55||NIFTY27JAN2623900PE,0.20444984506010558
16-01-2026 10:55||NIFTY27JAN2624900PE,0.133280160358368
16-01-2026 10:55||NIFTY27JAN2625400CE,0.12422398176324699
16-01-2026 10:55||NIFTY27JAN2625800CE,0.10406762621339666
16-01-2026 10:55||NIFTY27JAN2625900CE,0.10116398689032183
16-01-2026 10:55||NIFTY27JAN2626100CE,0.09703364085079803
16-01-2026 10:55||NIFTY27JAN2626500CE,0.09906545257467173
16-01-2026 11:00||NIFTY27JAN2624400PE,0.16793957602132992
16-01-2026 11:00||NIFTY27JAN2624900PE,0.13239869563075807
16-01-2026 11:00||NIFTY27JAN2625000PE,0.1256519847536817
16-01-2026 11:00||NIFTY27JAN2625300CE,0.13788147506073992
16-01-2026 11:00||NIFTY27JAN2626000CE,0.09987456500722408
16-01-2026 11:00||NIFTY27JAN2626100CE,0.09799839481532857
16-01-2026 11:05||NIFTY27JAN2624300PE,0.17454871781580156
16-01-2026 11:05||NIFTY27JAN2624400PE,0.1672768022599881
16-01-2026 11:05||NIFTY27JAN2625100PE,0.1187927490671966
16-01-2026 11:05||NIFTY27JAN2626100CE,0.10026014088598106
16-01-2026 11:10||NIFTY27JAN2624000PE,0.1943480701324269
16-01-2026 11:10||NIFTY27JAN2625800CE,0.10243441022122804
16-01-2026 11:10||NIFTY27JAN2626000CE,0.09765241214180755
16-01-2026 11:15||NIFTY27JAN2623900PE,0.20062700086476312
16-01-2026 11:15||NIFTY27JAN2624600PE,0.15102038271296833
16-01-2026 11:15||NIFTY27JAN2625800CE,0.10201513678209326
16-01-2026 11:15||NIFTY27JAN2626200CE,0.09546094047385947
16-01-2026 11:20||NIFTY27JAN2623800PE,0.2055624888230016
16-01-2026 11:20||NIFTY27JAN2624000PE,0.19170074896787093
16-01-2026 11:20||NIFTY27JAN2624100PE,0.18477449299889676
16-01-2026 11:20||NIFTY27JAN2624900PE,0.13067589326871057
16-01-2026 11:20||NIFTY27JAN2625900CE,0.10031729757536653
16-01-2026 11:20||NIFTY27JAN2626000CE,0.09812830764580562
16-01-2026 11:20||NIFTY27JAN2626200CE,0.09636909527866624
16-01-2026 11:25||NIFTY27JAN2624200PE,0.17800214768856176
16-01-2026 11:25||NIFTY27JAN2624800PE,0.13626007809201568
16-01-2026 11:25||NIFTY27JAN2625000PE,0.12377785296894102
16-01-2026 11:25||NIFTY27JAN2626300CE,0.098354652955299
16-01-2026 11:30||NIFTY27JAN2624300PE,0.1715322515035438
16-01-2026 11:30||NIFTY27JAN2625600CE,0.10582266897167414
16-01-2026 11:30||NIFTY27JAN2626500CE,0.09915776642900867
16-01-2026 11:35||NIFTY27JAN2624500PE,0.15607232893855635
16-01-2026 11:35||NIFTY27JAN2624800PE,0.13602665076775755
16-01-2026 11:35||NIFTY27JAN2625300CE,0.11949912123728608
16-01-2026 11:35||NIFTY27JAN2625500CE,0.11061994824844218
16-01-2026 11:35||NIFTY27JAN2626200CE,0.09613544252444561
16-01-2026 11:40||NIFTY27JAN2624400PE,0.16284140721975077
16-01-2026 11:40||NIFTY27JAN2624500PE,0.15571948042753
16-01-2026 11:40||NIFTY27JAN2625500CE,0.11228194323865624
16-01-2026 11:40||NIFTY27JAN2626100CE,0.09622566664629059
16-01-2026 11:45||NIFTY27JAN2624300PE,0.16945094800672914
16-01-2026 11:45||NIFTY27JAN2625000PE,0.12185094851030842
16-01-2026 11:45||NIFTY27JAN2625400CE,0.12367940949072459
16-01-2026 11:50||NIFTY27JAN2623900PE,0.19769035273535177
16-01-2026 11:50||NIFTY27JAN2624300PE,0.16923780294516613
16-01-2026 11:50||NIFTY27JAN2625500CE,0.11729777283007889
16-01-2026 11:55||NIFTY27JAN2624000PE,0.19066357382212193
16-01-2026 11:55||NIFTY27JAN2624500PE,0.15562513888407864
16-01-2026 11:55||NIFTY27JAN2624800PE,0.1352538645081522
16-01-2026 11:55||NIFTY27JAN2625000PE,0.12266715350927128
16-01-2026 11:55||NIFTY27JAN2625100PE,0.11643116534485252
16-01-2026 11:55||NIFTY27JAN2626200CE,0.09488665277421268
16-01-2026 12:00||NIFTY27JAN2623900PE,0.19502473478668608
16-01-2026 12:00||NIFTY27JAN2624000PE,0.18803325997332218
16-01-2026 12:00||NIFTY27JAN2624200PE,0.1740658490003415
16-01-2026 12:00||NIFTY27JAN2624400PE,0.15975112649734724
16-01-2026 12:00||NIFTY27JAN2624800PE,0.13251752008829873
16-01-2026 12:00||NIFTY27JAN2624900PE,0.12631263604305457
16-01-2026 12:00||NIFTY27JAN2625200CE,0.1509869711872659
16-01-2026 12:00||NIFTY27JAN2626200CE,0.10161990453017782
16-01-2026 12:05||NIFTY27JAN2623800PE,0.20284098119812544
16-01-2026 12:05||NIFTY27JAN2624200PE,0.17459520050689092
16-01-2026 12:05||NIFTY27JAN2624500PE,0.15322276319707437
16-01-2026 12:05||NIFTY27JAN2624800PE,0.1327987800605467
16-01-2026 12:05||NIFTY27JAN2625000PE,0.11995547572393249
16-01-2026 12:05||NIFTY27JAN2625200CE,0.14819132984092676
16-01-2026 12:05||NIFTY27JAN2625900CE,0.11153945636272347
16-01-2026 12:10||NIFTY27JAN2624800PE,0.13398769738507013
16-01-2026 12:10||NIFTY27JAN2625100PE,0.1163195134889938
16-01-2026 12:10||NIFTY27JAN2625300CE,0.1453653198788512
16-01-2026 12:10||NIFTY27JAN2625800CE,0.11313254765590072
16-01-2026 12:10||NIFTY27JAN2626000CE,0.10628780197507914
16-01-2026 12:10||NIFTY27JAN2626100CE,0.10374500786415644
16-01-2026 12:15||NIFTY27JAN2624000PE,0.1914898001213412
16-01-2026 12:15||NIFTY27JAN2624600PE,0.14771794358944118
16-01-2026 12:15||NIFTY27JAN2624800PE,0.13510527756079688
16-01-2026 12:15||NIFTY27JAN2624900PE,0.12906769242172533
16-01-2026 12:15||NIFTY27JAN2625000PE,0.12299689334054859
16-01-2026 12:15||NIFTY27JAN2625800CE,0.10529054593044207
16-01-2026 12:15||NIFTY27JAN2626000CE,0.0999423590969127
16-01-2026 12:20||NIFTY27JAN2623900PE,0.19799193002745613
16-01-2026 12:20||NIFTY27JAN2624300PE,0.16856100973346907
16-01-2026 12:20||NIFTY27JAN2624500PE,0.1542003372450887
16-01-2026 12:20||NIFTY27JAN2624900PE,0.12886436433240217
16-01-2026 12:20||NIFTY27JAN2625400CE,0.12407942193936444
16-01-2026 12:20||NIFTY27JAN2625600CE,0.11323466519851334
16-01-2026 12:20||NIFTY27JAN2625700CE,0.10904091859057577
16-01-2026 12:25||NIFTY27JAN2623800PE,0.2022980591354624
16-01-2026 12:25||NIFTY27JAN2624500PE,0.15506243870181077
16-01-2026 12:25||NIFTY27JAN2624700PE,0.1427654486118851
16-01-2026 12:25||NIFTY27JAN2624800PE,0.13712418827337275
16-01-2026 12:25||NIFTY27JAN2625000PE,0.12587072536432883
16-01-2026 12:25||NIFTY27JAN2625100PE,0.12025646566883381
16-01-2026 12:25||NIFTY27JAN2626400CE,0.09534135625752636
16-01-2026 12:30||NIFTY27JAN2623800PE,0.1994520134667631
16-01-2026 12:30||NIFTY27JAN2624400PE,0.1537421715808404
16-01-2026 12:30||NIFTY27JAN2624600PE,0.14018000606246284
16-01-2026 12:35||NIFTY27JAN2623800PE,0.20270806291644097
16-01-2026 12:35||NIFTY27JAN2623900PE,0.19436318485468862
16-01-2026 12:35||NIFTY27JAN2624800PE,0.13038073686531718
16-01-2026 12:35||NIFTY27JAN2625600CE,0.11165582142506465
16-01-2026 12:35||NIFTY27JAN2625700CE,0.10875484976140755
16-01-2026 12:35||NIFTY27JAN2625800CE,0.10587542295990217
16-01-2026 12:35||NIFTY27JAN2625900CE,0.10340012495305767
16-01-2026 12:35||NIFTY27JAN2626000CE,0.10035875130294243
16-01-2026 12:35||NIFTY27JAN2626200CE,0.09830998290884348
16-01-2026 12:40||NIFTY27JAN2623800PE,0.20178823050595093
16-01-2026 12:40||NIFTY27JAN2625200CE,0.12146282927434875
16-01-2026 12:40||NIFTY27JAN2625900CE,0.09975359893832493
16-01-2026 12:45||NIFTY27JAN2624000PE,0.1840924043368306
16-01-2026 12:45||NIFTY27JAN2624800PE,0.13028154432515024
16-01-2026 12:45||NIFTY27JAN2625700CE,0.10429760771871444
16-01-2026 12:45||NIFTY27JAN2625900CE,0.10091042812488119
16-01-2026 12:45||NIFTY27JAN2626000CE,0.0988688117175901
16-01-2026 12:45||NIFTY27JAN2626300CE,0.09968188734160736
16-01-2026 12:50||NIFTY27JAN2624300PE,0.16198135350884438
16-01-2026 12:50||NIFTY27JAN2626000CE,0.10302562607218953
16-01-2026 12:50||NIFTY27JAN2626200CE,0.10165585446786916
16-01-2026 12:55||NIFTY27JAN2623900PE,0.19250737547888225
16-01-2026 12:55||NIFTY27JAN2624700PE,0.13679842076741586
16-01-2026 12:55||NIFTY27JAN2624900PE,0.1254055155347373
16-01-2026 12:55||NIFTY27JAN2625500CE,0.10592851589973952
16-01-2026 12:55||NIFTY27JAN2625800CE,0.09899621656279187
16-01-2026 13:00||NIFTY27JAN2623800PE,0.19812349052358463
16-01-2026 13:00||NIFTY27JAN2624700PE,0.13504321810088263
16-01-2026 13:00||NIFTY27JAN2624800PE,0.12917628262425082
16-01-2026 13:00||NIFTY27JAN2625400CE,0.11107507680085635
16-01-2026 13:00||NIFTY27JAN2625900CE,0.09882697371839867
16-01-2026 13:00||NIFTY27JAN2626000CE,0.09798358560914337
16-01-2026 13:05||NIFTY27JAN2624100PE,0.1748198960964023
16-01-2026 13:05||NIFTY27JAN2625000PE,0.11548025361926652
16-01-2026 13:05||NIFTY27JAN2625300CE,0.12818328103313198
16-01-2026 13:10||NIFTY27JAN2625200CE,0.1307746180478955
16-01-2026 13:15||NIFTY27JAN2623800PE,0.19596948456904373
16-01-2026 13:15||NIFTY27JAN2624100PE,0.17314934695426096
16-01-2026 13:15||NIFTY27JAN2624600PE,0.13783151196502558
16-01-2026 13:15||NIFTY27JAN2624700PE,0.13154681628852893
16-01-2026 13:15||NIFTY27JAN2625800CE,0.10185855233252168
16-01-2026 13:15||NIFTY27JAN2626100CE,0.09983306922892851
16-01-2026 13:15||NIFTY27JAN2626200CE,0.1005349696251413
16-01-2026 13:20||NIFTY27JAN2624300PE,0.15734912816862726
16-01-2026 13:20||NIFTY27JAN2624700PE,0.13119664492980082
16-01-2026 13:20||NIFTY27JAN2625100PE,0.11133025374636324
16-01-2026 13:20||NIFTY27JAN2625600CE,0.10600382051953865
16-01-2026 13:20||NIFTY27JAN2626100CE,0.09917525571317126
16-01-2026 13:25||NIFTY27JAN2623900PE,0.18427597328324433
16-01-2026 13:25||NIFTY27JAN2624300PE,0.154610784592948
16-01-2026 13:25||NIFTY27JAN2624400PE,0.14780673022333865
16-01-2026 13:25||NIFTY27JAN2625200CE,0.13873665000695623
16-01-2026 13:25||NIFTY27JAN2625300CE,0.13259587298201517
16-01-2026 13:25||NIFTY27JAN2625500CE,0.12217117508362184
16-01-2026 13:25||NIFTY27JAN2625800CE,0.10985440177136094
16-01-2026 13:25||NIFTY27JAN2626400CE,0.10746587734484025
16-01-2026 13:25||NIFTY27JAN2626500CE,0.1092943958710654
16-01-2026 13:30||NIFTY27JAN2624000PE,0.17817574894831206
16-01-2026 13:30||NIFTY27JAN2624200PE,0.16339067764874765
16-01-2026 13:30||NIFTY27JAN2624400PE,0.1500395078417492
16-01-2026 13:30||NIFTY27JAN2624900PE,0.12075786698069477
16-01-2026 13:30||NIFTY27JAN2625000PE,0.11574604109958717
16-01-2026 13:30||NIFTY27JAN2625200CE,0.12684029777480976
16-01-2026 13:35||NIFTY27JAN2624400PE,0.14889880096319474
16-01-2026 13:35||NIFTY27JAN2624500PE,0.14216417182086835
16-01-2026 13:35||NIFTY27JAN2624900PE,0.11919240152457118
16-01-2026 13:35||NIFTY27JAN2625500CE,0.11740890537386349
16-01-2026 13:35||NIFTY27JAN2626100CE,0.10231336306196086
16-01-2026 13:35||NIFTY27JAN2626400CE,0.10761214683768357
16-01-2026 13:40||NIFTY27JAN2623900PE,0.1864875396458124
16-01-2026 13:40||NIFTY27JAN2624500PE,0.143964264453246
16-01-2026 13:40||NIFTY27JAN2624700PE,0.1317555075986319
16-01-2026 13:40||NIFTY27JAN2625200CE,0.12783423570109317
16-01-2026 13:40||NIFTY27JAN2625300CE,0.12095544382858689
16-01-2026 13:40||NIFTY27JAN2625900CE,0.10091303565662302
16-01-2026 13:40||NIFTY27JAN2626000CE,0.09987179614090103
16-01-2026 13:40||NIFTY27JAN2626200CE,0.10063541143742412
16-01-2026 13:40||NIFTY27JAN2626500CE,0.10769838431718896
16-01-2026 13:45||NIFTY27JAN2623900PE,0.18645133526410052
16-01-2026 13:45||NIFTY27JAN2624100PE,0.17059297118221836
16-01-2026 13:45||NIFTY27JAN2624500PE,0.14318368830677242
16-01-2026 13:50||NIFTY27JAN2624700PE,0.13390765580461822
16-01-2026 13:50||NIFTY27JAN2625900CE,0.09598573995795227
16-01-2026 13:50||NIFTY27JAN2626000CE,0.09594218305161265
16-01-2026 13:55||NIFTY27JAN2623900PE,0.18636097851557348
16-01-2026 13:55||NIFTY27JAN2624200PE,0.16331840421993046
16-01-2026 13:55||NIFTY27JAN2624300PE,0.1566520594248481
16-01-2026 13:55||NIFTY27JAN2625000PE,0.11575240355021746
16-01-2026 13:55||NIFTY27JAN2625700CE,0.10308359188783925
16-01-2026 13:55||NIFTY27JAN2626100CE,0.09998437238336308
16-01-2026 14:00||NIFTY27JAN2624500PE,0.14291619435219838
16-01-2026 14:00||NIFTY27JAN2624900PE,0.12028082651034333
16-01-2026 14:00||NIFTY27JAN2625000PE,0.11543463842783108
16-01-2026 14:00||NIFTY27JAN2625100PE,0.1104303492192884
16-01-2026 14:00||NIFTY27JAN2626000CE,0.09901014198333383
16-01-2026 14:05||NIFTY27JAN2624100PE,0.17174720275549857
16-01-2026 14:05||NIFTY27JAN2625500CE,0.10360313104690089
16-01-2026 14:05||NIFTY27JAN2625800CE,0.09812773766184395
16-01-2026 14:05||NIFTY27JAN2626100CE,0.0982962539446572
16-01-2026 14:10||NIFTY27JAN2624500PE,0.14413768261677776
16-01-2026 14:10||NIFTY27JAN2625100PE,0.1111375883681662
16-01-2026 14:10||NIFTY27JAN2625500CE,0.10943638378265755
16-01-2026 14:10||NIFTY27JAN2626400CE,0.10586124743526944
16-01-2026 14:10||NIFTY27JAN2626500CE,0.10861292658821008
16-01-2026 14:15||NIFTY27JAN2624300PE,0.15696343411808852
16-01-2026 14:15||NIFTY27JAN2624600PE,0.13645049844186763
16-01-2026 14:15||NIFTY27JAN2624900PE,0.11959951333714078
16-01-2026 14:15||NIFTY27JAN2625500CE,0.11243902115502404
16-01-2026 14:20||NIFTY27JAN2624200PE,0.16457360791429854
16-01-2026 14:20||NIFTY27JAN2624800PE,0.1252420624710383
16-01-2026 14:20||NIFTY27JAN2625100PE,0.11076908484311239
16-01-2026 14:20||NIFTY27JAN2626000CE,0.09969662353114157
16-01-2026 14:20||NIFTY27JAN2626300CE,0.10320930006826298
16-01-2026 14:25||NIFTY27JAN2623900PE,0.18935272067400954
16-01-2026 14:25||NIFTY27JAN2624900PE,0.1224875834958988
16-01-2026 14:25||NIFTY27JAN2625100PE,0.11186845681143473
16-01-2026 14:25||NIFTY27JAN2625500CE,0.10089138341366682
16-01-2026 14:25||NIFTY27JAN2626500CE,0.10719248026697811
16-01-2026 14:30||NIFTY27JAN2623800PE,0.1933026139805482
16-01-2026 14:30||NIFTY27JAN2624300PE,0.15753552530451378
16-01-2026 14:30||NIFTY27JAN2626300CE,0.10343509379955249
16-01-2026 14:35||NIFTY27JAN2623800PE,0.19562106646552382
16-01-2026 14:35||NIFTY27JAN2624800PE,0.1269442086055269
16-01-2026 14:35||NIFTY27JAN2624900PE,0.12169720751540325
16-01-2026 14:35||NIFTY27JAN2625000PE,0.11652880414461676
16-01-2026 14:35||NIFTY27JAN2625300CE,0.10470966251613724
16-01-2026 14:35||NIFTY27JAN2625900CE,0.09690383628449818
16-01-2026 14:35||NIFTY27JAN2626100CE,0.09782122292802946
16-01-2026 14:35||NIFTY27JAN2626200CE,0.09954474549205
16-01-2026 14:35||NIFTY27JAN2626300CE,0.10120919371276237
16-01-2026 14:35||NIFTY27JAN2626500CE,0.10514379937079422
16-01-2026 14:40||NIFTY27JAN2624200PE,0.16511911058661277
16-01-2026 14:40||NIFTY27JAN2624600PE,0.13791071570478824
16-01-2026 14:40||NIFTY27JAN2624900PE,0.1207823502626656
16-01-2026 14:40||NIFTY27JAN2625800CE,0.10008551874322676
16-01-2026 14:40||NIFTY27JAN2626500CE,0.10740304439178083
16-01-2026 14:45||NIFTY27JAN2623900PE,0.18781318068771538
16-01-2026 14:45||NIFTY27JAN2624000PE,0.17998270598874197
16-01-2026 14:45||NIFTY27JAN2624100PE,0.17213596215195567
16-01-2026 14:45||NIFTY27JAN2625000PE,0.11600829733499536
16-01-2026 14:45||NIFTY27JAN2625300CE,0.11109791803620846
16-01-2026 14:45||NIFTY27JAN2625600CE,0.10181963604699412
16-01-2026 14:45||NIFTY27JAN2626300CE,0.10094636435142962
16-01-2026 14:45||NIFTY27JAN2626400CE,0.10430698749934289
16-01-2026 14:50||NIFTY27JAN2623900PE,0.18735539113331393
16-01-2026 14:50||NIFTY27JAN2624100PE,0.1723702841554825
16-01-2026 14:50||NIFTY27JAN2624200PE,0.16498616026303142
16-01-2026 14:50||NIFTY27JAN2624300PE,0.15761354479478223
16-01-2026 14:50||NIFTY27JAN2624700PE,0.1315123653555631
16-01-2026 14:50||NIFTY27JAN2625100PE,0.11133674006517671
16-01-2026 14:55||NIFTY27JAN2624200PE,0.163680476661839
16-01-2026 14:55||NIFTY27JAN2624900PE,0.12088114888144132
16-01-2026 14:55||NIFTY27JAN2625200CE,0.12226418175498949
16-01-2026 14:55||NIFTY27JAN2625300CE,0.1175312985786357
16-01-2026 14:55||NIFTY27JAN2625600CE,0.1067264032341632
16-01-2026 14:55||NIFTY27JAN2625700CE,0.10383560865104716
16-01-2026 14:55||NIFTY27JAN2625800CE,0.10100745950523397
16-01-2026 15:00||NIFTY27JAN2624000PE,0.17975479292675764
16-01-2026 15:00||NIFTY27JAN2624800PE,0.1273923129915085
16-01-2026 15:00||NIFTY27JAN2624900PE,0.12234093050016061
16-01-2026 15:00||NIFTY27JAN2625500CE,0.10179990426168006
16-01-2026 15:05||NIFTY27JAN2623900PE,0.18696788793644606
16-01-2026 15:05||NIFTY27JAN2624100PE,0.17182828273726983
16-01-2026 15:05||NIFTY27JAN2624200PE,0.16407025914228038
16-01-2026 15:05||NIFTY27JAN2624600PE,0.1373868240263596
16-01-2026 15:05||NIFTY27JAN2624900PE,0.12160763369674951
16-01-2026 15:05||NIFTY27JAN2626200CE,0.09822953065078695
16-01-2026 15:10||NIFTY27JAN2623900PE,0.18620851574434732
16-01-2026 15:10||NIFTY27JAN2624700PE,0.13166565912794273
16-01-2026 15:10||NIFTY27JAN2624800PE,0.12640175102013926
16-01-2026 15:10||NIFTY27JAN2625100PE,0.11160171996700394
16-01-2026 15:10||NIFTY27JAN2625600CE,0.1011573441363424
16-01-2026 15:15||NIFTY27JAN2623800PE,0.19400905331805127
16-01-2026 15:15||NIFTY27JAN2624200PE,0.16266487475313102
16-01-2026 15:15||NIFTY27JAN2624400PE,0.1493701022536572
16-01-2026 15:15||NIFTY27JAN2624500PE,0.14312361385132555
16-01-2026 15:15||NIFTY27JAN2624700PE,0.13128723236835316
16-01-2026 15:15||NIFTY27JAN2624800PE,0.12598473371951116
16-01-2026 15:15||NIFTY27JAN2625000PE,0.1153349052533739
16-01-2026 15:15||NIFTY27JAN2625300CE,0.11950189626672615
16-01-2026 15:15||NIFTY27JAN2625500CE,0.1097142718939345
16-01-2026 15:15||NIFTY27JAN2626000CE,0.09935575862576118
16-01-2026 15:15||NIFTY27JAN2626100CE,0.09928303684426364
16-01-2026 15:15||NIFTY27JAN2626300CE,0.10214968121346811
16-01-2026 15:20||NIFTY27JAN2623900PE,0.18689509647411684
16-01-2026 15:20||NIFTY27JAN2624000PE,0.17894301534267176
16-01-2026 15:20||NIFTY27JAN2624200PE,0.16386295140342974
16-01-2026 15:20||NIFTY27JAN2624400PE,0.15018293712090583
16-01-2026 15:20||NIFTY27JAN2624600PE,0.13731022108410135
16-01-2026 15:20||NIFTY27JAN2624800PE,0.1256727439234816
16-01-2026 15:20||NIFTY27JAN2625500CE,0.10849139591400542
16-01-2026 15:20||NIFTY27JAN2625900CE,0.09910444234946643
16-01-2026 15:20||NIFTY27JAN2626100CE,0.09844140952015261
16-01-2026 15:20||NIFTY27JAN2626400CE,0.10494026567892652
16-01-2026 15:20||NIFTY27JAN2626500CE,0.10801806480444036
16-01-2026 15:25||NIFTY27JAN2626400CE,0.10404717215051129
16-01-2026 15:25||NIFTY27JAN2626500CE,0.10807850280660901
19-01-2026 09:15||NIFTY27JAN2624700PE,0.13616577298359037
19-01-2026 09:15||NIFTY27JAN2624900PE,0.12430907677853778
19-01-2026 09:15||NIFTY27JAN2625400CE,0.1280668477770477
19-01-2026 09:15||NIFTY27JAN2625500CE,0.12397306127808891
19-01-2026 09:15||NIFTY27JAN2625900CE,0.11672324647236536
19-01-2026 09:15||NIFTY27JAN2626300CE,0.12576929918502894
19-01-2026 09:15||NIFTY27JAN2626400CE,0.13101145677114784
19-01-2026 09:20||NIFTY27JAN2624600PE,0.14707279824491842
19-01-2026 09:20||NIFTY27JAN2625700CE,0.10076991786572793
19-01-2026 09:20||NIFTY27JAN2626100CE,0.11014331713040157
19-01-2026 09:20||NIFTY27JAN2626400CE,0.12319554574101735
19-01-2026 09:25||NIFTY27JAN2624500PE,0.15246549536372422
19-01-2026 09:25||NIFTY27JAN2625500CE,0.10354650607682042
19-01-2026 09:25||NIFTY27JAN2625600CE,0.10377309072210462
19-01-2026 09:25||NIFTY27JAN2625700CE,0.10488154845316805
19-01-2026 09:25||NIFTY27JAN2626100CE,0.11284102677977184
19-01-2026 09:25||NIFTY27JAN2626200CE,0.1163677891362562
19-01-2026 09:25||NIFTY27JAN2626400CE,0.12646277703318887
19-01-2026 09:30||NIFTY27JAN2623800PE,0.2070841984703971
19-01-2026 09:30||NIFTY27JAN2624000PE,0.1912428546422295
19-01-2026 09:30||NIFTY27JAN2624200PE,0.17508350860912408
19-01-2026 09:30||NIFTY27JAN2624300PE,0.1668892708825956
19-01-2026 09:30||NIFTY27JAN2624400PE,0.158728771902132
19-01-2026 09:30||NIFTY27JAN2624800PE,0.12807488732757083
19-01-2026 09:30||NIFTY27JAN2625400CE,0.1270154825413657
19-01-2026 09:30||NIFTY27JAN2625800CE,0.11492788342567155
19-01-2026 09:30||NIFTY27JAN2626500CE,0.13645100045928443
19-01-2026 09:35||NIFTY27JAN2624500PE,0.15530782564008433
19-01-2026 09:35||NIFTY27JAN2624800PE,0.13383968026571952
19-01-2026 09:35||NIFTY27JAN2625500CE,0.10150511846551699
19-01-2026 09:35||NIFTY27JAN2625600CE,0.10181885106174002
19-01-2026 09:35||NIFTY27JAN2626200CE,0.11473379430313321
19-01-2026 09:40||NIFTY27JAN2624100PE,0.18428083691074804
19-01-2026 09:40||NIFTY27JAN2624200PE,0.17581076258471812
19-01-2026 09:40||NIFTY27JAN2624400PE,0.15919470031657076
19-01-2026 09:40||NIFTY27JAN2624500PE,0.15092903139994115
19-01-2026 09:40||NIFTY27JAN2624600PE,0.14293945703340313
19-01-2026 09:40||NIFTY27JAN2624900PE,0.12387596382911514
19-01-2026 09:40||NIFTY27JAN2625700CE,0.10940965913650377
19-01-2026 09:40||NIFTY27JAN2626200CE,0.11915475019756884
19-01-2026 09:40||NIFTY27JAN2626300CE,0.12325611219740441
19-01-2026 09:40||NIFTY27JAN2626500CE,0.13244679472069584
19-01-2026 09:45||NIFTY27JAN2623900PE,0.20068652603907686
19-01-2026 09:45||NIFTY27JAN2624000PE,0.19247852015925185
19-01-2026 09:45||NIFTY27JAN2626200CE,0.11706429881223136
19-01-2026 09:50||NIFTY27JAN2623900PE,0.20127435742607563
19-01-2026 09:50||NIFTY27JAN2624700PE,0.13782816662997294
19-01-2026 09:50||NIFTY27JAN2624800PE,0.1317916663622667
19-01-2026 09:50||NIFTY27JAN2625300CE,0.10040504652783186
19-01-2026 09:50||NIFTY27JAN2625900CE,0.10548117987969322
19-01-2026 09:50||NIFTY27JAN2626200CE,0.11551617810714049
19-01-2026 09:55||NIFTY27JAN2624700PE,0.13785704220139558
19-01-2026 09:55||NIFTY27JAN2625400CE,0.10140125697025167
19-01-2026 09:55||NIFTY27JAN2625700CE,0.1029639757709036
19-01-2026 09:55||NIFTY27JAN2626400CE,0.12710195437704436
19-01-2026 10:00||NIFTY27JAN2624400PE,0.15779208243424794
19-01-2026 10:00||NIFTY27JAN2625000PE,0.11956741197709843
19-01-2026 10:00||NIFTY27JAN2625700CE,0.10617765101707903
19-01-2026 10:00||NIFTY27JAN2625900CE,0.10857832809068658
19-01-2026 10:05||NIFTY27JAN2624500PE,0.1481137162820108
19-01-2026 10:05||NIFTY27JAN2624800PE,0.1271727319310907
19-01-2026 10:05||NIFTY27JAN2625200CE,0.12468123005377232
19-01-2026 10:05||NIFTY27JAN2625500CE,0.11435175902968212
19-01-2026 10:05||NIFTY27JAN2626100CE,0.11825817181144394
19-01-2026 10:05||NIFTY27JAN2626200CE,0.12227495678581363
19-01-2026 10:10||NIFTY27JAN2623800PE,0.20865619437095073
19-01-2026 10:10||NIFTY27JAN2624200PE,0.1744889684453999
19-01-2026 10:10||NIFTY27JAN2624400PE,0.15795233408560347
19-01-2026 10:10||NIFTY27JAN2625100PE,0.11596670186453897
19-01-2026 10:15||NIFTY27JAN2624200PE,0.17450954695801993
19-01-2026 10:15||NIFTY27JAN2624400PE,0.15767955824114616
19-01-2026 10:15||NIFTY27JAN2624700PE,0.13542522354834088
19-01-2026 10:15||NIFTY27JAN2624800PE,0.129561174953733
19-01-2026 10:15||NIFTY27JAN2625100PE,0.11558651346722766
19-01-2026 10:15||NIFTY27JAN2625500CE,0.10942591001453761
19-01-2026 10:15||NIFTY27JAN2625700CE,0.1077679944842693
19-01-2026 10:15||NIFTY27JAN2626200CE,0.11984567484850912
19-01-2026 10:15||NIFTY27JAN2626500CE,0.13612431075899037
19-01-2026 10:20||NIFTY27JAN2623900PE,0.20091536554161474
19-01-2026 10:20||NIFTY27JAN2624100PE,0.1848183848070932
19-01-2026 10:20||NIFTY27JAN2625500CE,0.1071854571302839
19-01-2026 10:20||NIFTY27JAN2626300CE,0.12341289992693626
19-01-2026 10:25||NIFTY27JAN2625400CE,0.10272955890403518
19-01-2026 10:25||NIFTY27JAN2626100CE,0.11451517585032883
19-01-2026 10:25||NIFTY27JAN2626400CE,0.12870781205837137
19-01-2026 10:25||NIFTY27JAN2626500CE,0.13391903183111395
19-01-2026 10:30||NIFTY27JAN2623800PE,0.20868246554941322
19-01-2026 10:30||NIFTY27JAN2623900PE,0.19996435083029193
19-01-2026 10:30||NIFTY27JAN2624600PE,0.14363877241687126
19-01-2026 10:30||NIFTY27JAN2624700PE,0.1380560274520458
19-01-2026 10:30||NIFTY27JAN2624800PE,0.13247613328769905
19-01-2026 10:30||NIFTY27JAN2624900PE,0.12697821796129752
19-01-2026 10:30||NIFTY27JAN2626200CE,0.1204123911648624
19-01-2026 10:35||NIFTY27JAN2623800PE,0.2049944487146505
19-01-2026 10:35||NIFTY27JAN2624700PE,0.13696994376170718
19-01-2026 10:35||NIFTY27JAN2624800PE,0.13157685750162076
19-01-2026 10:35||NIFTY27JAN2625000PE,0.12206896627835377
19-01-2026 10:35||NIFTY27JAN2625200CE,0.11025488796568295
19-01-2026 10:35||NIFTY27JAN2626300CE,0.12550914368561747
19-01-2026 10:40||NIFTY27JAN2623800PE,0.20525063277777167
19-01-2026 10:40||NIFTY27JAN2623900PE,0.19715636599275663
19-01-2026 10:40||NIFTY27JAN2624000PE,0.18919077976819326
19-01-2026 10:40||NIFTY27JAN2624700PE,0.13488121444478823
19-01-2026 10:40||NIFTY27JAN2625400CE,0.11716874378408342
19-01-2026 10:40||NIFTY27JAN2625700CE,0.11187227495049823
19-01-2026 10:45||NIFTY27JAN2624000PE,0.19181633718485422
19-01-2026 10:45||NIFTY27JAN2624700PE,0.13780007181287485
19-01-2026 10:45||NIFTY27JAN2625600CE,0.10744264513828312
19-01-2026 10:45||NIFTY27JAN2626200CE,0.11958076018770558
19-01-2026 10:50||NIFTY27JAN2625100PE,0.11561099704989257
19-01-2026 10:50||NIFTY27JAN2625200CE,0.12247128712586167
19-01-2026 10:50||NIFTY27JAN2626200CE,0.12100800259038033
19-01-2026 10:55||NIFTY27JAN2624100PE,0.1834567443976151
19-01-2026 10:55||NIFTY27JAN2624200PE,0.17479380191955773
19-01-2026 10:55||NIFTY27JAN2624500PE,0.14927670454659034
19-01-2026 10:55||NIFTY27JAN2625400CE,0.12148333924409552
19-01-2026 10:55||NIFTY27JAN2625500CE,0.11799244412955638
19-01-2026 10:55||NIFTY27JAN2625900CE,0.1125239603609131
19-01-2026 10:55||NIFTY27JAN2626000CE,0.11455629663375934
19-01-2026 11:00||NIFTY27JAN2623900PE,0.2026993211894898
19-01-2026 11:00||NIFTY27JAN2624400PE,0.1600060770724611
19-01-2026 11:00||NIFTY27JAN2625400CE,0.11553634763312354
19-01-2026 11:00||NIFTY27JAN2625600CE,0.11257997636252139
19-01-2026 11:00||NIFTY27JAN2625700CE,0.11109582452172509
19-01-2026 11:00||NIFTY27JAN2625800CE,0.11006448115905385
19-01-2026 11:00||NIFTY27JAN2626300CE,0.12322566287549847
19-01-2026 11:00||NIFTY27JAN2626500CE,0.13297832160162393
19-01-2026 11:05||NIFTY27JAN2623800PE,0.21275997550008366
19-01-2026 11:05||NIFTY27JAN2623900PE,0.20382244901868002
19-01-2026 11:05||NIFTY27JAN2624200PE,0.17845920452343086
19-01-2026 11:05||NIFTY27JAN2624500PE,0.15479900608027095
19-01-2026 11:05||NIFTY27JAN2625000PE,0.12514249172728562
19-01-2026 11:05||NIFTY27JAN2625600CE,0.10266065556920916
19-01-2026 11:05||NIFTY27JAN2626100CE,0.1108102484645107
19-01-2026 11:10||NIFTY27JAN2624300PE,0.16842591845023847
19-01-2026 11:10||NIFTY27JAN2625800CE,0.10541191414243674
19-01-2026 11:15||NIFTY27JAN2624400PE,0.16070368881613606
19-01-2026 11:15||NIFTY27JAN2624500PE,0.15374438309107175
19-01-2026 11:15||NIFTY27JAN2624600PE,0.1467852924296474
19-01-2026 11:15||NIFTY27JAN2624700PE,0.13994545713945994
19-01-2026 11:15||NIFTY27JAN2624900PE,0.12814862309634595
19-01-2026 11:15||NIFTY27JAN2625100PE,0.11822061112677236
19-01-2026 11:20||NIFTY27JAN2623800PE,0.2048047446636364
19-01-2026 11:20||NIFTY27JAN2624200PE,0.17415227854378554
19-01-2026 11:20||NIFTY27JAN2624300PE,0.16607463104404277
19-01-2026 11:20||NIFTY27JAN2624500PE,0.15010311883494232
19-01-2026 11:20||NIFTY27JAN2624900PE,0.12529765556938258
19-01-2026 11:20||NIFTY27JAN2625400CE,0.1143136084605062
19-01-2026 11:20||NIFTY27JAN2625500CE,0.1131946406119811
19-01-2026 11:20||NIFTY27JAN2625600CE,0.11139853293467987
19-01-2026 11:20||NIFTY27JAN2625700CE,0.10973422721924952
19-01-2026 11:20||NIFTY27JAN2626200CE,0.12041277872075909
19-01-2026 11:20||NIFTY27JAN2626300CE,0.12535354224955336
19-01-2026 11:20||NIFTY27JAN2626500CE,0.13571226123168056
19-01-2026 11:25||NIFTY27JAN2624900PE,0.12557002447411222
19-01-2026 11:25||NIFTY27JAN2625300CE,0.11860080539479072
19-01-2026 11:25||NIFTY27JAN2625400CE,0.11521883365293151
19-01-2026 11:30||NIFTY27JAN2624100PE,0.18381587084494544
19-01-2026 11:30||NIFTY27JAN2624600PE,0.14349755758669344
19-01-2026 11:30||NIFTY27JAN2624900PE,0.12567820121130896
19-01-2026 11:30||NIFTY27JAN2625000PE,0.12052068866886813
19-01-2026 11:30||NIFTY27JAN2625500CE,0.11251097342598199
19-01-2026 11:30||NIFTY27JAN2625700CE,0.10936330723277901
19-01-2026 11:30||NIFTY27JAN2626500CE,0.1353779645971576
19-01-2026 11:35||NIFTY27JAN2623900PE,0.19934387556712138
19-01-2026 11:35||NIFTY27JAN2624600PE,0.14271526484246466
19-01-2026 11:35||NIFTY27JAN2625800CE,0.11043819032112605
19-01-2026 11:35||NIFTY27JAN2626000CE,0.11304002522992133
19-01-2026 11:35||NIFTY27JAN2626200CE,0.11864089606882235
19-01-2026 11:35||NIFTY27JAN2626300CE,0.12151019172955246
19-01-2026 11:35||NIFTY27JAN2626400CE,0.12440217478633146
19-01-2026 11:35||NIFTY27JAN2626500CE,0.12738358229222643
19-01-2026 11:40||NIFTY27JAN2623800PE,0.2079370131839025
19-01-2026 11:40||NIFTY27JAN2624100PE,0.185297672177962
19-01-2026 11:40||NIFTY27JAN2624200PE,0.17673855588305298
19-01-2026 11:40||NIFTY27JAN2624400PE,0.1598911359104087
19-01-2026 11:40||NIFTY27JAN2624500PE,0.15157153489616146
19-01-2026 11:40||NIFTY27JAN2625100PE,0.1157923327022752
19-01-2026 11:45||NIFTY27JAN2624300PE,0.1687628495344048
19-01-2026 11:45||NIFTY27JAN2625400CE,0.1141335221884431
19-01-2026 11:50||NIFTY27JAN2624600PE,0.1451599458881781
19-01-2026 11:50||NIFTY27JAN2625200CE,0.1134844531297601
19-01-2026 11:50||NIFTY27JAN2626300CE,0.12269825057674708
19-01-2026 11:55||NIFTY27JAN2623800PE,0.20668542797757705
19-01-2026 11:55||NIFTY27JAN2624300PE,0.16909507919967742
19-01-2026 11:55||NIFTY27JAN2624500PE,0.1537562506152616
19-01-2026 11:55||NIFTY27JAN2624600PE,0.1467700069413403
19-01-2026 11:55||NIFTY27JAN2624700PE,0.13989053555026834
19-01-2026 11:55||NIFTY27JAN2625900CE,0.10577629070514726
19-01-2026 11:55||NIFTY27JAN2626200CE,0.11684976820916301
19-01-2026 12:00||NIFTY27JAN2624200PE,0.17569730106218123
19-01-2026 12:00||NIFTY27JAN2624300PE,0.16784125307965345
19-01-2026 12:00||NIFTY27JAN2624400PE,0.16002624307580673
19-01-2026 12:00||NIFTY27JAN2624500PE,0.15222318267431134
19-01-2026 12:00||NIFTY27JAN2624700PE,0.138362099997255
19-01-2026 12:00||NIFTY27JAN2625000PE,0.12202481181172123
19-01-2026 12:00||NIFTY27JAN2626100CE,0.11413027494151196
19-01-2026 12:00||NIFTY27JAN2626500CE,0.1344535246740274
19-01-2026 12:05||NIFTY27JAN2623900PE,0.20025333422655717
19-01-2026 12:05||NIFTY27JAN2624400PE,0.16082689087069627
19-01-2026 12:05||NIFTY27JAN2624500PE,0.15281044910361843
19-01-2026 12:05||NIFTY27JAN2625200CE,0.11322081533262925
19-01-2026 12:05||NIFTY27JAN2625400CE,0.10921455241195922
19-01-2026 12:05||NIFTY27JAN2625500CE,0.10740981275862294
19-01-2026 12:05||NIFTY27JAN2625700CE,0.1055202969729548
19-01-2026 12:05||NIFTY27JAN2626100CE,0.11521582479151943
19-01-2026 12:05||NIFTY27JAN2626200CE,0.11973566060493689
19-01-2026 12:05||NIFTY27JAN2626400CE,0.1287567682495835
19-01-2026 12:05||NIFTY27JAN2626500CE,0.13374099359428437
19-01-2026 12:10||NIFTY27JAN2623900PE,0.2005589403348163
19-01-2026 12:10||NIFTY27JAN2625600CE,0.11013215887327472
19-01-2026 12:10||NIFTY27JAN2626400CE,0.13054814142033444
19-01-2026 12:15||NIFTY27JAN2623900PE,0.2002269732181868
19-01-2026 12:15||NIFTY27JAN2624100PE,0.18480154918036376
19-01-2026 12:15||NIFTY27JAN2624300PE,0.16838857463792353
19-01-2026 12:20||NIFTY27JAN2623800PE,0.2088127261468657
19-01-2026 12:20||NIFTY27JAN2624400PE,0.16195943028078302
19-01-2026 12:20||NIFTY27JAN2625100PE,0.11788868666881566
19-01-2026 12:20||NIFTY27JAN2625300CE,0.10916428547559147
19-01-2026 12:20||NIFTY27JAN2626200CE,0.11607994531208711
19-01-2026 12:25||NIFTY27JAN2623800PE,0.20779515871255366
19-01-2026 12:25||NIFTY27JAN2625700CE,0.1052345931757998
19-01-2026 12:25||NIFTY27JAN2626500CE,0.13410770993633728
19-01-2026 12:30||NIFTY27JAN2623900PE,0.20086215538188443
19-01-2026 12:30||NIFTY27JAN2624300PE,0.16884954522175114
19-01-2026 12:30||NIFTY27JAN2624500PE,0.15242305645198848
19-01-2026 12:30||NIFTY27JAN2625000PE,0.12067243140046362
19-01-2026 12:30||NIFTY27JAN2625400CE,0.10925935056273652
19-01-2026 12:30||NIFTY27JAN2626500CE,0.13465269377941227
19-01-2026 12:35||NIFTY27JAN2624100PE,0.18496653688920311
19-01-2026 12:35||NIFTY27JAN2624200PE,0.17691569520929196
19-01-2026 12:35||NIFTY27JAN2624400PE,0.16035932175706474
19-01-2026 12:35||NIFTY27JAN2624700PE,0.1383535095826285
19-01-2026 12:35||NIFTY27JAN2625000PE,0.12139678857827785
19-01-2026 12:35||NIFTY27JAN2625300CE,0.1109549619592282
19-01-2026 12:40||NIFTY27JAN2623800PE,0.20741808760764788
19-01-2026 12:40||NIFTY27JAN2625700CE,0.1092732350029676
19-01-2026 12:40||NIFTY27JAN2625800CE,0.1092393633368351
19-01-2026 12:40||NIFTY27JAN2626400CE,0.13148682169332354
19-01-2026 12:45||NIFTY27JAN2626000CE,0.11057942742230156
19-01-2026 12:45||NIFTY27JAN2626100CE,0.11446726837586757
19-01-2026 12:45||NIFTY27JAN2626400CE,0.12944773667950718
19-01-2026 12:50||NIFTY27JAN2623800PE,0.20693322148940396
19-01-2026 12:50||NIFTY27JAN2624200PE,0.17528079756872053
19-01-2026 12:50||NIFTY27JAN2625900CE,0.11042211731604384
19-01-2026 12:50||NIFTY27JAN2626500CE,0.13504175145797326
19-01-2026 12:55||NIFTY27JAN2623900PE,0.20232307583786782
19-01-2026 12:55||NIFTY27JAN2624100PE,0.18693281915069707
19-01-2026 12:55||NIFTY27JAN2624300PE,0.17042576749814164
19-01-2026 12:55||NIFTY27JAN2624400PE,0.16148779540116287
19-01-2026 12:55||NIFTY27JAN2624500PE,0.15325495528031804
19-01-2026 12:55||NIFTY27JAN2624700PE,0.13805959313457017
19-01-2026 12:55||NIFTY27JAN2625100PE,0.11661513640075191
19-01-2026 12:55||NIFTY27JAN2625700CE,0.10583680437598482
19-01-2026 12:55||NIFTY27JAN2626000CE,0.10948938491703697
19-01-2026 13:00||NIFTY27JAN2623900PE,0.20435743203548218
19-01-2026 13:00||NIFTY27JAN2624000PE,0.19648302839630846
19-01-2026 13:00||NIFTY27JAN2624400PE,0.1632467828889746
19-01-2026 13:00||NIFTY27JAN2624700PE,0.14013035395324752
19-01-2026 13:00||NIFTY27JAN2625400CE,0.10936431063022872
19-01-2026 13:00||NIFTY27JAN2625600CE,0.10573802438323805
19-01-2026 13:00||NIFTY27JAN2625900CE,0.10659464144115124
19-01-2026 13:00||NIFTY27JAN2626200CE,0.11681339461554624
19-01-2026 13:00||NIFTY27JAN2626500CE,0.13231578916151554
19-01-2026 13:05||NIFTY27JAN2624600PE,0.14709560339356134
19-01-2026 13:05||NIFTY27JAN2625100PE,0.1181685382554546
19-01-2026 13:05||NIFTY27JAN2625700CE,0.10343231672097498
19-01-2026 13:10||NIFTY27JAN2623800PE,0.21440253924786262
19-01-2026 13:10||NIFTY27JAN2623900PE,0.20584583517117647
19-01-2026 13:10||NIFTY27JAN2624400PE,0.1641077963152228
19-01-2026 13:10||NIFTY27JAN2624500PE,0.15578890336973036
19-01-2026 13:10||NIFTY27JAN2624600PE,0.1475334931236658
19-01-2026 13:10||NIFTY27JAN2626200CE,0.11611252454121786
19-01-2026 13:10||NIFTY27JAN2626300CE,0.12123068612591821
19-01-2026 13:15||NIFTY27JAN2625800CE,0.10694970503362114
19-01-2026 13:20||NIFTY27JAN2624400PE,0.1627792683936842
19-01-2026 13:20||NIFTY27JAN2624800PE,0.1334953408174232
19-01-2026 13:20||NIFTY27JAN2624900PE,0.12786600432192463
19-01-2026 13:20||NIFTY27JAN2625000PE,0.122305442324813
19-01-2026 13:20||NIFTY27JAN2625200CE,0.11109421973888736
19-01-2026 13:20||NIFTY27JAN2625400CE,0.10720323179350516
19-01-2026 13:25||NIFTY27JAN2623900PE,0.2045118864570716
19-01-2026 13:25||NIFTY27JAN2625000PE,0.12010383388720963
19-01-2026 13:25||NIFTY27JAN2625300CE,0.1125053253284821
19-01-2026 13:25||NIFTY27JAN2625400CE,0.11000606394478966
19-01-2026 13:25||NIFTY27JAN2625900CE,0.10676160716854048
19-01-2026 13:25||NIFTY27JAN2626200CE,0.11773657865179692
19-01-2026 13:25||NIFTY27JAN2626500CE,0.1333425090866274
19-01-2026 13:30||NIFTY27JAN2624300PE,0.17046792505398567
19-01-2026 13:30||NIFTY27JAN2624900PE,0.12545435475976036
19-01-2026 13:30||NIFTY27JAN2625100PE,0.11420423373254929
19-01-2026 13:30||NIFTY27JAN2625800CE,0.10682749826715834
19-01-2026 13:30||NIFTY27JAN2626100CE,0.11398836461937116
19-01-2026 13:30||NIFTY27JAN2626300CE,0.12284580007469487
19-01-2026 13:30||NIFTY27JAN2626500CE,0.13296744195832985
19-01-2026 13:35||NIFTY27JAN2624400PE,0.1639456905246139
19-01-2026 13:35||NIFTY27JAN2624900PE,0.12782917142528574
19-01-2026 13:35||NIFTY27JAN2626200CE,0.11618555305450484
19-01-2026 13:35||NIFTY27JAN2626400CE,0.12675520278890076
19-01-2026 13:40||NIFTY27JAN2624800PE,0.13433379633992987
19-01-2026 13:40||NIFTY27JAN2625300CE,0.10310039036307642
19-01-2026 13:40||NIFTY27JAN2625400CE,0.10298689279152198
19-01-2026 13:40||NIFTY27JAN2625600CE,0.10200405566498603
19-01-2026 13:40||NIFTY27JAN2625800CE,0.10268640981615404
19-01-2026 13:40||NIFTY27JAN2625900CE,0.10445198762403277
19-01-2026 13:45||NIFTY27JAN2624300PE,0.16932892690513182
19-01-2026 13:45||NIFTY27JAN2624700PE,0.13600497111620422
19-01-2026 13:45||NIFTY27JAN2625100PE,0.11053734834315196
19-01-2026 13:45||NIFTY27JAN2625500CE,0.12069162028728106
19-01-2026 13:45||NIFTY27JAN2626500CE,0.13293137968302798
19-01-2026 13:50||NIFTY27JAN2623900PE,0.20555459096214143
19-01-2026 13:50||NIFTY27JAN2624200PE,0.1812842570964337
19-01-2026 13:50||NIFTY27JAN2625100PE,0.11706797971995436
19-01-2026 13:50||NIFTY27JAN2625400CE,0.11674687842407538
19-01-2026 13:50||NIFTY27JAN2625700CE,0.10766914505244934
19-01-2026 13:50||NIFTY27JAN2626200CE,0.1147300965088022
19-01-2026 13:55||NIFTY27JAN2624500PE,0.15909502795023153
19-01-2026 13:55||NIFTY27JAN2624600PE,0.15083624272520768
19-01-2026 13:55||NIFTY27JAN2625600CE,0.10455299754185499
19-01-2026 13:55||NIFTY27JAN2625700CE,0.10461017667511645
19-01-2026 13:55||NIFTY27JAN2625800CE,0.1040520494677251
19-01-2026 13:55||NIFTY27JAN2625900CE,0.10408466753527885
19-01-2026 13:55||NIFTY27JAN2626200CE,0.11138320589992198
19-01-2026 14:00||NIFTY27JAN2624100PE,0.19355363536462006
19-01-2026 14:00||NIFTY27JAN2624600PE,0.14990182471093125
19-01-2026 14:00||NIFTY27JAN2625300CE,0.12084973095625468
19-01-2026 14:00||NIFTY27JAN2625800CE,0.10800622543243063
19-01-2026 14:00||NIFTY27JAN2625900CE,0.10772197907282821
19-01-2026 14:00||NIFTY27JAN2626100CE,0.10995987675894454
19-01-2026 14:05||NIFTY27JAN2623800PE,0.21757039216721835
19-01-2026 14:05||NIFTY27JAN2624200PE,0.18730817780732617
19-01-2026 14:05||NIFTY27JAN2624500PE,0.1609784416409868
19-01-2026 14:05||NIFTY27JAN2625000PE,0.12469623947063843
19-01-2026 14:05||NIFTY27JAN2625400CE,0.10783896999990948
19-01-2026 14:05||NIFTY27JAN2626500CE,0.12287448635331022
19-01-2026 14:10||NIFTY27JAN2624400PE,0.16977826416301553
19-01-2026 14:10||NIFTY27JAN2624500PE,0.16073602857234842
19-01-2026 14:10||NIFTY27JAN2625100PE,0.12058877513402239
19-01-2026 14:10||NIFTY27JAN2625200CE,0.10256095735434156
19-01-2026 14:10||NIFTY27JAN2626100CE,0.10415005569506398
19-01-2026 14:15||NIFTY27JAN2623800PE,0.21590200966277312
19-01-2026 14:15||NIFTY27JAN2624100PE,0.1933331778001948
19-01-2026 14:15||NIFTY27JAN2624200PE,0.18535371814614426
19-01-2026 14:15||NIFTY27JAN2624500PE,0.15797461815766062
19-01-2026 14:15||NIFTY27JAN2624700PE,0.14181973010070495
19-01-2026 14:15||NIFTY27JAN2624800PE,0.13472592127075841
19-01-2026 14:15||NIFTY27JAN2625100PE,0.1157252236782284
19-01-2026 14:15||NIFTY27JAN2626400CE,0.12238496005729296
19-01-2026 14:20||NIFTY27JAN2624200PE,0.18538236872658073
19-01-2026 14:20||NIFTY27JAN2624500PE,0.1599496255030552
19-01-2026 14:20||NIFTY27JAN2625800CE,0.10221599205140176
19-01-2026 14:20||NIFTY27JAN2626000CE,0.10367479463556915
19-01-2026 14:25||NIFTY27JAN2624000PE,0.20187649020753334
19-01-2026 14:25||NIFTY27JAN2625100PE,0.12004346726127683
19-01-2026 14:25||NIFTY27JAN2625700CE,0.09900137969245115
19-01-2026 14:25||NIFTY27JAN2625900CE,0.09987836097952457
19-01-2026 14:25||NIFTY27JAN2626000CE,0.10161654015005168
19-01-2026 14:25||NIFTY27JAN2626500CE,0.12345994648691427
19-01-2026 14:30||NIFTY27JAN2624100PE,0.19353892059629502
19-01-2026 14:30||NIFTY27JAN2624300PE,0.17650360844282742
19-01-2026 14:30||NIFTY27JAN2624700PE,0.14336224296762565
19-01-2026 14:30||NIFTY27JAN2624800PE,0.13616740119128617
19-01-2026 14:30||NIFTY27JAN2625000PE,0.12352316156477637
19-01-2026 14:35||NIFTY27JAN2623800PE,0.21531048343725706
19-01-2026 14:35||NIFTY27JAN2624300PE,0.17570140757570038
19-01-2026 14:35||NIFTY27JAN2625000PE,0.1227798303778685
19-01-2026 14:35||NIFTY27JAN2625800CE,0.10405240378424344
19-01-2026 14:35||NIFTY27JAN2626100CE,0.10742218945112243
19-01-2026 14:35||NIFTY27JAN2626300CE,0.11553935914125645
19-01-2026 14:35||NIFTY27JAN2626400CE,0.12093191618662187
19-01-2026 14:40||NIFTY27JAN2624000PE,0.20133510264237764
19-01-2026 14:40||NIFTY27JAN2624300PE,0.1774837269178808
19-01-2026 14:40||NIFTY27JAN2624700PE,0.1445580052309307
19-01-2026 14:40||NIFTY27JAN2625200CE,0.11249694873563343
19-01-2026 14:45||NIFTY27JAN2623900PE,0.2111015248324678
19-01-2026 14:45||NIFTY27JAN2624100PE,0.19490315043300532
19-01-2026 14:45||NIFTY27JAN2624400PE,0.16920155319234517
19-01-2026 14:45||NIFTY27JAN2624600PE,0.1523350429362262
19-01-2026 14:45||NIFTY27JAN2624800PE,0.13742247519334447
19-01-2026 14:45||NIFTY27JAN2625800CE,0.10037341173784312
19-01-2026 14:45||NIFTY27JAN2626000CE,0.10194508920892642
19-01-2026 14:50||NIFTY27JAN2624000PE,0.20312101485102663
19-01-2026 14:50||NIFTY27JAN2624200PE,0.18691754386586895
19-01-2026 14:50||NIFTY27JAN2624500PE,0.16139865507660403
19-01-2026 14:50||NIFTY27JAN2625100PE,0.11952718160346659
19-01-2026 14:50||NIFTY27JAN2625700CE,0.10196987586576109
19-01-2026 14:55||NIFTY27JAN2623800PE,0.2199527943734736
19-01-2026 14:55||NIFTY27JAN2624400PE,0.17103445698949843
19-01-2026 14:55||NIFTY27JAN2625300CE,0.10463853736823833
19-01-2026 14:55||NIFTY27JAN2625400CE,0.10293137917923065
19-01-2026 14:55||NIFTY27JAN2626000CE,0.10070546001495988
19-01-2026 14:55||NIFTY27JAN2626100CE,0.10301612146532403
19-01-2026 15:00||NIFTY27JAN2624300PE,0.18124371445808965
19-01-2026 15:00||NIFTY27JAN2625000PE,0.12854405297147445
19-01-2026 15:00||NIFTY27JAN2625600CE,0.091652411674393
19-01-2026 15:00||NIFTY27JAN2626000CE,0.09616390394946729
19-01-2026 15:00||NIFTY27JAN2626300CE,0.10859114952271226
19-01-2026 15:05||NIFTY27JAN2623900PE,0.2101605491173679
19-01-2026 15:05||NIFTY27JAN2625700CE,0.09515593958981106
19-01-2026 15:05||NIFTY27JAN2626000CE,0.09822533175420348
19-01-2026 15:05||NIFTY27JAN2626400CE,0.11706109764581209
19-01-2026 15:10||NIFTY27JAN2624100PE,0.19346668252148547
19-01-2026 15:10||NIFTY27JAN2624300PE,0.17659937598541287
19-01-2026 15:10||NIFTY27JAN2624800PE,0.13835436639857127
19-01-2026 15:10||NIFTY27JAN2625800CE,0.09639759572714662
19-01-2026 15:10||NIFTY27JAN2626100CE,0.10281136967501382
19-01-2026 15:15||NIFTY27JAN2624200PE,0.18509459317836677
19-01-2026 15:15||NIFTY27JAN2624400PE,0.16930864569534965
19-01-2026 15:15||NIFTY27JAN2624500PE,0.1617513682459068
19-01-2026 15:15||NIFTY27JAN2624600PE,0.1541665942705435
19-01-2026 15:15||NIFTY27JAN2624700PE,0.14667491997628845
19-01-2026 15:15||NIFTY27JAN2625300CE,0.08400492564742122
19-01-2026 15:15||NIFTY27JAN2625400CE,0.08792495949975726
19-01-2026 15:15||NIFTY27JAN2626200CE,0.10587960700269868
19-01-2026 15:20||NIFTY27JAN2624500PE,0.15728836690632034
19-01-2026 15:20||NIFTY27JAN2625200CE,0.09684446754852084
19-01-2026 15:20||NIFTY27JAN2625800CE,0.09629295051785348
19-01-2026 15:20||NIFTY27JAN2626400CE,0.12072923884291487
19-01-2026 15:20||NIFTY27JAN2626500CE,0.1270706864707842
19-01-2026 15:25||NIFTY27JAN2624300PE,0.17370669079177112
19-01-2026 15:25||NIFTY27JAN2624400PE,0.1656259435172414
19-01-2026 15:25||NIFTY27JAN2624700PE,0.1432884518881143
19-01-2026 15:25||NIFTY27JAN2625800CE,0.09501565441559474
19-01-2026 15:25||NIFTY27JAN2626300CE,0.11431005553302771
20-01-2026 09:15||NIFTY27JAN2623900PE,0.20834029703840096
20-01-2026 09:15||NIFTY27JAN2624000PE,0.19973212857240769
20-01-2026 09:15||NIFTY27JAN2624100PE,0.1912036539720658
20-01-2026 09:15||NIFTY27JAN2624400PE,0.16685319923785372
20-01-2026 09:15||NIFTY27JAN2624600PE,0.15153987387513396
20-01-2026 09:15||NIFTY27JAN2625200CE,0.10832266560200338
20-01-2026 09:15||NIFTY27JAN2625500CE,0.10421819699516625
20-01-2026 09:15||NIFTY27JAN2626200CE,0.11492180412154773
20-01-2026 09:15||NIFTY27JAN2626300CE,0.12138132811938446
20-01-2026 09:15||NIFTY27JAN2626400CE,0.1270774499055948
20-01-2026 09:20||NIFTY27JAN2623800PE,0.21479746592993362
20-01-2026 09:20||NIFTY27JAN2624000PE,0.19791925338284094
20-01-2026 09:20||NIFTY27JAN2624700PE,0.14587382309189495
20-01-2026 09:20||NIFTY27JAN2625200CE,0.08603450313602623
20-01-2026 09:20||NIFTY27JAN2625400CE,0.09066149989942897
20-01-2026 09:20||NIFTY27JAN2625500CE,0.09182189581866047
20-01-2026 09:20||NIFTY27JAN2625800CE,0.09701518968448478
20-01-2026 09:20||NIFTY27JAN2626300CE,0.11951501298575744
20-01-2026 09:20||NIFTY27JAN2626500CE,0.13273600555821538
20-01-2026 09:25||NIFTY27JAN2623900PE,0.20346814609409947
20-01-2026 09:25||NIFTY27JAN2625000PE,0.12534268997517314
20-01-2026 09:25||NIFTY27JAN2625400CE,0.10562388045317969
20-01-2026 09:30||NIFTY27JAN2623900PE,0.20269199258976694
20-01-2026 09:30||NIFTY27JAN2624400PE,0.16050321292610936
20-01-2026 09:30||NIFTY27JAN2624800PE,0.13223259209875665
20-01-2026 09:30||NIFTY27JAN2625700CE,0.10778365982571013
20-01-2026 09:30||NIFTY27JAN2626100CE,0.11757825955785461
20-01-2026 09:30||NIFTY27JAN2626300CE,0.12888083692433014
20-01-2026 09:35||NIFTY27JAN2624500PE,0.15352801474565994
20-01-2026 09:35||NIFTY27JAN2625200CE,0.10747913129143798
20-01-2026 09:35||NIFTY27JAN2625700CE,0.10626421520584428
20-01-2026 09:35||NIFTY27JAN2625800CE,0.10721975078358884
20-01-2026 09:35||NIFTY27JAN2626200CE,0.12314961621753362
20-01-2026 09:40||NIFTY27JAN2623800PE,0.2140829808865426
20-01-2026 09:40||NIFTY27JAN2624100PE,0.18680244461495776
20-01-2026 09:40||NIFTY27JAN2625000PE,0.12190068397649043
20-01-2026 09:40||NIFTY27JAN2625900CE,0.11380176001837333
20-01-2026 09:40||NIFTY27JAN2626100CE,0.12215299240548025
20-01-2026 09:40||NIFTY27JAN2626200CE,0.1273399825869342
20-01-2026 09:40||NIFTY27JAN2626400CE,0.1400225476164161
20-01-2026 09:45||NIFTY27JAN2624800PE,0.1333073035342288
20-01-2026 09:45||NIFTY27JAN2625500CE,0.11249606917305945
20-01-2026 09:45||NIFTY27JAN2626200CE,0.12698407897548292
20-01-2026 09:45||NIFTY27JAN2626300CE,0.13341159811665854
20-01-2026 09:50||NIFTY27JAN2624100PE,0.18878133750832196
20-01-2026 09:50||NIFTY27JAN2624800PE,0.1359569126485875
20-01-2026 09:50||NIFTY27JAN2625100PE,0.1233196685401243
20-01-2026 09:50||NIFTY27JAN2625200CE,0.10409767514939404
20-01-2026 09:55||NIFTY27JAN2623900PE,0.2042948644662734
20-01-2026 09:55||NIFTY27JAN2624100PE,0.18611425949644778
20-01-2026 09:55||NIFTY27JAN2625000PE,0.12285776961663017
20-01-2026 10:00||NIFTY27JAN2623900PE,0.2058363906551789
20-01-2026 10:00||NIFTY27JAN2624600PE,0.14584337956614474
20-01-2026 10:00||NIFTY27JAN2624700PE,0.13904339933491403
20-01-2026 10:00||NIFTY27JAN2625200CE,0.12097232464297901
20-01-2026 10:00||NIFTY27JAN2625400CE,0.11572722458792886
20-01-2026 10:00||NIFTY27JAN2625700CE,0.11114838174600834
20-01-2026 10:00||NIFTY27JAN2626000CE,0.11658523969298042
20-01-2026 10:00||NIFTY27JAN2626200CE,0.12640212009420732
20-01-2026 10:05||NIFTY27JAN2626100CE,0.12136345580672132
20-01-2026 10:05||NIFTY27JAN2626200CE,0.12629613289501657
20-01-2026 10:05||NIFTY27JAN2626500CE,0.1448566536502737
20-01-2026 10:10||NIFTY27JAN2624900PE,0.1303791397180892
20-01-2026 10:10||NIFTY27JAN2625100PE,0.12125528724302492
20-01-2026 10:10||NIFTY27JAN2626500CE,0.14276180189555585
20-01-2026 10:15||NIFTY27JAN2624000PE,0.19479765724293147
20-01-2026 10:15||NIFTY27JAN2625800CE,0.11183005312145931
20-01-2026 10:15||NIFTY27JAN2626300CE,0.13130362306285817
20-01-2026 10:20||NIFTY27JAN2624100PE,0.1879554314862904
20-01-2026 10:20||NIFTY27JAN2625700CE,0.1059020264640304
20-01-2026 10:20||NIFTY27JAN2626000CE,0.11218458512763854
20-01-2026 10:25||NIFTY27JAN2623800PE,0.21426383392365989
20-01-2026 10:25||NIFTY27JAN2624700PE,0.13963080765968292
20-01-2026 10:25||NIFTY27JAN2625000PE,0.12382999532758351
20-01-2026 10:25||NIFTY27JAN2625800CE,0.10579560041884374
20-01-2026 10:25||NIFTY27JAN2626200CE,0.1207878921766986
20-01-2026 10:25||NIFTY27JAN2626400CE,0.13358503760513715
20-01-2026 10:30||NIFTY27JAN2623900PE,0.20578249127826567
20-01-2026 10:30||NIFTY27JAN2624000PE,0.19677642424248437
20-01-2026 10:30||NIFTY27JAN2624300PE,0.1707480599434559
20-01-2026 10:30||NIFTY27JAN2624600PE,0.1460024506713117
20-01-2026 10:30||NIFTY27JAN2625500CE,0.10819959624409517
20-01-2026 10:30||NIFTY27JAN2625700CE,0.10747296108528191
20-01-2026 10:30||NIFTY27JAN2625800CE,0.10834515206828718
20-01-2026 10:35||NIFTY27JAN2624300PE,0.16928791147369537
20-01-2026 10:35||NIFTY27JAN2624700PE,0.1368795095798968
20-01-2026 10:35||NIFTY27JAN2625200CE,0.1286626607049738
20-01-2026 10:35||NIFTY27JAN2625400CE,0.12022945115511693
20-01-2026 10:35||NIFTY27JAN2625900CE,0.11258714252770292
20-01-2026 10:40||NIFTY27JAN2624000PE,0.19766291012179557
20-01-2026 10:40||NIFTY27JAN2624300PE,0.17152782730382207
20-01-2026 10:40||NIFTY27JAN2625800CE,0.10540404527945338
20-01-2026 10:40||NIFTY27JAN2626000CE,0.1105506581654681
20-01-2026 10:45||NIFTY27JAN2624900PE,0.12688781016689826
20-01-2026 10:45||NIFTY27JAN2625900CE,0.10915483409287374
20-01-2026 10:45||NIFTY27JAN2626200CE,0.12102180026434395
20-01-2026 10:45||NIFTY27JAN2626400CE,0.133187673671235
20-01-2026 10:50||NIFTY27JAN2623800PE,0.21520097510842368
20-01-2026 10:50||NIFTY27JAN2624100PE,0.18935678469948464
20-01-2026 10:50||NIFTY27JAN2625300CE,0.10540174917456584
20-01-2026 10:50||NIFTY27JAN2626200CE,0.1208521733641562
20-01-2026 10:55||NIFTY27JAN2624200PE,0.17924385393759282
20-01-2026 10:55||NIFTY27JAN2624500PE,0.15394754213198691
20-01-2026 10:55||NIFTY27JAN2624600PE,0.14689097679546712
20-01-2026 10:55||NIFTY27JAN2624700PE,0.13997374746476215
20-01-2026 10:55||NIFTY27JAN2624800PE,0.13312425860081895
20-01-2026 10:55||NIFTY27JAN2625300CE,0.10917305837884439
20-01-2026 10:55||NIFTY27JAN2625400CE,0.1079325445667009
20-01-2026 10:55||NIFTY27JAN2625900CE,0.10977913137114631
20-01-2026 10:55||NIFTY27JAN2626400CE,0.13474021765318192
20-01-2026 11:00||NIFTY27JAN2623800PE,0.21449693299628714
20-01-2026 11:00||NIFTY27JAN2624000PE,0.19640185589971482
20-01-2026 11:00||NIFTY27JAN2624400PE,0.16084476838240253
20-01-2026 11:00||NIFTY27JAN2625300CE,0.1079265193751265
20-01-2026 11:05||NIFTY27JAN2623800PE,0.2144519840321326
20-01-2026 11:05||NIFTY27JAN2624400PE,0.16035838966925775
20-01-2026 11:05||NIFTY27JAN2624500PE,0.15168013895039315
20-01-2026 11:05||NIFTY27JAN2625400CE,0.10773981125886037
20-01-2026 11:05||NIFTY27JAN2625500CE,0.10639444796870232
20-01-2026 11:05||NIFTY27JAN2625800CE,0.10677667960981285
20-01-2026 11:05||NIFTY27JAN2626300CE,0.1293955540114273
20-01-2026 11:10||NIFTY27JAN2624500PE,0.15044464730455143
20-01-2026 11:10||NIFTY27JAN2624900PE,0.12553432893036992
20-01-2026 11:10||NIFTY27JAN2625200CE,0.1130334409551106
20-01-2026 11:10||NIFTY27JAN2625600CE,0.10632123097912892
20-01-2026 11:15||NIFTY27JAN2623800PE,0.21099139396395336
20-01-2026 11:15||NIFTY27JAN2624300PE,0.16644742163713214
20-01-2026 11:15||NIFTY27JAN2624700PE,0.13499649995017213
20-01-2026 11:15||NIFTY27JAN2625000PE,0.11934562741023151
20-01-2026 11:15||NIFTY27JAN2625300CE,0.11518895563802431
20-01-2026 11:15||NIFTY27JAN2625600CE,0.1076824468344468
20-01-2026 11:20||NIFTY27JAN2624500PE,0.14922923633920535
20-01-2026 11:20||NIFTY27JAN2625700CE,0.10773304659017563
20-01-2026 11:20||NIFTY27JAN2626200CE,0.1241973118607165
20-01-2026 11:25||NIFTY27JAN2624000PE,0.19290466757008773
20-01-2026 11:25||NIFTY27JAN2624300PE,0.1655007551145119
20-01-2026 11:25||NIFTY27JAN2624900PE,0.12193021466587203
20-01-2026 11:25||NIFTY27JAN2625200CE,0.12340940528481999
20-01-2026 11:25||NIFTY27JAN2625300CE,0.11999134372855579
20-01-2026 11:25||NIFTY27JAN2625700CE,0.10983386303216935
20-01-2026 11:25||NIFTY27JAN2626100CE,0.11952955919745949
20-01-2026 11:30||NIFTY27JAN2623900PE,0.20396745078561515
20-01-2026 11:30||NIFTY27JAN2624200PE,0.17666432484639252
20-01-2026 11:30||NIFTY27JAN2624900PE,0.12447108297394444
20-01-2026 11:30||NIFTY27JAN2625200CE,0.11420522993026802
20-01-2026 11:30||NIFTY27JAN2625700CE,0.10704683721254508
20-01-2026 11:30||NIFTY27JAN2625800CE,0.10799368070883587
20-01-2026 11:30||NIFTY27JAN2626000CE,0.11307792859997186
20-01-2026 11:35||NIFTY27JAN2623800PE,0.21277466222373428
20-01-2026 11:35||NIFTY27JAN2625900CE,0.10881265942401461
20-01-2026 11:35||NIFTY27JAN2626300CE,0.12859824985523668
20-01-2026 11:35||NIFTY27JAN2626500CE,0.14194962216517343
20-01-2026 11:40||NIFTY27JAN2623800PE,0.211845629620731
20-01-2026 11:40||NIFTY27JAN2624000PE,0.1938862069675765
20-01-2026 11:40||NIFTY27JAN2624100PE,0.18492963822898845
20-01-2026 11:40||NIFTY27JAN2624700PE,0.13459603095691272
20-01-2026 11:40||NIFTY27JAN2624800PE,0.12826169233202817
20-01-2026 11:40||NIFTY27JAN2625100PE,0.11257454283642429
20-01-2026 11:40||NIFTY27JAN2625300CE,0.11624054713782332
20-01-2026 11:45||NIFTY27JAN2623900PE,0.20368374976264259
20-01-2026 11:45||NIFTY27JAN2624500PE,0.14966860994399422
20-01-2026 11:45||NIFTY27JAN2625600CE,0.10741417464238208
20-01-2026 11:45||NIFTY27JAN2625800CE,0.10840848954560059
20-01-2026 11:45||NIFTY27JAN2625900CE,0.11110131588226584
20-01-2026 11:45||NIFTY27JAN2626000CE,0.11395382425710514
20-01-2026 11:50||NIFTY27JAN2624200PE,0.17709047337253045
20-01-2026 11:50||NIFTY27JAN2624600PE,0.1426696994357489
20-01-2026 11:50||NIFTY27JAN2624700PE,0.13514623023306377
20-01-2026 11:50||NIFTY27JAN2624900PE,0.12237246308035754
20-01-2026 11:50||NIFTY27JAN2625400CE,0.11099569695513457
20-01-2026 11:50||NIFTY27JAN2625700CE,0.105310902776582
20-01-2026 11:50||NIFTY27JAN2626300CE,0.1284050179374079
20-01-2026 11:55||NIFTY27JAN2623800PE,0.21758441993132277
20-01-2026 11:55||NIFTY27JAN2623900PE,0.2078560016030405
20-01-2026 11:55||NIFTY27JAN2624000PE,0.19818122463622334
20-01-2026 11:55||NIFTY27JAN2624100PE,0.1885240164969827
20-01-2026 11:55||NIFTY27JAN2625800CE,0.10347733946435234
20-01-2026 11:55||NIFTY27JAN2625900CE,0.10635870599561024
20-01-2026 12:00||NIFTY27JAN2623800PE,0.21323436068227153
20-01-2026 12:00||NIFTY27JAN2624400PE,0.16014392079012849
20-01-2026 12:00||NIFTY27JAN2624600PE,0.1443618838929848
20-01-2026 12:00||NIFTY27JAN2624700PE,0.13721284091977298
20-01-2026 12:00||NIFTY27JAN2625800CE,0.10341897422790244
20-01-2026 12:00||NIFTY27JAN2625900CE,0.10639678176522442
20-01-2026 12:05||NIFTY27JAN2624700PE,0.1362536386980999
20-01-2026 12:05||NIFTY27JAN2624900PE,0.12541492179801908
20-01-2026 12:05||NIFTY27JAN2625800CE,0.1030387913165527
20-01-2026 12:10||NIFTY27JAN2624200PE,0.1752705691415066
20-01-2026 12:10||NIFTY27JAN2624500PE,0.15025126389477222
20-01-2026 12:10||NIFTY27JAN2624600PE,0.14350666646167548
20-01-2026 12:10||NIFTY27JAN2624700PE,0.13686955229159845
20-01-2026 12:10||NIFTY27JAN2624800PE,0.13028077114015302
20-01-2026 12:10||NIFTY27JAN2624900PE,0.12374580705097427
20-01-2026 12:15||NIFTY27JAN2624300PE,0.1669283358047309
20-01-2026 12:15||NIFTY27JAN2624500PE,0.1495818407030676
20-01-2026 12:15||NIFTY27JAN2625000PE,0.11786077311040134
20-01-2026 12:15||NIFTY27JAN2625100PE,0.11252908899426196
20-01-2026 12:15||NIFTY27JAN2625400CE,0.10464186799168157
20-01-2026 12:15||NIFTY27JAN2626400CE,0.13936796319897804
20-01-2026 12:20||NIFTY27JAN2623900PE,0.20380220672192115
20-01-2026 12:20||NIFTY27JAN2624000PE,0.19433115225290143
20-01-2026 12:20||NIFTY27JAN2624100PE,0.18481502067631805
20-01-2026 12:20||NIFTY27JAN2625200CE,0.10680311506147686
20-01-2026 12:20||NIFTY27JAN2625300CE,0.10556713112967962
20-01-2026 12:20||NIFTY27JAN2625700CE,0.10510589576617295
20-01-2026 12:20||NIFTY27JAN2625800CE,0.10774494804329543
20-01-2026 12:20||NIFTY27JAN2625900CE,0.11034065913384494
20-01-2026 12:25||NIFTY27JAN2623800PE,0.20966538184809885
20-01-2026 12:25||NIFTY27JAN2625000PE,0.1141729965962397
20-01-2026 12:25||NIFTY27JAN2625100PE,0.1084052099811694
20-01-2026 12:25||NIFTY27JAN2625700CE,0.10776341295951447
20-01-2026 12:25||NIFTY27JAN2626000CE,0.11544745634203406
20-01-2026 12:30||NIFTY27JAN2623800PE,0.21339605183156193
20-01-2026 12:30||NIFTY27JAN2623900PE,0.20356935710495624
20-01-2026 12:30||NIFTY27JAN2624900PE,0.12146435348054406
20-01-2026 12:30||NIFTY27JAN2625000PE,0.11530311889744652
20-01-2026 12:30||NIFTY27JAN2625100PE,0.10899920943553655
20-01-2026 12:30||NIFTY27JAN2625300CE,0.1080501841761224
20-01-2026 12:30||NIFTY27JAN2626000CE,0.11399713842807747
20-01-2026 12:35||NIFTY27JAN2623800PE,0.20967189605652187
20-01-2026 12:35||NIFTY27JAN2624200PE,0.17433912044438413
20-01-2026 12:35||NIFTY27JAN2625000PE,0.11718668306515473
20-01-2026 12:35||NIFTY27JAN2625200CE,0.11338376733857428
20-01-2026 12:35||NIFTY27JAN2625500CE,0.10752255270394288
20-01-2026 12:35||NIFTY27JAN2625700CE,0.10742553674940099
20-01-2026 12:35||NIFTY27JAN2625800CE,0.10888955836030485
20-01-2026 12:35||NIFTY27JAN2626200CE,0.12788138297110485
20-01-2026 12:35||NIFTY27JAN2626300CE,0.1352191888086947
20-01-2026 12:40||NIFTY27JAN2623800PE,0.20993689973514512
20-01-2026 12:40||NIFTY27JAN2624000PE,0.1924584573591001
20-01-2026 12:40||NIFTY27JAN2624300PE,0.1655301928509995
20-01-2026 12:40||NIFTY27JAN2624600PE,0.14153769862515655
20-01-2026 12:40||NIFTY27JAN2624700PE,0.13475084303278342
20-01-2026 12:40||NIFTY27JAN2625400CE,0.10578118842342721
20-01-2026 12:40||NIFTY27JAN2626100CE,0.12137305644758842
20-01-2026 12:45||NIFTY27JAN2623800PE,0.20847510943085457
20-01-2026 12:45||NIFTY27JAN2624300PE,0.16453353559387845
20-01-2026 12:45||NIFTY27JAN2624400PE,0.15577034717893753
20-01-2026 12:45||NIFTY27JAN2625100PE,0.112514070900752
20-01-2026 12:50||NIFTY27JAN2624200PE,0.17460948369193133
20-01-2026 12:50||NIFTY27JAN2625600CE,0.10639946870503023
20-01-2026 12:50||NIFTY27JAN2626000CE,0.11526527684173275
20-01-2026 12:50||NIFTY27JAN2626200CE,0.1266402183400612
20-01-2026 12:55||NIFTY27JAN2624900PE,0.1217175179801615
20-01-2026 12:55||NIFTY27JAN2625400CE,0.10938841789272437
20-01-2026 13:00||NIFTY27JAN2623900PE,0.20308821607993732
20-01-2026 13:00||NIFTY27JAN2624200PE,0.17586845318613392
20-01-2026 13:00||NIFTY27JAN2625100PE,0.11299161573295147
20-01-2026 13:00||NIFTY27JAN2625800CE,0.10823366039208317
20-01-2026 13:00||NIFTY27JAN2625900CE,0.11135634238550811
20-01-2026 13:00||NIFTY27JAN2626400CE,0.14125923016755923
20-01-2026 13:05||NIFTY27JAN2624200PE,0.1756866181242531
20-01-2026 13:05||NIFTY27JAN2624900PE,0.12247328309494522
20-01-2026 13:05||NIFTY27JAN2625300CE,0.10912516960987063
20-01-2026 13:05||NIFTY27JAN2625400CE,0.10723377944790287
20-01-2026 13:05||NIFTY27JAN2625600CE,0.10501693383578328
20-01-2026 13:05||NIFTY27JAN2626500CE,0.14840517585521065
20-01-2026 13:10||NIFTY27JAN2624000PE,0.19366368899355071
20-01-2026 13:10||NIFTY27JAN2624400PE,0.15780030043092752
20-01-2026 13:10||NIFTY27JAN2624700PE,0.13471181600723678
20-01-2026 13:10||NIFTY27JAN2625000PE,0.11817896056371077
20-01-2026 13:10||NIFTY27JAN2626000CE,0.11438823155337824
20-01-2026 13:10||NIFTY27JAN2626400CE,0.14146522244585605
20-01-2026 13:15||NIFTY27JAN2623900PE,0.2024851927275296
20-01-2026 13:15||NIFTY27JAN2624600PE,0.14059889460946076
20-01-2026 13:15||NIFTY27JAN2624900PE,0.12169626541055734
20-01-2026 13:15||NIFTY27JAN2625000PE,0.11678406126640718
20-01-2026 13:15||NIFTY27JAN2625200CE,0.11598652507132565
20-01-2026 13:15||NIFTY27JAN2626000CE,0.11639330771177694
20-01-2026 13:15||NIFTY27JAN2626200CE,0.12808558436559622
20-01-2026 13:20||NIFTY27JAN2624200PE,0.17648887804688862
20-01-2026 13:20||NIFTY27JAN2624600PE,0.143212396980894
20-01-2026 13:20||NIFTY27JAN2625000PE,0.11968413360910149
20-01-2026 13:20||NIFTY27JAN2625700CE,0.10464485506925987
20-01-2026 13:20||NIFTY27JAN2626100CE,0.11974360600262897
20-01-2026 13:20||NIFTY27JAN2626200CE,0.1257330742151122
20-01-2026 13:25||NIFTY27JAN2623800PE,0.21087052787654118
20-01-2026 13:25||NIFTY27JAN2624100PE,0.18469085534562021
20-01-2026 13:25||NIFTY27JAN2624700PE,0.13428432530896225
20-01-2026 13:25||NIFTY27JAN2625000PE,0.11803504181668201
20-01-2026 13:25||NIFTY27JAN2625800CE,0.108026195458948
20-01-2026 13:30||NIFTY27JAN2624100PE,0.18480909991841918
20-01-2026 13:30||NIFTY27JAN2624700PE,0.13487512257444717
20-01-2026 13:30||NIFTY27JAN2624900PE,0.12387242718511836
20-01-2026 13:30||NIFTY27JAN2626000CE,0.11483348916754792
20-01-2026 13:35||NIFTY27JAN2625100PE,0.11702955592829285
20-01-2026 13:35||NIFTY27JAN2625800CE,0.10908465462414285
20-01-2026 13:40||NIFTY27JAN2623800PE,0.20923424195668397
20-01-2026 13:40||NIFTY27JAN2624600PE,0.13994614878832312
20-01-2026 13:40||NIFTY27JAN2625000PE,0.11666995639632431
20-01-2026 13:45||NIFTY27JAN2624000PE,0.19364510557297107
20-01-2026 13:45||NIFTY27JAN2624400PE,0.15745690712126217
20-01-2026 13:45||NIFTY27JAN2624600PE,0.14229197308887095
20-01-2026 13:50||NIFTY27JAN2624000PE,0.19315092284394697
20-01-2026 13:50||NIFTY27JAN2624100PE,0.18403431465166104
20-01-2026 13:50||NIFTY27JAN2624200PE,0.17500265903219003
20-01-2026 13:50||NIFTY27JAN2624300PE,0.16596065106219568
20-01-2026 13:50||NIFTY27JAN2624500PE,0.14858866577097243
20-01-2026 13:50||NIFTY27JAN2625200CE,0.1177430767499863
20-01-2026 13:50||NIFTY27JAN2625400CE,0.11247688428468167
20-01-2026 13:50||NIFTY27JAN2626000CE,0.12129819654092491
20-01-2026 13:50||NIFTY27JAN2626100CE,0.12705304827822905
20-01-2026 13:55||NIFTY27JAN2624400PE,0.15718504948196144
20-01-2026 13:55||NIFTY27JAN2625200CE,0.11855391690516587
20-01-2026 13:55||NIFTY27JAN2625400CE,0.11272082400911893
20-01-2026 13:55||NIFTY27JAN2625600CE,0.10965132206389634
20-01-2026 14:00||NIFTY27JAN2624100PE,0.18609218006040704
20-01-2026 14:00||NIFTY27JAN2624200PE,0.17643445213512313
20-01-2026 14:00||NIFTY27JAN2624800PE,0.12906719884397738
20-01-2026 14:00||NIFTY27JAN2624900PE,0.1232887524236455
20-01-2026 14:00||NIFTY27JAN2625000PE,0.11755758002515176
20-01-2026 14:00||NIFTY27JAN2625100PE,0.11183530838267762
20-01-2026 14:00||NIFTY27JAN2625200CE,0.1151501144457016
20-01-2026 14:00||NIFTY27JAN2626100CE,0.1261696698814371
20-01-2026 14:05||NIFTY27JAN2623800PE,0.21226307055065788
20-01-2026 14:05||NIFTY27JAN2625100PE,0.11535711585016106
20-01-2026 14:05||NIFTY27JAN2625200CE,0.11415946278585666
20-01-2026 14:05||NIFTY27JAN2626100CE,0.1276040233988576
20-01-2026 14:05||NIFTY27JAN2626400CE,0.14962457280963704
20-01-2026 14:10||NIFTY27JAN2624000PE,0.19411963300439714
20-01-2026 14:10||NIFTY27JAN2624200PE,0.1761828536665354
20-01-2026 14:10||NIFTY27JAN2624500PE,0.15036539785832456
20-01-2026 14:10||NIFTY27JAN2624900PE,0.12428689732172757
20-01-2026 14:10||NIFTY27JAN2625000PE,0.11937892899108417
20-01-2026 14:10||NIFTY27JAN2625500CE,0.11094725158746395
20-01-2026 14:10||NIFTY27JAN2625700CE,0.11162891858333983
20-01-2026 14:10||NIFTY27JAN2626100CE,0.1297375367766816
20-01-2026 14:10||NIFTY27JAN2626200CE,0.13662811060123206
20-01-2026 14:10||NIFTY27JAN2626300CE,0.1435594848143237
20-01-2026 14:15||NIFTY27JAN2623800PE,0.21119475145935493
20-01-2026 14:15||NIFTY27JAN2624100PE,0.1842148947223379
20-01-2026 14:15||NIFTY27JAN2624500PE,0.15108542862789268
20-01-2026 14:15||NIFTY27JAN2624600PE,0.14384520788613137
20-01-2026 14:15||NIFTY27JAN2624900PE,0.12527396301256036
20-01-2026 14:15||NIFTY27JAN2625200CE,0.1122955247111202
20-01-2026 14:15||NIFTY27JAN2625400CE,0.10905811086613151
20-01-2026 14:15||NIFTY27JAN2626000CE,0.12096434507967006
20-01-2026 14:15||NIFTY27JAN2626300CE,0.14065687493871848
20-01-2026 14:15||NIFTY27JAN2626500CE,0.1558705125998342
20-01-2026 14:20||NIFTY27JAN2625400CE,0.11507464714866525
20-01-2026 14:20||NIFTY27JAN2625700CE,0.11295121292493812
20-01-2026 14:20||NIFTY27JAN2626500CE,0.1567846976563964
20-01-2026 14:25||NIFTY27JAN2624100PE,0.18602925141035778
20-01-2026 14:25||NIFTY27JAN2624600PE,0.14258807275166432
20-01-2026 14:25||NIFTY27JAN2625400CE,0.11354842211661842
20-01-2026 14:25||NIFTY27JAN2625900CE,0.11673328473788744
20-01-2026 14:30||NIFTY27JAN2624000PE,0.19545922085567874
20-01-2026 14:30||NIFTY27JAN2624600PE,0.14531154264655224
20-01-2026 14:30||NIFTY27JAN2625400CE,0.10758611395672378
20-01-2026 14:30||NIFTY27JAN2625500CE,0.10672125250765171
20-01-2026 14:30||NIFTY27JAN2625800CE,0.11032557018275228
20-01-2026 14:30||NIFTY27JAN2626000CE,0.11869369266892459
20-01-2026 14:30||NIFTY27JAN2626400CE,0.143598659108893
20-01-2026 14:30||NIFTY27JAN2626500CE,0.15036179291453727
20-01-2026 14:35||NIFTY27JAN2624600PE,0.14709381741757485
20-01-2026 14:35||NIFTY27JAN2624800PE,0.13406389280768072
20-01-2026 14:35||NIFTY27JAN2625600CE,0.1058449813500729
20-01-2026 14:35||NIFTY27JAN2626000CE,0.11830460854860352
20-01-2026 14:35||NIFTY27JAN2626300CE,0.13683117065059108
20-01-2026 14:40||NIFTY27JAN2623800PE,0.21563687328296227
20-01-2026 14:40||NIFTY27JAN2625200CE,0.11089338853865445
20-01-2026 14:40||NIFTY27JAN2625500CE,0.10634307324833897
20-01-2026 14:45||NIFTY27JAN2624600PE,0.14557956429559732
20-01-2026 14:45||NIFTY27JAN2625500CE,0.1089033052971146
20-01-2026 14:45||NIFTY27JAN2626000CE,0.12185612346521005
20-01-2026 14:45||NIFTY27JAN2626100CE,0.12767759328488318
20-01-2026 14:50||NIFTY27JAN2624000PE,0.1989729378842114
20-01-2026 14:50||NIFTY27JAN2624200PE,0.1801886037706716
20-01-2026 14:50||NIFTY27JAN2624900PE,0.12764747889074057
20-01-2026 14:50||NIFTY27JAN2625100PE,0.11806541528552134
20-01-2026 14:50||NIFTY27JAN2625500CE,0.10303999121076445
20-01-2026 14:50||NIFTY27JAN2625900CE,0.11398560230974455
20-01-2026 14:55||NIFTY27JAN2623900PE,0.2087052989015155
20-01-2026 14:55||NIFTY27JAN2624000PE,0.1990159265135255
20-01-2026 14:55||NIFTY27JAN2624100PE,0.18954111442279792
20-01-2026 14:55||NIFTY27JAN2626000CE,0.11909699844894213
20-01-2026 15:00||NIFTY27JAN2624800PE,0.12966332189095256
20-01-2026 15:00||NIFTY27JAN2625600CE,0.10685291807486978
20-01-2026 15:00||NIFTY27JAN2626100CE,0.1320795409029259
20-01-2026 15:00||NIFTY27JAN2626200CE,0.13921567672454474
20-01-2026 15:00||NIFTY27JAN2626400CE,0.15416823474409191
20-01-2026 15:05||NIFTY27JAN2623900PE,0.20625833722778109
20-01-2026 15:05||NIFTY27JAN2624300PE,0.1675567026241931
20-01-2026 15:05||NIFTY27JAN2625000PE,0.1258901199863199
20-01-2026 15:05||NIFTY27JAN2625200CE,0.09768632808263371
20-01-2026 15:05||NIFTY27JAN2626100CE,0.13088470354699588
20-01-2026 15:05||NIFTY27JAN2626200CE,0.1380919594828923
20-01-2026 15:10||NIFTY27JAN2624300PE,0.16627619851271835
20-01-2026 15:10||NIFTY27JAN2625100PE,0.12851640073737294
20-01-2026 15:10||NIFTY27JAN2625300CE,0.10130963743093337
20-01-2026 15:10||NIFTY27JAN2625400CE,0.10316015595184061
20-01-2026 15:10||NIFTY27JAN2625900CE,0.12428991827450832
20-01-2026 15:10||NIFTY27JAN2626100CE,0.13720754932834517
20-01-2026 15:15||NIFTY27JAN2624000PE,0.2035666921236748
20-01-2026 15:15||NIFTY27JAN2624200PE,0.1818936174720847
20-01-2026 15:15||NIFTY27JAN2624500PE,0.15546323531945988
20-01-2026 15:15||NIFTY27JAN2624800PE,0.13771524152087786
20-01-2026 15:15||NIFTY27JAN2625000PE,0.1284573820775227
20-01-2026 15:15||NIFTY27JAN2625100PE,0.12366869390551397
20-01-2026 15:15||NIFTY27JAN2625700CE,0.11662963820653045
20-01-2026 15:15||NIFTY27JAN2625900CE,0.12704325170527073
20-01-2026 15:15||NIFTY27JAN2626000CE,0.13324157276221552
20-01-2026 15:15||NIFTY27JAN2626200CE,0.1465742090325969
20-01-2026 15:20||NIFTY27JAN2623800PE,0.21861085195678823
20-01-2026 15:20||NIFTY27JAN2624200PE,0.17856510965969835
20-01-2026 15:20||NIFTY27JAN2624500PE,0.151004548279559
20-01-2026 15:20||NIFTY27JAN2625500CE,0.1183679077102697
20-01-2026 15:20||NIFTY27JAN2625700CE,0.12320614357054717
20-01-2026 15:20||NIFTY27JAN2626400CE,0.16443000725853557
20-01-2026 15:25||NIFTY27JAN2623800PE,0.22119279189657326
20-01-2026 15:25||NIFTY27JAN2625100PE,0.10986111723700417
20-01-2026 15:25||NIFTY27JAN2625200CE,0.1354155104582994
20-01-2026 15:25||NIFTY27JAN2625300CE,0.1332181597869771
20-01-2026 15:25||NIFTY27JAN2625900CE,0.13436842653301387
20-01-2026 15:25||NIFTY27JAN2626200CE,0.15085189868982052
21-01-2026 09:15||NIFTY27JAN2625200CE,0.15746867659736388
21-01-2026 09:15||NIFTY27JAN2625400CE,0.1457976802005691
21-01-2026 09:15||NIFTY27JAN2625900CE,0.14271418217617302
21-01-2026 09:15||NIFTY27JAN2626200CE,0.15877178049563714
21-01-2026 09:20||NIFTY27JAN2623900PE,0.21942717953060287
21-01-2026 09:20||NIFTY27JAN2624300PE,0.17861919604139975
21-01-2026 09:20||NIFTY27JAN2624400PE,0.16872104033232244
21-01-2026 09:25||NIFTY27JAN2624000PE,0.21828009053144906
21-01-2026 09:25||NIFTY27JAN2624300PE,0.18811472985179617
21-01-2026 09:25||NIFTY27JAN2624400PE,0.17829591551361576
21-01-2026 09:25||NIFTY27JAN2625100PE,0.12586054129508506
21-01-2026 09:25||NIFTY27JAN2625300CE,0.11206505510638269
21-01-2026 09:25||NIFTY27JAN2625600CE,0.11230134989857724
21-01-2026 09:25||NIFTY27JAN2625800CE,0.11951355175282961
21-01-2026 09:30||NIFTY27JAN2623800PE,0.23569021457883538
21-01-2026 09:30||NIFTY27JAN2623900PE,0.225119049135254
21-01-2026 09:30||NIFTY27JAN2624000PE,0.21467950719538556
21-01-2026 09:30||NIFTY27JAN2624400PE,0.17322366314505327
21-01-2026 09:30||NIFTY27JAN2625300CE,0.1302178226591722
21-01-2026 09:30||NIFTY27JAN2625700CE,0.1218631535949676
21-01-2026 09:35||NIFTY27JAN2623900PE,0.22805977284746598
21-01-2026 09:35||NIFTY27JAN2624200PE,0.19644236007262422
21-01-2026 09:35||NIFTY27JAN2625200CE,0.11037737698156802
21-01-2026 09:35||NIFTY27JAN2625300CE,0.10971687507987357
21-01-2026 09:35||NIFTY27JAN2625600CE,0.1117663736010484
21-01-2026 09:35||NIFTY27JAN2626200CE,0.14737691366656533
21-01-2026 09:40||NIFTY27JAN2624400PE,0.16852251513117866
21-01-2026 09:40||NIFTY27JAN2625100PE,0.10807746564395417
21-01-2026 09:40||NIFTY27JAN2625200CE,0.12777728517484988
21-01-2026 09:40||NIFTY27JAN2625900CE,0.13126033221702077
21-01-2026 09:40||NIFTY27JAN2626300CE,0.15989711162849413
21-01-2026 09:40||NIFTY27JAN2626400CE,0.16802039035054844
21-01-2026 09:45||NIFTY27JAN2623800PE,0.23014687769335296
21-01-2026 09:45||NIFTY27JAN2624100PE,0.19841615827593806
21-01-2026 09:45||NIFTY27JAN2624400PE,0.16799821588555067
21-01-2026 09:45||NIFTY27JAN2625200CE,0.12593340720677312
21-01-2026 09:45||NIFTY27JAN2625600CE,0.11922690863672537
21-01-2026 09:45||NIFTY27JAN2626000CE,0.13718890036019565
21-01-2026 09:45||NIFTY27JAN2626300CE,0.15970819876542813
21-01-2026 09:50||NIFTY27JAN2624700PE,0.13866850171247844
21-01-2026 09:50||NIFTY27JAN2624900PE,0.12342475355380592
21-01-2026 09:50||NIFTY27JAN2625400CE,0.11668920707014624
21-01-2026 09:50||NIFTY27JAN2625600CE,0.11726811693199479
21-01-2026 09:50||NIFTY27JAN2625800CE,0.12491175953335512
21-01-2026 09:55||NIFTY27JAN2624100PE,0.19504982732794762
21-01-2026 09:55||NIFTY27JAN2624200PE,0.18555208590843036
21-01-2026 09:55||NIFTY27JAN2624400PE,0.16668001957699696
21-01-2026 09:55||NIFTY27JAN2624800PE,0.1334779293320925
21-01-2026 09:55||NIFTY27JAN2625400CE,0.11182189466203418
21-01-2026 09:55||NIFTY27JAN2626000CE,0.13665108438727014
21-01-2026 09:55||NIFTY27JAN2626100CE,0.14468452818602445
21-01-2026 09:55||NIFTY27JAN2626200CE,0.15273617502819561
21-01-2026 09:55||NIFTY27JAN2626500CE,0.17813174838731366
21-01-2026 10:00||NIFTY27JAN2624000PE,0.20179343171330763
21-01-2026 10:00||NIFTY27JAN2625000PE,0.11535043203652032
21-01-2026 10:00||NIFTY27JAN2625300CE,0.1224353796313923
21-01-2026 10:00||NIFTY27JAN2625400CE,0.12059344498376225
21-01-2026 10:00||NIFTY27JAN2626500CE,0.18041195637331078
21-01-2026 10:05||NIFTY27JAN2625200CE,0.1173553032066172
21-01-2026 10:05||NIFTY27JAN2625600CE,0.11876250531777485
21-01-2026 10:05||NIFTY27JAN2625700CE,0.12276164967200845
21-01-2026 10:05||NIFTY27JAN2625800CE,0.12676490179804173
21-01-2026 10:10||NIFTY27JAN2624000PE,0.19788564864529798
21-01-2026 10:10||NIFTY27JAN2624400PE,0.15930140517475447
21-01-2026 10:10||NIFTY27JAN2625800CE,0.13003005499700818
21-01-2026 10:10||NIFTY27JAN2626100CE,0.1495018593514752
21-01-2026 10:15||NIFTY27JAN2624000PE,0.200041083978749
21-01-2026 10:15||NIFTY27JAN2624200PE,0.1800285583124394
21-01-2026 10:15||NIFTY27JAN2624500PE,0.15188650635411077
21-01-2026 10:15||NIFTY27JAN2624600PE,0.1432060143033591
21-01-2026 10:15||NIFTY27JAN2625500CE,0.11815807061196495
21-01-2026 10:15||NIFTY27JAN2626100CE,0.14854218928692636
21-01-2026 10:20||NIFTY27JAN2625700CE,0.12017039828492197
21-01-2026 10:25||NIFTY27JAN2624300PE,0.17008547762213225
21-01-2026 10:25||NIFTY27JAN2625000PE,0.11825199047464108
21-01-2026 10:25||NIFTY27JAN2625700CE,0.12750461054576678
21-01-2026 10:25||NIFTY27JAN2626200CE,0.16199877105393
21-01-2026 10:30||NIFTY27JAN2624200PE,0.17742877656525852
21-01-2026 10:30||NIFTY27JAN2624700PE,0.1345292818738972
21-01-2026 10:30||NIFTY27JAN2624800PE,0.12757149083488767
21-01-2026 10:30||NIFTY27JAN2625200CE,0.12115805304360364
21-01-2026 10:30||NIFTY27JAN2625900CE,0.14025419338846787
21-01-2026 10:30||NIFTY27JAN2626300CE,0.17099645977398434
21-01-2026 10:30||NIFTY27JAN2626400CE,0.17872651599814005
21-01-2026 10:35||NIFTY27JAN2624400PE,0.1590063524117126
21-01-2026 10:35||NIFTY27JAN2625100PE,0.11478327798942944
21-01-2026 10:35||NIFTY27JAN2625500CE,0.12059017980368789
21-01-2026 10:35||NIFTY27JAN2625600CE,0.12394620887660812
21-01-2026 10:35||NIFTY27JAN2625800CE,0.13391427462861658
21-01-2026 10:35||NIFTY27JAN2625900CE,0.14049998856773507
21-01-2026 10:40||NIFTY27JAN2624200PE,0.1832589797557643
21-01-2026 10:40||NIFTY27JAN2624800PE,0.14215071689740086
21-01-2026 10:40||NIFTY27JAN2625200CE,0.11045583911059194
21-01-2026 10:40||NIFTY27JAN2625400CE,0.11638901743902007
21-01-2026 10:40||NIFTY27JAN2626300CE,0.17519681333078377
21-01-2026 10:45||NIFTY27JAN2624700PE,0.1370449106844216
21-01-2026 10:45||NIFTY27JAN2624800PE,0.1309347418267057
21-01-2026 10:45||NIFTY27JAN2625700CE,0.14167288096790773
21-01-2026 10:45||NIFTY27JAN2626400CE,0.19114830924805695
21-01-2026 10:45||NIFTY27JAN2626500CE,0.19799603164425003
21-01-2026 10:50||NIFTY27JAN2624100PE,0.194654955346424
21-01-2026 10:50||NIFTY27JAN2624300PE,0.17793120139823132
21-01-2026 10:50||NIFTY27JAN2624400PE,0.17049183878895455
21-01-2026 10:50||NIFTY27JAN2624500PE,0.16301167974222727
21-01-2026 10:50||NIFTY27JAN2625400CE,0.12683411223530414
21-01-2026 10:50||NIFTY27JAN2625700CE,0.1414905094491134
21-01-2026 10:50||NIFTY27JAN2625900CE,0.1549767235606494
21-01-2026 10:50||NIFTY27JAN2626400CE,0.19418963295260439
21-01-2026 10:55||NIFTY27JAN2623900PE,0.21084469061495342
21-01-2026 10:55||NIFTY27JAN2624300PE,0.17192944765800944
21-01-2026 10:55||NIFTY27JAN2624800PE,0.13156879226781473
21-01-2026 10:55||NIFTY27JAN2625000PE,0.11710289771390933
21-01-2026 10:55||NIFTY27JAN2625100PE,0.11008110535250581
21-01-2026 10:55||NIFTY27JAN2625300CE,0.14117219833650832
21-01-2026 10:55||NIFTY27JAN2625900CE,0.16294647333639736
21-01-2026 10:55||NIFTY27JAN2626200CE,0.18411065202865412
21-01-2026 11:00||NIFTY27JAN2624000PE,0.20387995188914781
21-01-2026 11:00||NIFTY27JAN2624300PE,0.17489204721895688
21-01-2026 11:00||NIFTY27JAN2624600PE,0.15065065136230443
21-01-2026 11:00||NIFTY27JAN2624800PE,0.13774338375395612
21-01-2026 11:00||NIFTY27JAN2625100PE,0.12258019813804936
21-01-2026 11:00||NIFTY27JAN2625300CE,0.13483115043687213
21-01-2026 11:05||NIFTY27JAN2624000PE,0.19883306410640214
21-01-2026 11:05||NIFTY27JAN2624100PE,0.18854405439622446
21-01-2026 11:05||NIFTY27JAN2624400PE,0.16015532321081116
21-01-2026 11:05||NIFTY27JAN2625000PE,0.11783402929942989
21-01-2026 11:05||NIFTY27JAN2625200CE,0.13637671080270844
21-01-2026 11:10||NIFTY27JAN2624800PE,0.12564818764142172
21-01-2026 11:10||NIFTY27JAN2625200CE,0.1377153185109373
21-01-2026 11:10||NIFTY27JAN2625300CE,0.13888405153228978
21-01-2026 11:10||NIFTY27JAN2625500CE,0.14165739417467973
21-01-2026 11:10||NIFTY27JAN2625900CE,0.15769558436859515
21-01-2026 11:10||NIFTY27JAN2626100CE,0.1707639437376587
21-01-2026 11:15||NIFTY27JAN2624300PE,0.17159788653577984
21-01-2026 11:15||NIFTY27JAN2625100PE,0.10529957342585029
21-01-2026 11:15||NIFTY27JAN2625400CE,0.13931042154703113
21-01-2026 11:20||NIFTY27JAN2623900PE,0.21538333539838792
21-01-2026 11:20||NIFTY27JAN2625800CE,0.14395102598513146
21-01-2026 11:20||NIFTY27JAN2626000CE,0.15668635987563037
21-01-2026 11:20||NIFTY27JAN2626100CE,0.1637254164877012
21-01-2026 11:20||NIFTY27JAN2626400CE,0.18482444997805852
21-01-2026 11:20||NIFTY27JAN2626500CE,0.19180822570675296
21-01-2026 11:25||NIFTY27JAN2624600PE,0.15432857931588806
21-01-2026 11:25||NIFTY27JAN2624800PE,0.1397385621519057
21-01-2026 11:30||NIFTY27JAN2623900PE,0.21645059337542016
21-01-2026 11:30||NIFTY27JAN2624000PE,0.20678768988995844
21-01-2026 11:30||NIFTY27JAN2624100PE,0.1971328903881227
21-01-2026 11:30||NIFTY27JAN2624400PE,0.16922105677755878
21-01-2026 11:30||NIFTY27JAN2625400CE,0.13103385238472118
21-01-2026 11:30||NIFTY27JAN2625800CE,0.14502096169487516
21-01-2026 11:30||NIFTY27JAN2626000CE,0.15780974714796758
21-01-2026 11:30||NIFTY27JAN2626500CE,0.19486458147336858
21-01-2026 11:35||NIFTY27JAN2623900PE,0.21727710088554922
21-01-2026 11:35||NIFTY27JAN2624600PE,0.1531922448759963
21-01-2026 11:35||NIFTY27JAN2626100CE,0.16426615437529649
21-01-2026 11:35||NIFTY27JAN2626300CE,0.17916316851169076
21-01-2026 11:40||NIFTY27JAN2624800PE,0.13655456368733485
21-01-2026 11:40||NIFTY27JAN2625100PE,0.11780216816949264
21-01-2026 11:40||NIFTY27JAN2625200CE,0.13223803204167417
21-01-2026 11:40||NIFTY27JAN2625700CE,0.14000956997276012
21-01-2026 11:45||NIFTY27JAN2624600PE,0.15103429213153546
21-01-2026 11:45||NIFTY27JAN2625100PE,0.11594607846456437
21-01-2026 11:45||NIFTY27JAN2625200CE,0.1320007336573135
21-01-2026 11:45||NIFTY27JAN2625400CE,0.13210551541715962
21-01-2026 11:50||NIFTY27JAN2624000PE,0.20693464475947598
21-01-2026 11:50||NIFTY27JAN2624100PE,0.19698462259173752
21-01-2026 11:50||NIFTY27JAN2624300PE,0.1775642943378767
21-01-2026 11:55||NIFTY27JAN2624000PE,0.20715668460768516
21-01-2026 11:55||NIFTY27JAN2624600PE,0.15167833449526258
21-01-2026 11:55||NIFTY27JAN2624700PE,0.14407549887940543
21-01-2026 11:55||NIFTY27JAN2624900PE,0.12975993924652832
21-01-2026 12:00||NIFTY27JAN2624100PE,0.19466786626552451
21-01-2026 12:00||NIFTY27JAN2624200PE,0.18449106375360713
21-01-2026 12:00||NIFTY27JAN2624700PE,0.13754847541390186
21-01-2026 12:00||NIFTY27JAN2624800PE,0.12927035396641412
21-01-2026 12:00||NIFTY27JAN2625600CE,0.1358605382074228
21-01-2026 12:00||NIFTY27JAN2625900CE,0.1476600934437037
21-01-2026 12:05||NIFTY27JAN2623800PE,0.2278545066059193
21-01-2026 12:05||NIFTY27JAN2624100PE,0.19886140865747434
21-01-2026 12:05||NIFTY27JAN2625500CE,0.12617445064443336
21-01-2026 12:05||NIFTY27JAN2626200CE,0.16114766567137137
21-01-2026 12:10||NIFTY27JAN2624100PE,0.19397071924455148
21-01-2026 12:10||NIFTY27JAN2624200PE,0.18429907249693545
21-01-2026 12:10||NIFTY27JAN2625000PE,0.1153003354622278
21-01-2026 12:10||NIFTY27JAN2625900CE,0.14338849771286533
21-01-2026 12:10||NIFTY27JAN2626500CE,0.18397481669344753
21-01-2026 12:15||NIFTY27JAN2623800PE,0.225526431617516
21-01-2026 12:15||NIFTY27JAN2624200PE,0.18605856567781337
21-01-2026 12:15||NIFTY27JAN2625400CE,0.13335588628022463
21-01-2026 12:15||NIFTY27JAN2625700CE,0.1349649511111027
21-01-2026 12:20||NIFTY27JAN2624200PE,0.19111295292790395
21-01-2026 12:20||NIFTY27JAN2625000PE,0.1209183104634943
21-01-2026 12:20||NIFTY27JAN2625400CE,0.12846630946019427
21-01-2026 12:20||NIFTY27JAN2625600CE,0.1289288319045914
21-01-2026 12:20||NIFTY27JAN2625700CE,0.13155730231975182
21-01-2026 12:20||NIFTY27JAN2626300CE,0.16316858731957695
21-01-2026 12:25||NIFTY27JAN2624000PE,0.218846000144678
21-01-2026 12:25||NIFTY27JAN2624500PE,0.17292520959088528
21-01-2026 12:25||NIFTY27JAN2624600PE,0.16483008435353888
21-01-2026 12:25||NIFTY27JAN2624700PE,0.15680457325122046
21-01-2026 12:25||NIFTY27JAN2625700CE,0.12350128833374005
21-01-2026 12:25||NIFTY27JAN2626500CE,0.17624887682384865
21-01-2026 12:30||NIFTY27JAN2624100PE,0.20481882910618915
21-01-2026 12:30||NIFTY27JAN2624200PE,0.19475995574834498
21-01-2026 12:30||NIFTY27JAN2625300CE,0.1376607488717378
21-01-2026 12:30||NIFTY27JAN2625800CE,0.13527927194443679
21-01-2026 12:35||NIFTY27JAN2624000PE,0.2144303620216081
21-01-2026 12:35||NIFTY27JAN2624100PE,0.20477366944258
21-01-2026 12:35||NIFTY27JAN2625600CE,0.1319782119589919
21-01-2026 12:35||NIFTY27JAN2626400CE,0.16732741899973075
21-01-2026 12:40||NIFTY27JAN2624500PE,0.17474016813372026
21-01-2026 12:40||NIFTY27JAN2624700PE,0.15776063634048187
21-01-2026 12:40||NIFTY27JAN2624800PE,0.149534319053566
21-01-2026 12:40||NIFTY27JAN2625200CE,0.13499057477560075
21-01-2026 12:40||NIFTY27JAN2625400CE,0.12888774562197905
21-01-2026 12:40||NIFTY27JAN2625900CE,0.13317651186860052
21-01-2026 12:45||NIFTY27JAN2623800PE,0.24416125479357492
21-01-2026 12:45||NIFTY27JAN2624400PE,0.18707728815006158
21-01-2026 12:45||NIFTY27JAN2625300CE,0.14145117225026863
21-01-2026 12:45||NIFTY27JAN2625800CE,0.13102143747652634
21-01-2026 12:45||NIFTY27JAN2626200CE,0.14779612446102902
21-01-2026 12:50||NIFTY27JAN2623800PE,0.2473812941141171
21-01-2026 12:50||NIFTY27JAN2624100PE,0.2193904039242192
21-01-2026 12:50||NIFTY27JAN2625200CE,0.14901634785262075
21-01-2026 12:50||NIFTY27JAN2625500CE,0.133892327394239
21-01-2026 12:50||NIFTY27JAN2625600CE,0.13173656604901962
21-01-2026 12:55||NIFTY27JAN2625300CE,0.1360078992705987
21-01-2026 12:55||NIFTY27JAN2625400CE,0.1311676973421191
21-01-2026 12:55||NIFTY27JAN2625600CE,0.12695142239162222
21-01-2026 12:55||NIFTY27JAN2625700CE,0.12890679873711094
21-01-2026 12:55||NIFTY27JAN2625800CE,0.13050435769186552
21-01-2026 12:55||NIFTY27JAN2625900CE,0.13241788897387463
21-01-2026 12:55||NIFTY27JAN2626500CE,0.16465544407741936
21-01-2026 13:00||NIFTY27JAN2624600PE,0.17550706511362227
21-01-2026 13:00||NIFTY27JAN2624700PE,0.1666130698815518
21-01-2026 13:00||NIFTY27JAN2626100CE,0.1395610199133029
21-01-2026 13:05||NIFTY27JAN2623800PE,0.2514772663472731
21-01-2026 13:05||NIFTY27JAN2623900PE,0.24212604052943026
21-01-2026 13:05||NIFTY27JAN2624100PE,0.22362344919949348
21-01-2026 13:05||NIFTY27JAN2625600CE,0.11751294578160805
21-01-2026 13:05||NIFTY27JAN2626300CE,0.1502792167132248
21-01-2026 13:05||NIFTY27JAN2626400CE,0.15742103543855168
21-01-2026 13:10||NIFTY27JAN2625800CE,0.13002731185426514
21-01-2026 13:10||NIFTY27JAN2626200CE,0.14889849551133874
21-01-2026 13:15||NIFTY27JAN2624400PE,0.1890398334546419
21-01-2026 13:15||NIFTY27JAN2625400CE,0.12658279711463155
21-01-2026 13:15||NIFTY27JAN2625800CE,0.12703557194837703
21-01-2026 13:20||NIFTY27JAN2623800PE,0.24557559649807081
21-01-2026 13:20||NIFTY27JAN2623900PE,0.23661118381809323
21-01-2026 13:20||NIFTY27JAN2624600PE,0.1725787890806811
21-01-2026 13:20||NIFTY27JAN2624800PE,0.1560985135675823
21-01-2026 13:20||NIFTY27JAN2625400CE,0.12340003755411812
21-01-2026 13:20||NIFTY27JAN2626200CE,0.14784445791680584
21-01-2026 13:25||NIFTY27JAN2624200PE,0.2049519321671827
21-01-2026 13:25||NIFTY27JAN2624300PE,0.1952859673470441
21-01-2026 13:25||NIFTY27JAN2624900PE,0.14456429862787842
21-01-2026 13:25||NIFTY27JAN2625000PE,0.13767548349445433
21-01-2026 13:25||NIFTY27JAN2625200CE,0.13323048761602682
21-01-2026 13:25||NIFTY27JAN2625700CE,0.12649708861496048
21-01-2026 13:25||NIFTY27JAN2626000CE,0.13831394834764943
21-01-2026 13:25||NIFTY27JAN2626300CE,0.15723649597279402
21-01-2026 13:30||NIFTY27JAN2624000PE,0.2283315715372458
21-01-2026 13:30||NIFTY27JAN2624400PE,0.19083622204170478
21-01-2026 13:30||NIFTY27JAN2625200CE,0.11512521251555788
21-01-2026 13:30||NIFTY27JAN2625300CE,0.11505842252245455
21-01-2026 13:30||NIFTY27JAN2625800CE,0.12391591202775537
21-01-2026 13:30||NIFTY27JAN2626200CE,0.14820240635950177
21-01-2026 13:30||NIFTY27JAN2626300CE,0.1553531948052055
21-01-2026 13:35||NIFTY27JAN2623800PE,0.23750429263310052
21-01-2026 13:35||NIFTY27JAN2624000PE,0.21836549164442748
21-01-2026 13:35||NIFTY27JAN2624700PE,0.1542410250877003
21-01-2026 13:35||NIFTY27JAN2624800PE,0.14575514406039017
21-01-2026 13:35||NIFTY27JAN2625800CE,0.13457603177017693
21-01-2026 13:35||NIFTY27JAN2626300CE,0.1602721743284257
21-01-2026 13:40||NIFTY27JAN2624600PE,0.16731913041126067
21-01-2026 13:40||NIFTY27JAN2624800PE,0.1517103328325509
21-01-2026 13:40||NIFTY27JAN2625300CE,0.12991682542003524
21-01-2026 13:40||NIFTY27JAN2625800CE,0.13030444455409493
21-01-2026 13:40||NIFTY27JAN2626200CE,0.15156150687941164
21-01-2026 13:45||NIFTY27JAN2624800PE,0.15103814453995695
21-01-2026 13:45||NIFTY27JAN2625400CE,0.12590714243375292
21-01-2026 13:45||NIFTY27JAN2625900CE,0.1339381304691659
21-01-2026 13:50||NIFTY27JAN2625100PE,0.13448798908180754
21-01-2026 13:50||NIFTY27JAN2626100CE,0.14557987659167088
21-01-2026 13:55||NIFTY27JAN2624300PE,0.19283399491254338
21-01-2026 13:55||NIFTY27JAN2624400PE,0.1837577584265191
21-01-2026 13:55||NIFTY27JAN2625500CE,0.12263228005411397
21-01-2026 13:55||NIFTY27JAN2625700CE,0.12683783105497073
21-01-2026 14:00||NIFTY27JAN2623800PE,0.2335383758114914
21-01-2026 14:00||NIFTY27JAN2624200PE,0.19623267695504235
21-01-2026 14:00||NIFTY27JAN2624600PE,0.16080849313993906
21-01-2026 14:00||NIFTY27JAN2625000PE,0.13310768052026067
21-01-2026 14:00||NIFTY27JAN2625200CE,0.13084809640756204
21-01-2026 14:05||NIFTY27JAN2624500PE,0.16961007892884586
21-01-2026 14:05||NIFTY27JAN2625000PE,0.13578275396374037
21-01-2026 14:05||NIFTY27JAN2625400CE,0.1208204026767282
21-01-2026 14:05||NIFTY27JAN2626100CE,0.14614277832631278
21-01-2026 14:05||NIFTY27JAN2626500CE,0.17736907190117215
21-01-2026 14:10||NIFTY27JAN2624000PE,0.21164521649784854
21-01-2026 14:10||NIFTY27JAN2624100PE,0.2022529025771907
21-01-2026 14:10||NIFTY27JAN2624400PE,0.17508445211593293
21-01-2026 14:10||NIFTY27JAN2624500PE,0.16634162478846973
21-01-2026 14:10||NIFTY27JAN2625000PE,0.13220247465841442
21-01-2026 14:10||NIFTY27JAN2625200CE,0.12269443757759058
21-01-2026 14:10||NIFTY27JAN2626000CE,0.14105135185444873
21-01-2026 14:10||NIFTY27JAN2626400CE,0.17090600787338656
21-01-2026 14:10||NIFTY27JAN2626500CE,0.17892595379313447
21-01-2026 14:15||NIFTY27JAN2624700PE,0.14272411000031243
21-01-2026 14:15||NIFTY27JAN2625400CE,0.13098501285636432
21-01-2026 14:15||NIFTY27JAN2625800CE,0.13384966797013773
21-01-2026 14:15||NIFTY27JAN2626100CE,0.14856273838327907
21-01-2026 14:20||NIFTY27JAN2624000PE,0.21494048223880827
21-01-2026 14:20||NIFTY27JAN2624300PE,0.18713809871561068
21-01-2026 14:20||NIFTY27JAN2624700PE,0.15577476492217107
21-01-2026 14:20||NIFTY27JAN2625200CE,0.11253895659225034
21-01-2026 14:20||NIFTY27JAN2625600CE,0.1169205233743881
21-01-2026 14:20||NIFTY27JAN2626100CE,0.14268701378603488
21-01-2026 14:20||NIFTY27JAN2626500CE,0.17328205802069463
21-01-2026 14:25||NIFTY27JAN2623900PE,0.2208451411620102
21-01-2026 14:25||NIFTY27JAN2624800PE,0.14879127950185095
21-01-2026 14:25||NIFTY27JAN2624900PE,0.14319697358621244
21-01-2026 14:25||NIFTY27JAN2625100PE,0.13287109222867838
21-01-2026 14:25||NIFTY27JAN2626500CE,0.17815499824975087
21-01-2026 14:30||NIFTY27JAN2624500PE,0.15942424187915027
21-01-2026 14:30||NIFTY27JAN2624600PE,0.15075772937760218
21-01-2026 14:30||NIFTY27JAN2624800PE,0.13489277545205453
21-01-2026 14:30||NIFTY27JAN2625200CE,0.13107226259431062
21-01-2026 14:30||NIFTY27JAN2625300CE,0.13031799634573166
21-01-2026 14:30||NIFTY27JAN2626300CE,0.16361540765130916
21-01-2026 14:35||NIFTY27JAN2624200PE,0.1880444175495797
21-01-2026 14:35||NIFTY27JAN2624700PE,0.14534201115216466
21-01-2026 14:35||NIFTY27JAN2624800PE,0.13868172664086936
21-01-2026 14:35||NIFTY27JAN2625100PE,0.11933651653192043
21-01-2026 14:35||NIFTY27JAN2625200CE,0.1272656375095228
21-01-2026 14:35||NIFTY27JAN2625800CE,0.1320919859711264
21-01-2026 14:35||NIFTY27JAN2626100CE,0.14831303337764987
21-01-2026 14:40||NIFTY27JAN2624000PE,0.2083901767605679
21-01-2026 14:40||NIFTY27JAN2624200PE,0.18990608802624426
21-01-2026 14:40||NIFTY27JAN2624500PE,0.1645971563075973
21-01-2026 14:40||NIFTY27JAN2624600PE,0.1572920603565915
21-01-2026 14:40||NIFTY27JAN2624700PE,0.15001020310920607
21-01-2026 14:40||NIFTY27JAN2625100PE,0.12660243519354242
21-01-2026 14:40||NIFTY27JAN2625200CE,0.11933415979363009
21-01-2026 14:40||NIFTY27JAN2625400CE,0.11904235341791014
21-01-2026 14:40||NIFTY27JAN2625800CE,0.1288307216644825
21-01-2026 14:40||NIFTY27JAN2626200CE,0.15298525360273318
21-01-2026 14:45||NIFTY27JAN2624500PE,0.16174374508618333
21-01-2026 14:45||NIFTY27JAN2625400CE,0.12216195871822388
21-01-2026 14:45||NIFTY27JAN2625900CE,0.13494494377602134
21-01-2026 14:45||NIFTY27JAN2626100CE,0.1468248632133329
21-01-2026 14:50||NIFTY27JAN2623900PE,0.21424677906960793
21-01-2026 14:50||NIFTY27JAN2624900PE,0.1349799387747219
21-01-2026 14:50||NIFTY27JAN2625200CE,0.11658512755091649
21-01-2026 14:50||NIFTY27JAN2625300CE,0.11749038026961232
21-01-2026 14:50||NIFTY27JAN2625500CE,0.11939011312278772
21-01-2026 14:50||NIFTY27JAN2625800CE,0.12780519242518093
21-01-2026 14:50||NIFTY27JAN2626300CE,0.15947436728713552
21-01-2026 14:55||NIFTY27JAN2624200PE,0.18712192881103532
21-01-2026 14:55||NIFTY27JAN2625300CE,0.12020475346478406
21-01-2026 14:55||NIFTY27JAN2625700CE,0.1242159013715483
21-01-2026 14:55||NIFTY27JAN2626100CE,0.1454352311986072
21-01-2026 15:00||NIFTY27JAN2623900PE,0.21478402953909115
21-01-2026 15:00||NIFTY27JAN2624100PE,0.1947465507968507
21-01-2026 15:00||NIFTY27JAN2624500PE,0.1571513785766582
21-01-2026 15:00||NIFTY27JAN2624800PE,0.13416942702756451
21-01-2026 15:00||NIFTY27JAN2625000PE,0.12134626136573153
21-01-2026 15:00||NIFTY27JAN2625200CE,0.12872160713114347
21-01-2026 15:00||NIFTY27JAN2625300CE,0.1269795272875055
21-01-2026 15:00||NIFTY27JAN2625600CE,0.12471555346557082
21-01-2026 15:00||NIFTY27JAN2626400CE,0.16712701687438866
21-01-2026 15:05||NIFTY27JAN2624300PE,0.17890289977107543
21-01-2026 15:05||NIFTY27JAN2625100PE,0.12710661930770295
21-01-2026 15:05||NIFTY27JAN2626200CE,0.15009796264695466
21-01-2026 15:10||NIFTY27JAN2624300PE,0.17961626486834317
21-01-2026 15:10||NIFTY27JAN2624500PE,0.16329913877857213
21-01-2026 15:10||NIFTY27JAN2624600PE,0.15586613348729256
21-01-2026 15:10||NIFTY27JAN2625700CE,0.12135461350515553
21-01-2026 15:10||NIFTY27JAN2625800CE,0.1263655895095211
21-01-2026 15:10||NIFTY27JAN2625900CE,0.13114932420151915
21-01-2026 15:10||NIFTY27JAN2626500CE,0.1752370210689387
21-01-2026 15:15||NIFTY27JAN2624200PE,0.18673330120899614
21-01-2026 15:15||NIFTY27JAN2624300PE,0.17757568046570188
21-01-2026 15:15||NIFTY27JAN2624800PE,0.14009293948035767
21-01-2026 15:15||NIFTY27JAN2624900PE,0.1345456656361399
21-01-2026 15:15||NIFTY27JAN2625200CE,0.11637179329086966
21-01-2026 15:15||NIFTY27JAN2625300CE,0.1164149239115392
21-01-2026 15:15||NIFTY27JAN2625600CE,0.11974395232591667
21-01-2026 15:15||NIFTY27JAN2625700CE,0.12258015379716744
21-01-2026 15:15||NIFTY27JAN2625900CE,0.13119798856230028
21-01-2026 15:15||NIFTY27JAN2626200CE,0.15212343921908833
21-01-2026 15:20||NIFTY27JAN2623800PE,0.22303731043937622
21-01-2026 15:20||NIFTY27JAN2624800PE,0.14078289912088424
21-01-2026 15:20||NIFTY27JAN2625100PE,0.12663791956342593
21-01-2026 15:20||NIFTY27JAN2625400CE,0.11206780186830688
21-01-2026 15:20||NIFTY27JAN2625600CE,0.11550609776112734
21-01-2026 15:25||NIFTY27JAN2623800PE,0.22181767726193571
21-01-2026 15:25||NIFTY27JAN2624200PE,0.181881768538176
21-01-2026 15:25||NIFTY27JAN2624500PE,0.1542169514416949
21-01-2026 15:25||NIFTY27JAN2624800PE,0.13112601544893798
21-01-2026 15:25||NIFTY27JAN2625100PE,0.11442289703355364
21-01-2026 15:25||NIFTY27JAN2626200CE,0.15004097359014912
22-01-2026 09:15||NIFTY27JAN2623800PE,0.24600974743646414
22-01-2026 09:15||NIFTY27JAN2625100PE,0.1250576191258085
22-01-2026 09:15||NIFTY27JAN2625300CE,0.10549400949065624
22-01-2026 09:20||NIFTY27JAN2623900PE,0.23364906792687815
22-01-2026 09:20||NIFTY27JAN2624000PE,0.22228636065035426
22-01-2026 09:20||NIFTY27JAN2624300PE,0.18858588882930197
22-01-2026 09:20||NIFTY27JAN2624500PE,0.16728696065794976
22-01-2026 09:20||NIFTY27JAN2624800PE,0.13944527515900085
22-01-2026 09:20||NIFTY27JAN2625200CE,0.11422526530547689
22-01-2026 09:20||NIFTY27JAN2626300CE,0.15075686251078968
22-01-2026 09:25||NIFTY27JAN2624700PE,0.1455003040651407
22-01-2026 09:25||NIFTY27JAN2625000PE,0.11853542753858361
22-01-2026 09:25||NIFTY27JAN2625200CE,0.1434362629947053
22-01-2026 09:25||NIFTY27JAN2625500CE,0.12701584732035934
22-01-2026 09:25||NIFTY27JAN2625600CE,0.12442841901240491
22-01-2026 09:25||NIFTY27JAN2626200CE,0.14442504677316031
22-01-2026 09:30||NIFTY27JAN2624600PE,0.2015986996151139
22-01-2026 09:30||NIFTY27JAN2624800PE,0.17294762799619398
22-01-2026 09:30||NIFTY27JAN2624900PE,0.15921460320642294
22-01-2026 09:30||NIFTY27JAN2625100PE,0.1320068978436391
22-01-2026 09:30||NIFTY27JAN2625500CE,0.11647284469785181
22-01-2026 09:30||NIFTY27JAN2625800CE,0.11980771517658505
22-01-2026 09:30||NIFTY27JAN2626000CE,0.12994134334987423
22-01-2026 09:30||NIFTY27JAN2626300CE,0.15147860304922967
22-01-2026 09:35||NIFTY27JAN2624100PE,0.2775745439184417
22-01-2026 09:40||NIFTY27JAN2624100PE,0.2663597988558494
22-01-2026 09:40||NIFTY27JAN2624500PE,0.21781122577022416
22-01-2026 09:40||NIFTY27JAN2626000CE,0.13212592665658177
22-01-2026 09:40||NIFTY27JAN2626200CE,0.1462441928806775
22-01-2026 09:45||NIFTY27JAN2623900PE,0.2786636079393519
22-01-2026 09:45||NIFTY27JAN2624200PE,0.24619267785282178
22-01-2026 09:50||NIFTY27JAN2623900PE,0.2731560215832046
22-01-2026 09:50||NIFTY27JAN2624100PE,0.25252853788651153
22-01-2026 09:50||NIFTY27JAN2624900PE,0.16378258262546874
22-01-2026 09:50||NIFTY27JAN2625000PE,0.15325541141535906
22-01-2026 09:50||NIFTY27JAN2625600CE,0.10908827494610489
22-01-2026 09:50||NIFTY27JAN2625800CE,0.11607764093138087
22-01-2026 09:50||NIFTY27JAN2625900CE,0.1213337973320732
22-01-2026 09:50||NIFTY27JAN2626300CE,0.14789548661589536
22-01-2026 09:50||NIFTY27JAN2626500CE,0.16269761671931454
22-01-2026 09:55||NIFTY27JAN2624700PE,0.1663715415349406
22-01-2026 09:55||NIFTY27JAN2624800PE,0.15575416446803372
22-01-2026 09:55||NIFTY27JAN2624900PE,0.14517560621499837
22-01-2026 09:55||NIFTY27JAN2625200CE,0.1338756595561058
22-01-2026 09:55||NIFTY27JAN2625500CE,0.119974643215187
22-01-2026 10:00||NIFTY27JAN2624200PE,0.21908634670547528
22-01-2026 10:00||NIFTY27JAN2624700PE,0.16424847888627608
22-01-2026 10:00||NIFTY27JAN2625100PE,0.12944617073498568
22-01-2026 10:00||NIFTY27JAN2625400CE,0.10624627037432083
22-01-2026 10:00||NIFTY27JAN2625600CE,0.10578895640730239
22-01-2026 10:00||NIFTY27JAN2626100CE,0.12881016358277822
22-01-2026 10:00||NIFTY27JAN2626500CE,0.1581117530166679
22-01-2026 10:05||NIFTY27JAN2624500PE,0.1853950633527394
22-01-2026 10:05||NIFTY27JAN2624800PE,0.1531669097844545
22-01-2026 10:05||NIFTY27JAN2625000PE,0.13498502095738898
22-01-2026 10:05||NIFTY27JAN2625400CE,0.11151326353628566
22-01-2026 10:05||NIFTY27JAN2625700CE,0.11143007990206898
22-01-2026 10:05||NIFTY27JAN2625800CE,0.11439691238444212
22-01-2026 10:05||NIFTY27JAN2626100CE,0.13076175685312263
22-01-2026 10:05||NIFTY27JAN2626400CE,0.1528025011211097
22-01-2026 10:10||NIFTY27JAN2623800PE,0.25876700232706185
22-01-2026 10:10||NIFTY27JAN2624200PE,0.2145768968274392
22-01-2026 10:10||NIFTY27JAN2624300PE,0.20374001378928808
22-01-2026 10:10||NIFTY27JAN2624500PE,0.18142844519511064
22-01-2026 10:10||NIFTY27JAN2624800PE,0.1487847136014856
22-01-2026 10:10||NIFTY27JAN2625300CE,0.12790817435272778
22-01-2026 10:10||NIFTY27JAN2625500CE,0.11705248669421171
22-01-2026 10:10||NIFTY27JAN2626200CE,0.14190373152081048
22-01-2026 10:10||NIFTY27JAN2626300CE,0.14924755177493576
22-01-2026 10:15||NIFTY27JAN2623900PE,0.24778837145080618
22-01-2026 10:15||NIFTY27JAN2624400PE,0.19740712722837714
22-01-2026 10:15||NIFTY27JAN2625000PE,0.1394766975364031
22-01-2026 10:15||NIFTY27JAN2625300CE,0.1002392986122715
22-01-2026 10:15||NIFTY27JAN2625400CE,0.09982814789650192
22-01-2026 10:20||NIFTY27JAN2624000PE,0.22584445734968123
22-01-2026 10:20||NIFTY27JAN2625000PE,0.12466169956362629
22-01-2026 10:20||NIFTY27JAN2625100PE,0.11602956978073917
22-01-2026 10:20||NIFTY27JAN2625400CE,0.12329599777722648
22-01-2026 10:20||NIFTY27JAN2625500CE,0.12060921107066794
22-01-2026 10:20||NIFTY27JAN2625600CE,0.11854727756326497
22-01-2026 10:20||NIFTY27JAN2625900CE,0.12551326209167787
22-01-2026 10:25||NIFTY27JAN2623900PE,0.22970630391453206
22-01-2026 10:25||NIFTY27JAN2624000PE,0.21957083774272085
22-01-2026 10:25||NIFTY27JAN2624200PE,0.1990343273204329
22-01-2026 10:25||NIFTY27JAN2625100PE,0.12718931586560514
22-01-2026 10:25||NIFTY27JAN2625900CE,0.11934034484928938
22-01-2026 10:25||NIFTY27JAN2626300CE,0.14993435443024544
22-01-2026 10:30||NIFTY27JAN2624300PE,0.18329316870495815
22-01-2026 10:30||NIFTY27JAN2625800CE,0.12514588149683983
22-01-2026 10:30||NIFTY27JAN2626100CE,0.14361968051270818
22-01-2026 10:35||NIFTY27JAN2625100PE,0.12344574801045981
22-01-2026 10:35||NIFTY27JAN2625200CE,0.09873176724727185
22-01-2026 10:35||NIFTY27JAN2625300CE,0.10083096510245482
22-01-2026 10:35||NIFTY27JAN2625400CE,0.10300732924686144
22-01-2026 10:35||NIFTY27JAN2625800CE,0.11674034538829403
22-01-2026 10:40||NIFTY27JAN2624300PE,0.1828336147496019
22-01-2026 10:40||NIFTY27JAN2624600PE,0.15412895133842597
22-01-2026 10:40||NIFTY27JAN2625000PE,0.12409565560551804
22-01-2026 10:40||NIFTY27JAN2625800CE,0.12259329901428144
22-01-2026 10:40||NIFTY27JAN2625900CE,0.12853497166166997
22-01-2026 10:40||NIFTY27JAN2626000CE,0.13465958055860205
22-01-2026 10:45||NIFTY27JAN2623900PE,0.22670264330553283
22-01-2026 10:45||NIFTY27JAN2625000PE,0.1270598008141161
22-01-2026 10:45||NIFTY27JAN2625400CE,0.11246701635918556
22-01-2026 10:45||NIFTY27JAN2625500CE,0.11261568661078498
22-01-2026 10:45||NIFTY27JAN2625700CE,0.11678112514523352
22-01-2026 10:45||NIFTY27JAN2625900CE,0.12748284551432007
22-01-2026 10:45||NIFTY27JAN2626400CE,0.16615509729368594
22-01-2026 10:45||NIFTY27JAN2626500CE,0.17439753770593977
22-01-2026 10:50||NIFTY27JAN2623900PE,0.22585023314497324
22-01-2026 10:50||NIFTY27JAN2624400PE,0.17453359659838882
22-01-2026 10:50||NIFTY27JAN2624500PE,0.16503117482496793
22-01-2026 10:50||NIFTY27JAN2624600PE,0.15535948594068988
22-01-2026 10:50||NIFTY27JAN2624900PE,0.1318808420976847
22-01-2026 10:50||NIFTY27JAN2625000PE,0.12572527276412204
22-01-2026 10:50||NIFTY27JAN2625300CE,0.11615992065550175
22-01-2026 10:50||NIFTY27JAN2625700CE,0.1196543867207471
22-01-2026 10:50||NIFTY27JAN2625900CE,0.13072657832654408
22-01-2026 10:50||NIFTY27JAN2626000CE,0.1372455079315447
22-01-2026 10:50||NIFTY27JAN2626300CE,0.16040543091032997
22-01-2026 10:55||NIFTY27JAN2624000PE,0.21892395387877553
22-01-2026 10:55||NIFTY27JAN2624200PE,0.19939691136959659
22-01-2026 10:55||NIFTY27JAN2624600PE,0.16366923867249372
22-01-2026 10:55||NIFTY27JAN2625900CE,0.12822018034076174
22-01-2026 11:00||NIFTY27JAN2624400PE,0.17436473304382488
22-01-2026 11:00||NIFTY27JAN2624800PE,0.14119636000634825
22-01-2026 11:00||NIFTY27JAN2626300CE,0.1639012377230288
22-01-2026 11:05||NIFTY27JAN2624500PE,0.16346126423785673
22-01-2026 11:05||NIFTY27JAN2624800PE,0.13936128327922903
22-01-2026 11:05||NIFTY27JAN2625500CE,0.12141358203468422
22-01-2026 11:05||NIFTY27JAN2625600CE,0.1234236414764083
22-01-2026 11:05||NIFTY27JAN2625900CE,0.1367410918504929
22-01-2026 11:05||NIFTY27JAN2626200CE,0.15801073424013148
22-01-2026 11:10||NIFTY27JAN2623800PE,0.2332656950831563
22-01-2026 11:10||NIFTY27JAN2624300PE,0.18370936947343308
22-01-2026 11:10||NIFTY27JAN2624600PE,0.15866274727368235
22-01-2026 11:10||NIFTY27JAN2624700PE,0.15104373728204554
22-01-2026 11:10||NIFTY27JAN2625000PE,0.13018241339550207
22-01-2026 11:10||NIFTY27JAN2625100PE,0.12359553528831702
22-01-2026 11:10||NIFTY27JAN2625400CE,0.11657021768365648
22-01-2026 11:10||NIFTY27JAN2625800CE,0.12915926274429426
22-01-2026 11:10||NIFTY27JAN2626100CE,0.1491914668095623
22-01-2026 11:15||NIFTY27JAN2623900PE,0.2226616210853724
22-01-2026 11:15||NIFTY27JAN2624300PE,0.1823795501931794
22-01-2026 11:15||NIFTY27JAN2625600CE,0.1203569823576206
22-01-2026 11:15||NIFTY27JAN2625800CE,0.12973995640118877
22-01-2026 11:15||NIFTY27JAN2626100CE,0.15053897690295903
22-01-2026 11:15||NIFTY27JAN2626200CE,0.15803389262721473
22-01-2026 11:15||NIFTY27JAN2626400CE,0.1731554711987157
22-01-2026 11:15||NIFTY27JAN2626500CE,0.1808073541543504
22-01-2026 11:20||NIFTY27JAN2623900PE,0.21937140161280877
22-01-2026 11:20||NIFTY27JAN2624700PE,0.14183544226077524
22-01-2026 11:20||NIFTY27JAN2624800PE,0.1341188501252291
22-01-2026 11:20||NIFTY27JAN2625600CE,0.127179257182027
22-01-2026 11:20||NIFTY27JAN2625900CE,0.13916670373717382
22-01-2026 11:25||NIFTY27JAN2623800PE,0.2377428401695255
22-01-2026 11:25||NIFTY27JAN2623900PE,0.22710666644863814
22-01-2026 11:25||NIFTY27JAN2624000PE,0.21634491092450656
22-01-2026 11:25||NIFTY27JAN2624500PE,0.16770834909620488
22-01-2026 11:25||NIFTY27JAN2624600PE,0.15906329257934534
22-01-2026 11:25||NIFTY27JAN2625800CE,0.12552568179715193
22-01-2026 11:25||NIFTY27JAN2625900CE,0.1314769664959301
22-01-2026 11:25||NIFTY27JAN2626500CE,0.17583445583575555
22-01-2026 11:30||NIFTY27JAN2624300PE,0.18012035488282255
22-01-2026 11:30||NIFTY27JAN2625800CE,0.13114599873395927
22-01-2026 11:30||NIFTY27JAN2626000CE,0.14264955294913034
22-01-2026 11:35||NIFTY27JAN2624200PE,0.19236992589400878
22-01-2026 11:35||NIFTY27JAN2625500CE,0.1168404149793413
22-01-2026 11:35||NIFTY27JAN2625900CE,0.13384848743709732
22-01-2026 11:40||NIFTY27JAN2624200PE,0.1924865592236376
22-01-2026 11:40||NIFTY27JAN2624700PE,0.15041292304324774
22-01-2026 11:40||NIFTY27JAN2625200CE,0.11028554834967418
22-01-2026 11:40||NIFTY27JAN2626300CE,0.16722447634922438
22-01-2026 11:45||NIFTY27JAN2623900PE,0.21841258042559375
22-01-2026 11:45||NIFTY27JAN2624400PE,0.16801828301889954
22-01-2026 11:45||NIFTY27JAN2625000PE,0.12432984870052798
22-01-2026 11:45||NIFTY27JAN2626500CE,0.1865924733116432
22-01-2026 11:50||NIFTY27JAN2624500PE,0.16367957648431586
22-01-2026 11:50||NIFTY27JAN2624800PE,0.1416591814202637
22-01-2026 11:50||NIFTY27JAN2625200CE,0.11831348362623728
22-01-2026 11:50||NIFTY27JAN2625700CE,0.1274974872424193
22-01-2026 11:50||NIFTY27JAN2626200CE,0.16059830889846108
22-01-2026 11:50||NIFTY27JAN2626300CE,0.16865725970371537
22-01-2026 11:55||NIFTY27JAN2624000PE,0.20951139890089338
22-01-2026 11:55||NIFTY27JAN2625000PE,0.13205149175637962
22-01-2026 12:00||NIFTY27JAN2623800PE,0.22844552580933877
22-01-2026 12:00||NIFTY27JAN2624300PE,0.17604455611703035
22-01-2026 12:00||NIFTY27JAN2625600CE,0.13255731875823681
22-01-2026 12:00||NIFTY27JAN2625700CE,0.13546435453698644
22-01-2026 12:00||NIFTY27JAN2626100CE,0.159411284365276
22-01-2026 12:00||NIFTY27JAN2626400CE,0.18345514746486405
22-01-2026 12:05||NIFTY27JAN2624300PE,0.17900175909551255
22-01-2026 12:05||NIFTY27JAN2625600CE,0.12772877986026032
22-01-2026 12:05||NIFTY27JAN2625700CE,0.13085209487632657
22-01-2026 12:05||NIFTY27JAN2626000CE,0.1469399642622269
22-01-2026 12:05||NIFTY27JAN2626300CE,0.17018806982371668
22-01-2026 12:10||NIFTY27JAN2624000PE,0.2086953606493729
22-01-2026 12:10||NIFTY27JAN2624500PE,0.1593895297442596
22-01-2026 12:10||NIFTY27JAN2625500CE,0.12432872740457657
22-01-2026 12:10||NIFTY27JAN2625800CE,0.13372551263865937
22-01-2026 12:10||NIFTY27JAN2626100CE,0.15315274626480763
22-01-2026 12:15||NIFTY27JAN2623800PE,0.22889158056163764
22-01-2026 12:15||NIFTY27JAN2624000PE,0.20777398159617427
22-01-2026 12:15||NIFTY27JAN2624500PE,0.15804415203557537
22-01-2026 12:15||NIFTY27JAN2626100CE,0.15329773005511954
22-01-2026 12:15||NIFTY27JAN2626400CE,0.1767234089208358
22-01-2026 12:15||NIFTY27JAN2626500CE,0.18481356151893233
22-01-2026 12:20||NIFTY27JAN2624800PE,0.14494957177348058
22-01-2026 12:20||NIFTY27JAN2624900PE,0.13946375065034095
22-01-2026 12:20||NIFTY27JAN2625900CE,0.13235798472410742
22-01-2026 12:20||NIFTY27JAN2626000CE,0.1393936456531624
22-01-2026 12:20||NIFTY27JAN2626500CE,0.17963054276773713
22-01-2026 12:25||NIFTY27JAN2623900PE,0.2208172441848416
22-01-2026 12:25||NIFTY27JAN2624200PE,0.18905153854644616
22-01-2026 12:25||NIFTY27JAN2624700PE,0.14306697391669154
22-01-2026 12:25||NIFTY27JAN2624800PE,0.13548077592816982
22-01-2026 12:25||NIFTY27JAN2625300CE,0.12618503393417047
22-01-2026 12:30||NIFTY27JAN2624200PE,0.1895703280102206
22-01-2026 12:30||NIFTY27JAN2624400PE,0.1695967468596727
22-01-2026 12:30||NIFTY27JAN2624500PE,0.16022058048442486
22-01-2026 12:30||NIFTY27JAN2625100PE,0.11538273359742855
22-01-2026 12:30||NIFTY27JAN2625700CE,0.12699601798886462
22-01-2026 12:30||NIFTY27JAN2625800CE,0.13157064822550543
22-01-2026 12:30||NIFTY27JAN2625900CE,0.13621040855983516
22-01-2026 12:30||NIFTY27JAN2626400CE,0.1728614136575301
22-01-2026 12:35||NIFTY27JAN2623800PE,0.23339448335126728
22-01-2026 12:35||NIFTY27JAN2624400PE,0.17200374817911757
22-01-2026 12:35||NIFTY27JAN2626100CE,0.1468998349394156
22-01-2026 12:35||NIFTY27JAN2626300CE,0.16353454337734988
22-01-2026 12:40||NIFTY27JAN2624100PE,0.198200569804534
22-01-2026 12:40||NIFTY27JAN2626200CE,0.15756689121038078
22-01-2026 12:45||NIFTY27JAN2624700PE,0.14375947111347243
22-01-2026 12:45||NIFTY27JAN2624900PE,0.13032243919052222
22-01-2026 12:45||NIFTY27JAN2625200CE,0.11407378455806771
22-01-2026 12:45||NIFTY27JAN2625700CE,0.12147171051939558
22-01-2026 12:45||NIFTY27JAN2625800CE,0.126448873000135
22-01-2026 12:45||NIFTY27JAN2626000CE,0.13987793669097034
22-01-2026 12:45||NIFTY27JAN2626100CE,0.1480558113766746
22-01-2026 12:45||NIFTY27JAN2626200CE,0.15674819619085062
22-01-2026 12:45||NIFTY27JAN2626300CE,0.16529473393994037
22-01-2026 12:45||NIFTY27JAN2626400CE,0.17310092364963683
22-01-2026 12:50||NIFTY27JAN2624200PE,0.18939387485369735
22-01-2026 12:50||NIFTY27JAN2624300PE,0.17937376009422376
22-01-2026 12:50||NIFTY27JAN2624900PE,0.13269294714187502
22-01-2026 12:50||NIFTY27JAN2625900CE,0.13149980892663837
22-01-2026 12:50||NIFTY27JAN2626200CE,0.15536797310882478
22-01-2026 12:50||NIFTY27JAN2626300CE,0.16411914158284652
22-01-2026 12:55||NIFTY27JAN2624400PE,0.16496566784359593
22-01-2026 12:55||NIFTY27JAN2625100PE,0.11938199855022938
22-01-2026 12:55||NIFTY27JAN2626100CE,0.1526547526237516
22-01-2026 12:55||NIFTY27JAN2626400CE,0.178772220532851
22-01-2026 13:00||NIFTY27JAN2624000PE,0.20442207788339695
22-01-2026 13:00||NIFTY27JAN2624400PE,0.16338888243389996
22-01-2026 13:00||NIFTY27JAN2624900PE,0.12595629686052526
22-01-2026 13:00||NIFTY27JAN2625700CE,0.12559812982145852
22-01-2026 13:05||NIFTY27JAN2623800PE,0.22657974698252736
22-01-2026 13:05||NIFTY27JAN2624100PE,0.19365378002066067
22-01-2026 13:05||NIFTY27JAN2624400PE,0.16361949441040582
22-01-2026 13:05||NIFTY27JAN2625000PE,0.12329489398105052
22-01-2026 13:05||NIFTY27JAN2625300CE,0.11686477722422144
22-01-2026 13:05||NIFTY27JAN2625400CE,0.11660741161302236
22-01-2026 13:05||NIFTY27JAN2625700CE,0.12512408401972744
22-01-2026 13:10||NIFTY27JAN2624200PE,0.1842738943209427
22-01-2026 13:10||NIFTY27JAN2625300CE,0.1126938564216916
22-01-2026 13:10||NIFTY27JAN2625500CE,0.11548093894972823
22-01-2026 13:10||NIFTY27JAN2626000CE,0.14461941637322687
22-01-2026 13:10||NIFTY27JAN2626500CE,0.18974195005628344
22-01-2026 13:15||NIFTY27JAN2624200PE,0.1811447202321227
22-01-2026 13:15||NIFTY27JAN2624600PE,0.14324727908233376
22-01-2026 13:15||NIFTY27JAN2624700PE,0.135262926154429
22-01-2026 13:15||NIFTY27JAN2625200CE,0.1255825787137955
22-01-2026 13:15||NIFTY27JAN2625600CE,0.1241461445088566
22-01-2026 13:20||NIFTY27JAN2623900PE,0.21457335506309674
22-01-2026 13:20||NIFTY27JAN2624700PE,0.13763431231951218
22-01-2026 13:20||NIFTY27JAN2624900PE,0.12442232503697515
22-01-2026 13:20||NIFTY27JAN2625200CE,0.11805569247222461
22-01-2026 13:20||NIFTY27JAN2625500CE,0.11890920844500438
22-01-2026 13:20||NIFTY27JAN2626100CE,0.15404708526656058
22-01-2026 13:25||NIFTY27JAN2624900PE,0.12887425027641786
22-01-2026 13:25||NIFTY27JAN2625100PE,0.12020486194941823
22-01-2026 13:25||NIFTY27JAN2625800CE,0.13010822998834584
22-01-2026 13:25||NIFTY27JAN2626100CE,0.15477499040687168
22-01-2026 13:25||NIFTY27JAN2626300CE,0.1726061122816335
22-01-2026 13:30||NIFTY27JAN2623800PE,0.22197376527270712
22-01-2026 13:30||NIFTY27JAN2624000PE,0.20002501142384707
22-01-2026 13:30||NIFTY27JAN2624100PE,0.18911259151456494
22-01-2026 13:30||NIFTY27JAN2624600PE,0.13908755181108123
22-01-2026 13:30||NIFTY27JAN2625100PE,0.10032868003047234
22-01-2026 13:30||NIFTY27JAN2625800CE,0.13715225768960412
22-01-2026 13:30||NIFTY27JAN2625900CE,0.14328647421809412
22-01-2026 13:35||NIFTY27JAN2623800PE,0.22523630110217102
22-01-2026 13:35||NIFTY27JAN2623900PE,0.2152983054353852
22-01-2026 13:35||NIFTY27JAN2624400PE,0.16664805152160894
22-01-2026 13:35||NIFTY27JAN2624600PE,0.150710152718204
22-01-2026 13:35||NIFTY27JAN2624700PE,0.1434038277588857
22-01-2026 13:35||NIFTY27JAN2625300CE,0.10826596053975769
22-01-2026 13:35||NIFTY27JAN2625500CE,0.1118777892502993
22-01-2026 13:35||NIFTY27JAN2625700CE,0.12037814471405006
22-01-2026 13:35||NIFTY27JAN2626000CE,0.14186132531485587
22-01-2026 13:35||NIFTY27JAN2626100CE,0.15036129339544996
22-01-2026 13:35||NIFTY27JAN2626400CE,0.17678600317720466
22-01-2026 13:40||NIFTY27JAN2624000PE,0.20241418691677315
22-01-2026 13:40||NIFTY27JAN2624200PE,0.18157214431736635
22-01-2026 13:40||NIFTY27JAN2624300PE,0.17168832217108496
22-01-2026 13:40||NIFTY27JAN2624400PE,0.1615949351780256
22-01-2026 13:40||NIFTY27JAN2624900PE,0.12211033386391285
22-01-2026 13:40||NIFTY27JAN2625100PE,0.10982025474334667
22-01-2026 13:40||NIFTY27JAN2625300CE,0.12286232159938205
22-01-2026 13:40||NIFTY27JAN2625400CE,0.12060498218242496
22-01-2026 13:40||NIFTY27JAN2625600CE,0.12270003688964704
22-01-2026 13:40||NIFTY27JAN2626000CE,0.1463145764353481
22-01-2026 13:40||NIFTY27JAN2626300CE,0.17147625437649935
22-01-2026 13:45||NIFTY27JAN2624400PE,0.15942611367593706
22-01-2026 13:45||NIFTY27JAN2625200CE,0.12724897908432695
22-01-2026 13:45||NIFTY27JAN2625800CE,0.13376029531917163
22-01-2026 13:45||NIFTY27JAN2626100CE,0.15584016001460024
22-01-2026 13:45||NIFTY27JAN2626300CE,0.17216006428306732
22-01-2026 13:50||NIFTY27JAN2623800PE,0.2252053334629606
22-01-2026 13:50||NIFTY27JAN2625200CE,0.128026376582007
22-01-2026 13:50||NIFTY27JAN2626300CE,0.17046294880062182
22-01-2026 13:55||NIFTY27JAN2624500PE,0.15430562111859156
22-01-2026 13:55||NIFTY27JAN2624600PE,0.1449326077765921
22-01-2026 13:55||NIFTY27JAN2624800PE,0.12861302844711142
22-01-2026 13:55||NIFTY27JAN2625400CE,0.11478032084512649
22-01-2026 13:55||NIFTY27JAN2625500CE,0.11573502661205926
22-01-2026 13:55||NIFTY27JAN2625900CE,0.13355679688157257
22-01-2026 13:55||NIFTY27JAN2626000CE,0.14130410097088264
22-01-2026 13:55||NIFTY27JAN2626400CE,0.1765240720258785
22-01-2026 14:00||NIFTY27JAN2623800PE,0.22781795200128424
22-01-2026 14:00||NIFTY27JAN2623900PE,0.21600127370383876
22-01-2026 14:00||NIFTY27JAN2624300PE,0.17106345074701104
22-01-2026 14:00||NIFTY27JAN2625000PE,0.11717244305985251
22-01-2026 14:00||NIFTY27JAN2625300CE,0.1114626955633107
22-01-2026 14:00||NIFTY27JAN2625500CE,0.11331362328254387
22-01-2026 14:00||NIFTY27JAN2625600CE,0.11593493966000357
22-01-2026 14:00||NIFTY27JAN2626500CE,0.18519059292593973
22-01-2026 14:05||NIFTY27JAN2623800PE,0.22527565921089718
22-01-2026 14:05||NIFTY27JAN2624000PE,0.20278490266286542
22-01-2026 14:05||NIFTY27JAN2624200PE,0.1810449426001609
22-01-2026 14:05||NIFTY27JAN2624300PE,0.170896804248937
22-01-2026 14:05||NIFTY27JAN2625200CE,0.10703470410094632
22-01-2026 14:05||NIFTY27JAN2626200CE,0.15829730875320483
22-01-2026 14:05||NIFTY27JAN2626400CE,0.1774350559693367
22-01-2026 14:10||NIFTY27JAN2623900PE,0.21248826520560415
22-01-2026 14:10||NIFTY27JAN2624200PE,0.18127034667403888
22-01-2026 14:10||NIFTY27JAN2625100PE,0.11981020426994912
22-01-2026 14:10||NIFTY27JAN2625900CE,0.13377724371223465
22-01-2026 14:15||NIFTY27JAN2623800PE,0.2214047396873588
22-01-2026 14:15||NIFTY27JAN2624600PE,0.1383641452801605
22-01-2026 14:15||NIFTY27JAN2625000PE,0.11207522207642405
22-01-2026 14:15||NIFTY27JAN2625100PE,0.10599509466142977
22-01-2026 14:15||NIFTY27JAN2626500CE,0.19244627965790317
22-01-2026 14:20||NIFTY27JAN2623800PE,0.2149205274325645
22-01-2026 14:20||NIFTY27JAN2623900PE,0.20497201815909954
22-01-2026 14:20||NIFTY27JAN2624000PE,0.1950585757347051
22-01-2026 14:20||NIFTY27JAN2624100PE,0.18520018543848005
22-01-2026 14:20||NIFTY27JAN2624400PE,0.15547999460814277
22-01-2026 14:20||NIFTY27JAN2624900PE,0.11638223453684539
22-01-2026 14:20||NIFTY27JAN2625400CE,0.11546637550726024
22-01-2026 14:20||NIFTY27JAN2625700CE,0.12502667481810667
22-01-2026 14:20||NIFTY27JAN2625800CE,0.13185587979033841
22-01-2026 14:20||NIFTY27JAN2625900CE,0.13874144186868306
22-01-2026 14:20||NIFTY27JAN2626100CE,0.1546059321920674
22-01-2026 14:20||NIFTY27JAN2626200CE,0.1635729052283262
22-01-2026 14:25||NIFTY27JAN2624200PE,0.17632500962404568
22-01-2026 14:25||NIFTY27JAN2624300PE,0.16507108648568927
22-01-2026 14:25||NIFTY27JAN2624600PE,0.13435059385868192
22-01-2026 14:25||NIFTY27JAN2624700PE,0.12548449480525023
22-01-2026 14:25||NIFTY27JAN2626500CE,0.1875194182820918
22-01-2026 14:30||NIFTY27JAN2623800PE,0.22542586910540144
22-01-2026 14:30||NIFTY27JAN2624300PE,0.16848154896170933
22-01-2026 14:30||NIFTY27JAN2625600CE,0.12363122419371583
22-01-2026 14:30||NIFTY27JAN2625700CE,0.12520779725834602
22-01-2026 14:30||NIFTY27JAN2625900CE,0.13378148274838844
22-01-2026 14:30||NIFTY27JAN2626500CE,0.1807587992833218
22-01-2026 14:35||NIFTY27JAN2624000PE,0.20599230251360026
22-01-2026 14:35||NIFTY27JAN2624800PE,0.12358414494522471
22-01-2026 14:35||NIFTY27JAN2625500CE,0.11770086988144267
22-01-2026 14:40||NIFTY27JAN2623800PE,0.2296450892172119
22-01-2026 14:40||NIFTY27JAN2625200CE,0.11903481416855505
22-01-2026 14:40||NIFTY27JAN2625400CE,0.1131936260638936
22-01-2026 14:40||NIFTY27JAN2626100CE,0.1406392606372557
22-01-2026 14:40||NIFTY27JAN2626500CE,0.1724415743886061
22-01-2026 14:45||NIFTY27JAN2624000PE,0.20519782402551504
22-01-2026 14:45||NIFTY27JAN2626100CE,0.13908335559804294
22-01-2026 14:50||NIFTY27JAN2624400PE,0.1610044902970294
22-01-2026 14:50||NIFTY27JAN2624500PE,0.15076163262828063
22-01-2026 14:50||NIFTY27JAN2625400CE,0.10936253118465009
22-01-2026 14:50||NIFTY27JAN2625500CE,0.10924408090630802
22-01-2026 14:50||NIFTY27JAN2625600CE,0.10933966154271052
22-01-2026 14:50||NIFTY27JAN2626200CE,0.14476490772278072
22-01-2026 14:55||NIFTY27JAN2624300PE,0.16823964140195294
22-01-2026 14:55||NIFTY27JAN2625000PE,0.1093534930863403
22-01-2026 14:55||NIFTY27JAN2626100CE,0.13613088094371703
22-01-2026 14:55||NIFTY27JAN2626500CE,0.16979469436126562
22-01-2026 15:00||NIFTY27JAN2624300PE,0.16743796290436905
22-01-2026 15:00||NIFTY27JAN2624600PE,0.13801471447207048
22-01-2026 15:00||NIFTY27JAN2624900PE,0.11735098489652813
22-01-2026 15:00||NIFTY27JAN2625600CE,0.10664153816727572
22-01-2026 15:00||NIFTY27JAN2626400CE,0.1627399341398773
22-01-2026 15:05||NIFTY27JAN2625300CE,0.13076014981711243
22-01-2026 15:05||NIFTY27JAN2625400CE,0.1238583443100442
22-01-2026 15:05||NIFTY27JAN2625600CE,0.11670651850684766
22-01-2026 15:10||NIFTY27JAN2623800PE,0.22713186575015712
22-01-2026 15:10||NIFTY27JAN2624000PE,0.2037544351464111
22-01-2026 15:10||NIFTY27JAN2624200PE,0.18082307923455562
22-01-2026 15:10||NIFTY27JAN2625100PE,0.10293931588366181
22-01-2026 15:10||NIFTY27JAN2625600CE,0.10836771841064019
22-01-2026 15:10||NIFTY27JAN2626100CE,0.1321435920306374
22-01-2026 15:15||NIFTY27JAN2623800PE,0.22453514592504517
22-01-2026 15:15||NIFTY27JAN2624200PE,0.17795877704477425
22-01-2026 15:15||NIFTY27JAN2624600PE,0.13409441578762812
22-01-2026 15:15||NIFTY27JAN2625400CE,0.11784716080943737
22-01-2026 15:15||NIFTY27JAN2625800CE,0.11434205886528227
22-01-2026 15:15||NIFTY27JAN2625900CE,0.11912841126178456
22-01-2026 15:15||NIFTY27JAN2626200CE,0.13909580892924794
22-01-2026 15:15||NIFTY27JAN2626300CE,0.14759950557730017
22-01-2026 15:20||NIFTY27JAN2624800PE,0.11780399393724131
22-01-2026 15:20||NIFTY27JAN2625200CE,0.13431258215100775
22-01-2026 15:20||NIFTY27JAN2626400CE,0.15627361768315878
22-01-2026 15:25||NIFTY27JAN2623800PE,0.2258992253136037
22-01-2026 15:25||NIFTY27JAN2624300PE,0.16744782032466962
22-01-2026 15:25||NIFTY27JAN2624700PE,0.12465449187255305
22-01-2026 15:25||NIFTY27JAN2625100PE,0.09741081980294432
22-01-2026 15:25||NIFTY27JAN2625200CE,0.1224974386839422
22-01-2026 15:25||NIFTY27JAN2625300CE,0.11844670884631953
22-01-2026 15:25||NIFTY27JAN2625600CE,0.1091433498815956
22-01-2026 15:25||NIFTY27JAN2625900CE,0.1163771961146692
22-01-2026 15:25||NIFTY27JAN2626000CE,0.122655494917808
22-01-2026 15:25||NIFTY27JAN2626400CE,0.15796151847786016
23-01-2026 09:15||NIFTY27JAN2624100PE,0.2098966353625924
23-01-2026 09:15||NIFTY27JAN2624200PE,0.19752419298976218
23-01-2026 09:15||NIFTY27JAN2624300PE,0.18544089748004675
23-01-2026 09:15||NIFTY27JAN2625500CE,0.11428896685682526
23-01-2026 09:15||NIFTY27JAN2626000CE,0.13531899045753612
23-01-2026 09:15||NIFTY27JAN2626100CE,0.14468708546145945
23-01-2026 09:15||NIFTY27JAN2626200CE,0.15378437578614942
23-01-2026 09:15||NIFTY27JAN2626300CE,0.16423584090634336
23-01-2026 09:15||NIFTY27JAN2626500CE,0.18360597210581142
23-01-2026 09:20||NIFTY27JAN2623900PE,0.23275022748064117
23-01-2026 09:20||NIFTY27JAN2624400PE,0.17033470210695628
23-01-2026 09:20||NIFTY27JAN2625500CE,0.12664430547984587
23-01-2026 09:20||NIFTY27JAN2626200CE,0.15359988405809116
23-01-2026 09:20||NIFTY27JAN2626400CE,0.1746083760100035
23-01-2026 09:25||NIFTY27JAN2623800PE,0.25350418357465393
23-01-2026 09:25||NIFTY27JAN2625100PE,0.11176808340075456
23-01-2026 09:25||NIFTY27JAN2626100CE,0.13613804194927592
23-01-2026 09:25||NIFTY27JAN2626200CE,0.14571578123238998
23-01-2026 09:25||NIFTY27JAN2626400CE,0.16683266814289313
23-01-2026 09:30||NIFTY27JAN2623900PE,0.24162432536022602
23-01-2026 09:30||NIFTY27JAN2624000PE,0.2295544821878847
23-01-2026 09:30||NIFTY27JAN2624400PE,0.18228362469956128
23-01-2026 09:30||NIFTY27JAN2624500PE,0.17105823381466015
23-01-2026 09:30||NIFTY27JAN2624600PE,0.1599452317945041
23-01-2026 09:30||NIFTY27JAN2624700PE,0.14896026843901522
23-01-2026 09:30||NIFTY27JAN2625200CE,0.10750214935667622
23-01-2026 09:30||NIFTY27JAN2626300CE,0.15681769130393522
23-01-2026 09:35||NIFTY27JAN2623900PE,0.23830417404284998
23-01-2026 09:35||NIFTY27JAN2624000PE,0.22622452087343353
23-01-2026 09:35||NIFTY27JAN2624400PE,0.17711256735483358
23-01-2026 09:35||NIFTY27JAN2625500CE,0.10918187491762585
23-01-2026 09:35||NIFTY27JAN2626100CE,0.13874536219128988
23-01-2026 09:40||NIFTY27JAN2625400CE,0.1073739378099949
23-01-2026 09:40||NIFTY27JAN2625500CE,0.10590834642089897
23-01-2026 09:40||NIFTY27JAN2626000CE,0.1277322180062764
23-01-2026 09:45||NIFTY27JAN2623900PE,0.23560667710182376
23-01-2026 09:45||NIFTY27JAN2624100PE,0.21038414993465177
23-01-2026 09:45||NIFTY27JAN2624300PE,0.1849363496412582
23-01-2026 09:45||NIFTY27JAN2624800PE,0.1288733654151936
23-01-2026 09:45||NIFTY27JAN2624900PE,0.12069458716520495
23-01-2026 09:45||NIFTY27JAN2626100CE,0.1429580941841891
23-01-2026 09:45||NIFTY27JAN2626400CE,0.17513865743313972
23-01-2026 09:50||NIFTY27JAN2623900PE,0.2381925564684194
23-01-2026 09:50||NIFTY27JAN2624200PE,0.2019960721693779
23-01-2026 09:50||NIFTY27JAN2624400PE,0.1773984875494436
23-01-2026 09:50||NIFTY27JAN2624700PE,0.14451537489438757
23-01-2026 09:50||NIFTY27JAN2625200CE,0.10584869779708135
23-01-2026 09:50||NIFTY27JAN2625300CE,0.10383916376894935
23-01-2026 09:50||NIFTY27JAN2625700CE,0.10576844869606401
23-01-2026 09:50||NIFTY27JAN2625800CE,0.11067030562324477
23-01-2026 09:55||NIFTY27JAN2623800PE,0.24961118914319833
23-01-2026 09:55||NIFTY27JAN2624200PE,0.1985110733527441
23-01-2026 09:55||NIFTY27JAN2624800PE,0.13023160912865606
23-01-2026 09:55||NIFTY27JAN2625000PE,0.11568577346739575
23-01-2026 09:55||NIFTY27JAN2625200CE,0.11977162508606394
23-01-2026 09:55||NIFTY27JAN2625700CE,0.10815917277902562
23-01-2026 09:55||NIFTY27JAN2626300CE,0.16190041926259977
23-01-2026 10:00||NIFTY27JAN2624700PE,0.14116661538912265
23-01-2026 10:00||NIFTY27JAN2625900CE,0.11804634837907689
23-01-2026 10:00||NIFTY27JAN2626000CE,0.12819877173299335
23-01-2026 10:00||NIFTY27JAN2626100CE,0.13834336376257964
23-01-2026 10:00||NIFTY27JAN2626300CE,0.15939850887589083
23-01-2026 10:05||NIFTY27JAN2623800PE,0.24980837950531404
23-01-2026 10:05||NIFTY27JAN2624100PE,0.2119559304238342
23-01-2026 10:05||NIFTY27JAN2624600PE,0.15127301080293
23-01-2026 10:05||NIFTY27JAN2624800PE,0.13199446732653702
23-01-2026 10:05||NIFTY27JAN2626200CE,0.1503574399996303
23-01-2026 10:10||NIFTY27JAN2623800PE,0.24907751197173728
23-01-2026 10:10||NIFTY27JAN2624000PE,0.22376650192975284
23-01-2026 10:10||NIFTY27JAN2624400PE,0.17363155277506692
23-01-2026 10:10||NIFTY27JAN2624600PE,0.14959800088340178
23-01-2026 10:10||NIFTY27JAN2624800PE,0.13031461071399122
23-01-2026 10:10||NIFTY27JAN2625300CE,0.10581538573064747
23-01-2026 10:15||NIFTY27JAN2624700PE,0.14197768489135226
23-01-2026 10:15||NIFTY27JAN2625700CE,0.10286967365727402
23-01-2026 10:15||NIFTY27JAN2625900CE,0.11860461658172733
23-01-2026 10:15||NIFTY27JAN2626000CE,0.12980979541729684
23-01-2026 10:15||NIFTY27JAN2626400CE,0.17414946158206504
23-01-2026 10:20||NIFTY27JAN2625700CE,0.1079633146007421
23-01-2026 10:20||NIFTY27JAN2625800CE,0.11365554452210046
23-01-2026 10:20||NIFTY27JAN2626100CE,0.14337979025849065
23-01-2026 10:20||NIFTY27JAN2626500CE,0.18588075134046753
23-01-2026 10:25||NIFTY27JAN2623800PE,0.2480906660407866
23-01-2026 10:25||NIFTY27JAN2624400PE,0.16972791858723388
23-01-2026 10:25||NIFTY27JAN2624600PE,0.1447285053568775
23-01-2026 10:25||NIFTY27JAN2625100PE,0.09959492709877509
23-01-2026 10:25||NIFTY27JAN2625400CE,0.11413771947839653
23-01-2026 10:25||NIFTY27JAN2626000CE,0.1313140399584782
23-01-2026 10:30||NIFTY27JAN2624100PE,0.21282611023477763
23-01-2026 10:30||NIFTY27JAN2624400PE,0.17506109714908644
23-01-2026 10:30||NIFTY27JAN2624600PE,0.1499181464484345
23-01-2026 10:30||NIFTY27JAN2625100PE,0.1056986847044176
23-01-2026 10:35||NIFTY27JAN2624000PE,0.22742559887401342
23-01-2026 10:35||NIFTY27JAN2624100PE,0.21469782319983555
23-01-2026 10:35||NIFTY27JAN2624200PE,0.20216313588584414
23-01-2026 10:35||NIFTY27JAN2624500PE,0.16425314578957434
23-01-2026 10:35||NIFTY27JAN2624900PE,0.1241857261738359
23-01-2026 10:35||NIFTY27JAN2625100PE,0.10881382126438857
23-01-2026 10:35||NIFTY27JAN2625600CE,0.09853406787804216
23-01-2026 10:40||NIFTY27JAN2624000PE,0.22556721478710298
23-01-2026 10:40||NIFTY27JAN2624600PE,0.15064483946179044
23-01-2026 10:40||NIFTY27JAN2624800PE,0.1302537533687478
23-01-2026 10:40||NIFTY27JAN2625300CE,0.10580880143695819
23-01-2026 10:40||NIFTY27JAN2625800CE,0.10675899826970495
23-01-2026 10:45||NIFTY27JAN2624100PE,0.21316976902870235
23-01-2026 10:45||NIFTY27JAN2625100PE,0.1104012922527869
23-01-2026 10:45||NIFTY27JAN2625900CE,0.11409304308991661
23-01-2026 10:45||NIFTY27JAN2626200CE,0.14820633904677516
23-01-2026 10:45||NIFTY27JAN2626500CE,0.1798924351155815
23-01-2026 10:50||NIFTY27JAN2623900PE,0.23713062701947604
23-01-2026 10:50||NIFTY27JAN2625400CE,0.10026691163743458
23-01-2026 10:50||NIFTY27JAN2625700CE,0.1013725255911661
23-01-2026 10:50||NIFTY27JAN2626200CE,0.14894264499511042
23-01-2026 10:50||NIFTY27JAN2626300CE,0.1597767661228151
23-01-2026 10:50||NIFTY27JAN2626400CE,0.17052064191628735
23-01-2026 10:55||NIFTY27JAN2623800PE,0.2499208185422645
23-01-2026 10:55||NIFTY27JAN2624600PE,0.14741270821982677
23-01-2026 10:55||NIFTY27JAN2624900PE,0.11829266060200785
23-01-2026 10:55||NIFTY27JAN2626200CE,0.15059948059626482
23-01-2026 11:00||NIFTY27JAN2625100PE,0.10669219311727976
23-01-2026 11:00||NIFTY27JAN2625400CE,0.09601060634234428
23-01-2026 11:00||NIFTY27JAN2625800CE,0.10716691555622285
23-01-2026 11:00||NIFTY27JAN2626100CE,0.1395408497149845
23-01-2026 11:05||NIFTY27JAN2624200PE,0.1967613015007493
23-01-2026 11:05||NIFTY27JAN2625600CE,0.10157405171852618
23-01-2026 11:05||NIFTY27JAN2625700CE,0.10442556437980709
23-01-2026 11:05||NIFTY27JAN2626200CE,0.15222684423409658
23-01-2026 11:05||NIFTY27JAN2626500CE,0.18611123800374674
23-01-2026 11:10||NIFTY27JAN2624000PE,0.22288510108603618
23-01-2026 11:10||NIFTY27JAN2624100PE,0.2100621200369361
23-01-2026 11:10||NIFTY27JAN2625300CE,0.10240353441956193
23-01-2026 11:10||NIFTY27JAN2626300CE,0.16232374406703864
23-01-2026 11:15||NIFTY27JAN2624200PE,0.1963836869961321
23-01-2026 11:15||NIFTY27JAN2624800PE,0.12857408436758838
23-01-2026 11:15||NIFTY27JAN2624900PE,0.12061364694111705
23-01-2026 11:15||NIFTY27JAN2625300CE,0.09569973845625843
23-01-2026 11:15||NIFTY27JAN2625400CE,0.09490385080755942
23-01-2026 11:15||NIFTY27JAN2625500CE,0.09439518799923965
23-01-2026 11:15||NIFTY27JAN2625700CE,0.09955806196616027
23-01-2026 11:15||NIFTY27JAN2626300CE,0.1625998494646608
23-01-2026 11:20||NIFTY27JAN2624100PE,0.20735278639371357
23-01-2026 11:20||NIFTY27JAN2624400PE,0.16937320843469567
23-01-2026 11:20||NIFTY27JAN2624800PE,0.12363265549276689
23-01-2026 11:20||NIFTY27JAN2625100PE,0.09990770017418597
23-01-2026 11:20||NIFTY27JAN2626000CE,0.12994850569762453
23-01-2026 11:20||NIFTY27JAN2626300CE,0.1643576618108159
23-01-2026 11:25||NIFTY27JAN2623800PE,0.2459482769928152
23-01-2026 11:25||NIFTY27JAN2623900PE,0.23357078928551825
23-01-2026 11:25||NIFTY27JAN2624900PE,0.11472731569677805
23-01-2026 11:25||NIFTY27JAN2625200CE,0.10538601300933492
23-01-2026 11:25||NIFTY27JAN2625800CE,0.10855789052164949
23-01-2026 11:25||NIFTY27JAN2626400CE,0.1744902915356867
23-01-2026 11:30||NIFTY27JAN2624700PE,0.1373917681731882
23-01-2026 11:30||NIFTY27JAN2624900PE,0.12080647767114364
23-01-2026 11:30||NIFTY27JAN2625000PE,0.11404171865161744
23-01-2026 11:30||NIFTY27JAN2625500CE,0.09123859932656626
23-01-2026 11:30||NIFTY27JAN2625800CE,0.10665802477119225
23-01-2026 11:30||NIFTY27JAN2626000CE,0.1278474070628496
23-01-2026 11:30||NIFTY27JAN2626200CE,0.15147232624850737
23-01-2026 11:30||NIFTY27JAN2626400CE,0.1741959404186333
23-01-2026 11:35||NIFTY27JAN2624900PE,0.12143286775005704
23-01-2026 11:35||NIFTY27JAN2625400CE,0.09201268984613724
23-01-2026 11:35||NIFTY27JAN2626000CE,0.13203310263756218
23-01-2026 11:40||NIFTY27JAN2623900PE,0.22683013426376536
23-01-2026 11:40||NIFTY27JAN2624300PE,0.1763755640981614
23-01-2026 11:40||NIFTY27JAN2624900PE,0.11639745129560079
23-01-2026 11:40||NIFTY27JAN2625500CE,0.0983706447061603
23-01-2026 11:40||NIFTY27JAN2626300CE,0.17338548125728825
23-01-2026 11:40||NIFTY27JAN2626500CE,0.19403935623040588
23-01-2026 11:45||NIFTY27JAN2625300CE,0.09738171641984326
23-01-2026 11:45||NIFTY27JAN2626100CE,0.1539604468001746
23-01-2026 11:45||NIFTY27JAN2626400CE,0.18634809040980393
23-01-2026 11:50||NIFTY27JAN2624100PE,0.1950755834484665
23-01-2026 11:50||NIFTY27JAN2624500PE,0.1472614818144396
23-01-2026 11:50||NIFTY27JAN2625400CE,0.1070836147500326
23-01-2026 11:50||NIFTY27JAN2625500CE,0.10758588931334274
23-01-2026 11:50||NIFTY27JAN2625700CE,0.11491575318060014
23-01-2026 11:55||NIFTY27JAN2624800PE,0.1203845274217824
23-01-2026 11:55||NIFTY27JAN2625100PE,0.1015111776471402
23-01-2026 11:55||NIFTY27JAN2625700CE,0.11263193995678593
23-01-2026 11:55||NIFTY27JAN2626200CE,0.1645223200322922
23-01-2026 11:55||NIFTY27JAN2626500CE,0.19550059075797097
23-01-2026 12:00||NIFTY27JAN2624000PE,0.21072678088748842
23-01-2026 12:00||NIFTY27JAN2624300PE,0.17238139662657187
23-01-2026 12:00||NIFTY27JAN2624800PE,0.11895856171290507
23-01-2026 12:00||NIFTY27JAN2625200CE,0.10619162378516257
23-01-2026 12:00||NIFTY27JAN2625800CE,0.12145938634589723
23-01-2026 12:00||NIFTY27JAN2625900CE,0.13207252772856903
23-01-2026 12:00||NIFTY27JAN2626400CE,0.18619321597486657
23-01-2026 12:05||NIFTY27JAN2624600PE,0.13911169912766327
23-01-2026 12:05||NIFTY27JAN2625300CE,0.09843695933392617
23-01-2026 12:05||NIFTY27JAN2625400CE,0.09906870591640773
23-01-2026 12:05||NIFTY27JAN2626400CE,0.1869781110783893
23-01-2026 12:10||NIFTY27JAN2623900PE,0.2198903657888934
23-01-2026 12:10||NIFTY27JAN2624000PE,0.20712711911358186
23-01-2026 12:10||NIFTY27JAN2625000PE,0.10706009797426114
23-01-2026 12:10||NIFTY27JAN2625700CE,0.11488082768948096
23-01-2026 12:10||NIFTY27JAN2626200CE,0.16786787130746536
23-01-2026 12:10||NIFTY27JAN2626500CE,0.19877971784266874
23-01-2026 12:15||NIFTY27JAN2625500CE,0.10897120269333
23-01-2026 12:15||NIFTY27JAN2626100CE,0.15615772185134222
23-01-2026 12:15||NIFTY27JAN2626300CE,0.1773432111133988
23-01-2026 12:20||NIFTY27JAN2624200PE,0.18569093783829632
23-01-2026 12:20||NIFTY27JAN2625200CE,0.09111670418368811
23-01-2026 12:20||NIFTY27JAN2625300CE,0.0940342787013832
23-01-2026 12:20||NIFTY27JAN2625400CE,0.09720175852379356
23-01-2026 12:20||NIFTY27JAN2625800CE,0.11913757183011922
23-01-2026 12:20||NIFTY27JAN2626100CE,0.1530288898689553
23-01-2026 12:25||NIFTY27JAN2624300PE,0.17095683608851253
23-01-2026 12:25||NIFTY27JAN2624500PE,0.14687799873460447
23-01-2026 12:25||NIFTY27JAN2624600PE,0.13550788999718272
23-01-2026 12:25||NIFTY27JAN2624900PE,0.10876911925333041
23-01-2026 12:25||NIFTY27JAN2625400CE,0.10428181183318551
23-01-2026 12:25||NIFTY27JAN2625600CE,0.10712135809240994
23-01-2026 12:25||NIFTY27JAN2626400CE,0.18717072603388551
23-01-2026 12:30||NIFTY27JAN2623800PE,0.23550772709410348
23-01-2026 12:30||NIFTY27JAN2624100PE,0.19619556982797312
23-01-2026 12:30||NIFTY27JAN2624200PE,0.18361185822488155
23-01-2026 12:30||NIFTY27JAN2624500PE,0.1455879578129849
23-01-2026 12:30||NIFTY27JAN2625900CE,0.1316960313114734
23-01-2026 12:30||NIFTY27JAN2626100CE,0.15423890895489936
23-01-2026 12:30||NIFTY27JAN2626200CE,0.16529995111498186
23-01-2026 12:35||NIFTY27JAN2624100PE,0.19656712727037828
23-01-2026 12:35||NIFTY27JAN2624400PE,0.15775089868409173
23-01-2026 12:35||NIFTY27JAN2625100PE,0.09010943819838425
23-01-2026 12:35||NIFTY27JAN2625300CE,0.108659341984675
23-01-2026 12:35||NIFTY27JAN2626100CE,0.15388088697657198
23-01-2026 12:40||NIFTY27JAN2624500PE,0.14477866613868082
23-01-2026 12:40||NIFTY27JAN2624600PE,0.13262325136405156
23-01-2026 12:40||NIFTY27JAN2624900PE,0.1039550707436727
23-01-2026 12:40||NIFTY27JAN2625300CE,0.10907818380489691
23-01-2026 12:45||NIFTY27JAN2623800PE,0.23600205486667056
23-01-2026 12:45||NIFTY27JAN2623900PE,0.22364159813233034
23-01-2026 12:45||NIFTY27JAN2624600PE,0.13781538832425372
23-01-2026 12:45||NIFTY27JAN2625900CE,0.12489998746055068
23-01-2026 12:50||NIFTY27JAN2623800PE,0.23549357702992949
23-01-2026 12:50||NIFTY27JAN2624400PE,0.15703749718413693
23-01-2026 12:50||NIFTY27JAN2624800PE,0.11089531551174828
23-01-2026 12:50||NIFTY27JAN2625300CE,0.1104066815980416
23-01-2026 12:50||NIFTY27JAN2625600CE,0.10893278442676424
23-01-2026 12:50||NIFTY27JAN2625700CE,0.11346234534817987
23-01-2026 12:50||NIFTY27JAN2626000CE,0.14013593036765748
23-01-2026 12:50||NIFTY27JAN2626400CE,0.1856989981272953
23-01-2026 12:55||NIFTY27JAN2624200PE,0.18708737510807824
23-01-2026 12:55||NIFTY27JAN2625400CE,0.09341891726683871
23-01-2026 12:55||NIFTY27JAN2625600CE,0.09997913856603788
23-01-2026 12:55||NIFTY27JAN2625800CE,0.11631641692332557
23-01-2026 12:55||NIFTY27JAN2626400CE,0.18442370630026425
23-01-2026 13:00||NIFTY27JAN2624900PE,0.1043760135146032
23-01-2026 13:00||NIFTY27JAN2625700CE,0.11304161217011922
23-01-2026 13:00||NIFTY27JAN2626000CE,0.144305181822867
23-01-2026 13:05||NIFTY27JAN2623800PE,0.23169378787630807
23-01-2026 13:05||NIFTY27JAN2625200CE,0.10233741883995878
23-01-2026 13:05||NIFTY27JAN2625900CE,0.13309122938075324
23-01-2026 13:10||NIFTY27JAN2623900PE,0.22034983807620523
23-01-2026 13:10||NIFTY27JAN2624000PE,0.2078939405518756
23-01-2026 13:10||NIFTY27JAN2624100PE,0.19547074463388436
23-01-2026 13:10||NIFTY27JAN2624700PE,0.12133081725597074
23-01-2026 13:10||NIFTY27JAN2625100PE,0.09111874003453423
23-01-2026 13:10||NIFTY27JAN2625800CE,0.12151444961784814
23-01-2026 13:10||NIFTY27JAN2626000CE,0.14438448363604037
23-01-2026 13:15||NIFTY27JAN2623800PE,0.22776283806063127
23-01-2026 13:15||NIFTY27JAN2624200PE,0.1796340340533111
23-01-2026 13:15||NIFTY27JAN2625300CE,0.0954989975740067
23-01-2026 13:15||NIFTY27JAN2625600CE,0.10825927165803699
23-01-2026 13:15||NIFTY27JAN2625900CE,0.1379804098481556
23-01-2026 13:15||NIFTY27JAN2626000CE,0.1497619156296612
23-01-2026 13:20||NIFTY27JAN2624700PE,0.12257587064181208
23-01-2026 13:20||NIFTY27JAN2624800PE,0.11552861006203648
23-01-2026 13:20||NIFTY27JAN2625700CE,0.12217862320638798
23-01-2026 13:20||NIFTY27JAN2626200CE,0.17701615526455156
23-01-2026 13:20||NIFTY27JAN2626500CE,0.21010349590132124
23-01-2026 13:25||NIFTY27JAN2624100PE,0.18757425944768963
23-01-2026 13:25||NIFTY27JAN2624500PE,0.1389469795320821
23-01-2026 13:25||NIFTY27JAN2625000PE,0.10295430294030758
23-01-2026 13:25||NIFTY27JAN2625400CE,0.10389818985218215
23-01-2026 13:30||NIFTY27JAN2624700PE,0.128896803053769
23-01-2026 13:30||NIFTY27JAN2624800PE,0.1232897113268608
23-01-2026 13:30||NIFTY27JAN2625000PE,0.11580220191020464
23-01-2026 13:30||NIFTY27JAN2625400CE,0.11031594549947828
23-01-2026 13:30||NIFTY27JAN2625700CE,0.13206644580621155
23-01-2026 13:30||NIFTY27JAN2626000CE,0.16545620210989678
23-01-2026 13:35||NIFTY27JAN2623900PE,0.2089224282741261
23-01-2026 13:35||NIFTY27JAN2624100PE,0.1840739283534438
23-01-2026 13:35||NIFTY27JAN2624900PE,0.11143461072063147
23-01-2026 13:35||NIFTY27JAN2625600CE,0.12462942856909118
23-01-2026 13:35||NIFTY27JAN2626000CE,0.1667813437857472
23-01-2026 13:35||NIFTY27JAN2626200CE,0.18975003318297165
23-01-2026 13:35||NIFTY27JAN2626500CE,0.22189810161804221
23-01-2026 13:40||NIFTY27JAN2623900PE,0.2128743111226198
23-01-2026 13:40||NIFTY27JAN2624600PE,0.13660166078399277
23-01-2026 13:40||NIFTY27JAN2624900PE,0.12148288362008686
23-01-2026 13:40||NIFTY27JAN2625700CE,0.13496351045018057
23-01-2026 13:40||NIFTY27JAN2625800CE,0.14563335540676597
23-01-2026 13:40||NIFTY27JAN2626300CE,0.20103634216766642
23-01-2026 13:45||NIFTY27JAN2623900PE,0.20649711447493282
23-01-2026 13:45||NIFTY27JAN2624000PE,0.19433246409020172
23-01-2026 13:45||NIFTY27JAN2624500PE,0.13626287424125522
23-01-2026 13:45||NIFTY27JAN2624600PE,0.1267875870146749
23-01-2026 13:45||NIFTY27JAN2625000PE,0.10222499147864389
23-01-2026 13:45||NIFTY27JAN2625300CE,0.1137815542547972
23-01-2026 13:45||NIFTY27JAN2626100CE,0.1829963040255763
23-01-2026 13:45||NIFTY27JAN2626300CE,0.2052568735559093
23-01-2026 13:50||NIFTY27JAN2624000PE,0.19472690863181533
23-01-2026 13:50||NIFTY27JAN2624500PE,0.13531471926644126
23-01-2026 13:50||NIFTY27JAN2625100PE,0.09695182139806105
23-01-2026 13:50||NIFTY27JAN2626400CE,0.21744767476160937
23-01-2026 13:55||NIFTY27JAN2625500CE,0.12294131046657779
23-01-2026 13:55||NIFTY27JAN2625700CE,0.1390010818901794
23-01-2026 13:55||NIFTY27JAN2625800CE,0.1492783969078244
23-01-2026 13:55||NIFTY27JAN2626400CE,0.21579139311366236
23-01-2026 13:55||NIFTY27JAN2626500CE,0.22689678236695637
23-01-2026 14:00||NIFTY27JAN2624200PE,0.1690516606374295
23-01-2026 14:00||NIFTY27JAN2624300PE,0.1567664545554621
23-01-2026 14:00||NIFTY27JAN2625300CE,0.11759968837562619
23-01-2026 14:00||NIFTY27JAN2625400CE,0.12117779519006318
23-01-2026 14:00||NIFTY27JAN2625500CE,0.12481857577668795
23-01-2026 14:00||NIFTY27JAN2625800CE,0.1477012444628258
23-01-2026 14:05||NIFTY27JAN2624200PE,0.1707645132228561
23-01-2026 14:05||NIFTY27JAN2624800PE,0.11174671648772631
23-01-2026 14:05||NIFTY27JAN2626300CE,0.2006639198742819
23-01-2026 14:10||NIFTY27JAN2623900PE,0.20873532698288585
23-01-2026 14:10||NIFTY27JAN2625800CE,0.1467863584793293
23-01-2026 14:10||NIFTY27JAN2626400CE,0.21288267368076805
23-01-2026 14:15||NIFTY27JAN2625000PE,0.11336526399270394
23-01-2026 14:15||NIFTY27JAN2625400CE,0.10904369696719138
23-01-2026 14:15||NIFTY27JAN2626400CE,0.20682440568837823
23-01-2026 14:20||NIFTY27JAN2624100PE,0.18499224318263302
23-01-2026 14:20||NIFTY27JAN2624800PE,0.11561280642669952
23-01-2026 14:20||NIFTY27JAN2625400CE,0.11325734190287373
23-01-2026 14:20||NIFTY27JAN2625600CE,0.12566439795218282
23-01-2026 14:20||NIFTY27JAN2625800CE,0.14467724799474463
23-01-2026 14:20||NIFTY27JAN2626400CE,0.21027352579812317
23-01-2026 14:20||NIFTY27JAN2626500CE,0.22110674197766683
23-01-2026 14:25||NIFTY27JAN2624200PE,0.16698848823949164
23-01-2026 14:25||NIFTY27JAN2624400PE,0.14211620093793859
23-01-2026 14:25||NIFTY27JAN2624500PE,0.1306457427219942
23-01-2026 14:25||NIFTY27JAN2625200CE,0.11255987600618526
23-01-2026 14:25||NIFTY27JAN2626200CE,0.18723946962499724
23-01-2026 14:25||NIFTY27JAN2626300CE,0.19838478062928167
23-01-2026 14:25||NIFTY27JAN2626400CE,0.20949830175630602
23-01-2026 14:30||NIFTY27JAN2624600PE,0.1226138245963477
23-01-2026 14:30||NIFTY27JAN2625700CE,0.13377571026209817
23-01-2026 14:35||NIFTY27JAN2623900PE,0.21088173151798484
23-01-2026 14:35||NIFTY27JAN2624500PE,0.13415384172041256
23-01-2026 14:35||NIFTY27JAN2624700PE,0.11545124335647823
23-01-2026 14:35||NIFTY27JAN2625400CE,0.1107443156394451
23-01-2026 14:35||NIFTY27JAN2625600CE,0.12166578781887799
23-01-2026 14:35||NIFTY27JAN2625800CE,0.13985139301903335
23-01-2026 14:35||NIFTY27JAN2625900CE,0.15032875387506356
23-01-2026 14:35||NIFTY27JAN2626000CE,0.16085416281189777
23-01-2026 14:35||NIFTY27JAN2626300CE,0.19447594432509097
23-01-2026 14:40||NIFTY27JAN2623900PE,0.21284712436842854
23-01-2026 14:40||NIFTY27JAN2624300PE,0.1613560556020075
23-01-2026 14:40||NIFTY27JAN2624400PE,0.14895941839704596
23-01-2026 14:40||NIFTY27JAN2625000PE,0.09995303950898807
23-01-2026 14:40||NIFTY27JAN2625100PE,0.09400439889920342
23-01-2026 14:40||NIFTY27JAN2625200CE,0.10135054748445481
23-01-2026 14:40||NIFTY27JAN2625700CE,0.13229681256247472
23-01-2026 14:40||NIFTY27JAN2625800CE,0.14242274752406742
23-01-2026 14:40||NIFTY27JAN2626400CE,0.2060824168653371
23-01-2026 14:45||NIFTY27JAN2624400PE,0.14897052238570382
23-01-2026 14:45||NIFTY27JAN2624700PE,0.12098058650318379
23-01-2026 14:45||NIFTY27JAN2625100PE,0.10284241442583378
23-01-2026 14:45||NIFTY27JAN2625400CE,0.10939900845390045
23-01-2026 14:45||NIFTY27JAN2625600CE,0.12332872927956756
23-01-2026 14:45||NIFTY27JAN2626000CE,0.16315922116412385
23-01-2026 14:45||NIFTY27JAN2626200CE,0.18492062617122673
23-01-2026 14:50||NIFTY27JAN2623800PE,0.21825513603367686
23-01-2026 14:50||NIFTY27JAN2624500PE,0.13071376851533462
23-01-2026 14:50||NIFTY27JAN2624800PE,0.10377837597521014
23-01-2026 14:50||NIFTY27JAN2625200CE,0.1060965478833037
23-01-2026 14:50||NIFTY27JAN2625300CE,0.1111809137272877
23-01-2026 14:50||NIFTY27JAN2625500CE,0.12181155887898033
23-01-2026 14:55||NIFTY27JAN2623900PE,0.21071008795154125
23-01-2026 14:55||NIFTY27JAN2624400PE,0.14685782781081333
23-01-2026 14:55||NIFTY27JAN2625200CE,0.10134824534229872
23-01-2026 14:55||NIFTY27JAN2625900CE,0.15070922403291148
23-01-2026 14:55||NIFTY27JAN2626200CE,0.18339353797235192
23-01-2026 15:00||NIFTY27JAN2623900PE,0.20982461560231652
23-01-2026 15:00||NIFTY27JAN2624100PE,0.18468707957768404
23-01-2026 15:00||NIFTY27JAN2624300PE,0.1590954882005163
23-01-2026 15:00||NIFTY27JAN2624600PE,0.12565002573526596
23-01-2026 15:05||NIFTY27JAN2623900PE,0.2073652684656468
23-01-2026 15:05||NIFTY27JAN2624800PE,0.11931600703885661
23-01-2026 15:05||NIFTY27JAN2626200CE,0.19292064253758578
23-01-2026 15:10||NIFTY27JAN2623800PE,0.21831488022628215
23-01-2026 15:10||NIFTY27JAN2624000PE,0.19297151294853263
23-01-2026 15:10||NIFTY27JAN2624200PE,0.16752483405052138
23-01-2026 15:10||NIFTY27JAN2624600PE,0.12281785561711155
23-01-2026 15:10||NIFTY27JAN2625000PE,0.10033919219312432
23-01-2026 15:10||NIFTY27JAN2625300CE,0.11305744377545728
23-01-2026 15:10||NIFTY27JAN2625700CE,0.1402466638002313
23-01-2026 15:10||NIFTY27JAN2626100CE,0.183477333597744
23-01-2026 15:10||NIFTY27JAN2626200CE,0.19463231765265118
23-01-2026 15:10||NIFTY27JAN2626300CE,0.20589816085521873
23-01-2026 15:15||NIFTY27JAN2624100PE,0.1819562872260033
23-01-2026 15:15||NIFTY27JAN2624200PE,0.16849762176420024
23-01-2026 15:15||NIFTY27JAN2625000PE,0.10400764896769513
23-01-2026 15:20||NIFTY27JAN2623800PE,0.22036958536120865
23-01-2026 15:20||NIFTY27JAN2623900PE,0.2066531285479847
23-01-2026 15:20||NIFTY27JAN2624800PE,0.10340621520000091
23-01-2026 15:20||NIFTY27JAN2625400CE,0.12113441199760866
23-01-2026 15:20||NIFTY27JAN2625500CE,0.1267513720648405
23-01-2026 15:20||NIFTY27JAN2625700CE,0.14735942054596077
23-01-2026 15:20||NIFTY27JAN2625900CE,0.16354130313717913
23-01-2026 15:20||NIFTY27JAN2626200CE,0.19630578380324254
23-01-2026 15:25||NIFTY27JAN2624500PE,0.13785044273660324
23-01-2026 15:25||NIFTY27JAN2624600PE,0.1267584739093173
23-01-2026 15:25||NIFTY27JAN2625700CE,0.15552172786879853
27-01-2026 09:15||NIFTY27JAN2626200CE,0.6499659739769198
27-01-2026 09:15||NIFTY27JAN2626400CE,0.7364056628189469
27-01-2026 09:15||NIFTY27JAN2626500CE,0.7627676669963603
27-01-2026 09:20||NIFTY27JAN2624400PE,0.43778447672200105
27-01-2026 09:20||NIFTY27JAN2624900PE,0.4019135862823443
27-01-2026 09:20||NIFTY27JAN2625100PE,0.4276121486973268
27-01-2026 09:20||NIFTY27JAN2625400CE,0.41523692656545375
27-01-2026 09:20||NIFTY27JAN2625500CE,0.44927801766046127
27-01-2026 09:20||NIFTY27JAN2625600CE,0.486449470094154
27-01-2026 09:20||NIFTY27JAN2625700CE,0.5219147403231839
27-01-2026 09:20||NIFTY27JAN2626500CE,0.8686095520922336
27-01-2026 09:25||NIFTY27JAN2623900PE,0.6540991650672349
27-01-2026 09:25||NIFTY27JAN2624600PE,0.3446002453250843
27-01-2026 09:25||NIFTY27JAN2625100PE,0.2655013647095751
27-01-2026 09:25||NIFTY27JAN2625500CE,0.4595323690787243
27-01-2026 09:25||NIFTY27JAN2625900CE,0.634403719873823
27-01-2026 09:25||NIFTY27JAN2626500CE,0.9131712639586683
27-01-2026 09:30||NIFTY27JAN2624400PE,0.40338851426342415
27-01-2026 09:30||NIFTY27JAN2624800PE,0.2787433504881511
27-01-2026 09:30||NIFTY27JAN2624900PE,0.25624985142244905
27-01-2026 09:30||NIFTY27JAN2625400CE,0.4422366439931843
27-01-2026 09:30||NIFTY27JAN2625600CE,0.4974736478344677
27-01-2026 09:30||NIFTY27JAN2625800CE,0.585859246523607
27-01-2026 09:30||NIFTY27JAN2626100CE,0.7377481403296249
27-01-2026 09:30||NIFTY27JAN2626400CE,0.878240343915939
27-01-2026 09:35||NIFTY27JAN2623800PE,0.7436055022764934
27-01-2026 09:35||NIFTY27JAN2624500PE,0.4000233967757438
27-01-2026 09:35||NIFTY27JAN2625700CE,0.491594095405598
27-01-2026 09:35||NIFTY27JAN2626200CE,0.7251986585879351
27-01-2026 09:45||NIFTY27JAN2623800PE,0.8201566783299994
27-01-2026 09:45||NIFTY27JAN2624000PE,0.7231514954592717
27-01-2026 09:45||NIFTY27JAN2624500PE,0.48226601395009216
27-01-2026 09:45||NIFTY27JAN2625000PE,0.32131528932597453
27-01-2026 09:45||NIFTY27JAN2625600CE,0.37235133261295195
27-01-2026 09:45||NIFTY27JAN2626200CE,0.6427318273489242
27-01-2026 09:45||NIFTY27JAN2626300CE,0.6942834477573707
27-01-2026 09:50||NIFTY27JAN2623800PE,0.8238356397784942
27-01-2026 09:50||NIFTY27JAN2624200PE,0.6286436479767078
27-01-2026 09:50||NIFTY27JAN2624800PE,0.3849189490417604
27-01-2026 09:50||NIFTY27JAN2624900PE,0.36315191803221064
27-01-2026 09:50||NIFTY27JAN2626300CE,0.6987352682343184
27-01-2026 09:55||NIFTY27JAN2624100PE,0.6778644564126363
27-01-2026 09:55||NIFTY27JAN2624700PE,0.4090584087201735
27-01-2026 09:55||NIFTY27JAN2624800PE,0.38932629410688263
27-01-2026 09:55||NIFTY27JAN2625000PE,0.3534790424167796
27-01-2026 09:55||NIFTY27JAN2625700CE,0.4085521439877703
27-01-2026 09:55||NIFTY27JAN2626000CE,0.5618743914010341
27-01-2026 09:55||NIFTY27JAN2626200CE,0.6623606489649579
27-01-2026 10:00||NIFTY27JAN2624000PE,0.7338078776635918
27-01-2026 10:00||NIFTY27JAN2625300CE,0.3191253547387911
27-01-2026 10:00||NIFTY27JAN2625400CE,0.3203377546090965
27-01-2026 10:00||NIFTY27JAN2625600CE,0.36388112523565674
27-01-2026 10:00||NIFTY27JAN2625800CE,0.4580208563855543
27-01-2026 10:00||NIFTY27JAN2626100CE,0.6133783702222994
27-01-2026 10:00||NIFTY27JAN2626400CE,0.7562777246076863
27-01-2026 10:00||NIFTY27JAN2626500CE,0.7960490215173024
27-01-2026 10:05||NIFTY27JAN2623800PE,0.8329849443568207
27-01-2026 10:05||NIFTY27JAN2623900PE,0.7826933385769735
27-01-2026 10:05||NIFTY27JAN2624100PE,0.6825437673529691
27-01-2026 10:05||NIFTY27JAN2626400CE,0.7625613514279469
27-01-2026 10:10||NIFTY27JAN2624200PE,0.6092118478911411
27-01-2026 10:10||NIFTY27JAN2624900PE,0.3050323045570612
27-01-2026 10:10||NIFTY27JAN2625300CE,0.3797468609454347
27-01-2026 10:10||NIFTY27JAN2625600CE,0.39276788673477
27-01-2026 10:15||NIFTY27JAN2625800CE,0.4634687048012456
27-01-2026 10:20||NIFTY27JAN2623900PE,0.8254376808387494
27-01-2026 10:20||NIFTY27JAN2624500PE,0.5185371413544617
27-01-2026 10:20||NIFTY27JAN2624600PE,0.46812961714406803
27-01-2026 10:20||NIFTY27JAN2624800PE,0.3900824006206
27-01-2026 10:20||NIFTY27JAN2625000PE,0.3316816786510983
27-01-2026 10:20||NIFTY27JAN2625400CE,0.3089258327962582
27-01-2026 10:20||NIFTY27JAN2625800CE,0.442913811312343
27-01-2026 10:25||NIFTY27JAN2624600PE,0.46784564348487856
27-01-2026 10:25||NIFTY27JAN2624900PE,0.3925704000282251
27-01-2026 10:25||NIFTY27JAN2626000CE,0.5555573071196953
27-01-2026 10:25||NIFTY27JAN2626300CE,0.7144066047983791
27-01-2026 10:25||NIFTY27JAN2626400CE,0.7575984911999298
27-01-2026 10:30||NIFTY27JAN2624100PE,0.6993881789193592
27-01-2026 10:30||NIFTY27JAN2624800PE,0.3695097341708099
27-01-2026 10:30||NIFTY27JAN2625400CE,0.3239638889676687
27-01-2026 10:30||NIFTY27JAN2625600CE,0.3796190311517295
27-01-2026 10:30||NIFTY27JAN2625900CE,0.5329036341842811
27-01-2026 10:30||NIFTY27JAN2626200CE,0.6925412928477314
27-01-2026 10:35||NIFTY27JAN2624300PE,0.5966992302221912
27-01-2026 10:35||NIFTY27JAN2624400PE,0.543062447750936
27-01-2026 10:35||NIFTY27JAN2624800PE,0.38217513263370534
27-01-2026 10:35||NIFTY27JAN2625200CE,0.2570400227862318
27-01-2026 10:35||NIFTY27JAN2625300CE,0.2805603890684111
27-01-2026 10:35||NIFTY27JAN2625700CE,0.43426695052139885
27-01-2026 10:40||NIFTY27JAN2624400PE,0.5168282478683484
27-01-2026 10:40||NIFTY27JAN2625200CE,0.25225776864050553
27-01-2026 10:40||NIFTY27JAN2625700CE,0.45690141080043534
27-01-2026 10:40||NIFTY27JAN2626100CE,0.6763338010556631
27-01-2026 10:40||NIFTY27JAN2626200CE,0.7263713309630264
27-01-2026 10:45||NIFTY27JAN2624000PE,0.7010250672091628
27-01-2026 10:45||NIFTY27JAN2624700PE,0.35607201281706957
27-01-2026 10:45||NIFTY27JAN2624900PE,0.31851911170086533
27-01-2026 10:45||NIFTY27JAN2625500CE,0.3970053757983228
27-01-2026 10:45||NIFTY27JAN2626200CE,0.7755723938715005
27-01-2026 10:45||NIFTY27JAN2626400CE,0.8667987895013666
27-01-2026 10:50||NIFTY27JAN2623900PE,0.7688033382499492
27-01-2026 10:50||NIFTY27JAN2624000PE,0.7103545187448443
27-01-2026 10:50||NIFTY27JAN2624600PE,0.39819572393147723
27-01-2026 10:50||NIFTY27JAN2625000PE,0.38634910588112753
27-01-2026 10:50||NIFTY27JAN2625200CE,0.2926679210697736
27-01-2026 10:50||NIFTY27JAN2625400CE,0.37251746980209444
27-01-2026 10:50||NIFTY27JAN2625700CE,0.5255489703329048
27-01-2026 10:55||NIFTY27JAN2623900PE,0.7547097238154643
27-01-2026 10:55||NIFTY27JAN2624400PE,0.4695562732695987
27-01-2026 10:55||NIFTY27JAN2624900PE,0.3631766287200634
27-01-2026 10:55||NIFTY27JAN2625000PE,0.369889205600613
27-01-2026 10:55||NIFTY27JAN2625300CE,0.35913426028576667
27-01-2026 10:55||NIFTY27JAN2625400CE,0.394244464390499
27-01-2026 10:55||NIFTY27JAN2625600CE,0.48449110488944436
27-01-2026 10:55||NIFTY27JAN2626400CE,0.9243322835627691
27-01-2026 11:00||NIFTY27JAN2623800PE,0.8458850911081784
27-01-2026 11:00||NIFTY27JAN2623900PE,0.7758174307165662
27-01-2026 11:00||NIFTY27JAN2624300PE,0.5177659936009401
27-01-2026 11:00||NIFTY27JAN2625200CE,0.2956951981948287
27-01-2026 11:00||NIFTY27JAN2625300CE,0.34253286821702644
27-01-2026 11:00||NIFTY27JAN2625400CE,0.392957405611107
27-01-2026 11:00||NIFTY27JAN2626300CE,0.8876288761996699
27-01-2026 11:05||NIFTY27JAN2623800PE,0.8072599576234434
27-01-2026 11:05||NIFTY27JAN2624100PE,0.663207937598316
27-01-2026 11:05||NIFTY27JAN2624200PE,0.5996624725588363
27-01-2026 11:05||NIFTY27JAN2624900PE,0.3167468021426536
27-01-2026 11:05||NIFTY27JAN2625300CE,0.3755873323447524
27-01-2026 11:05||NIFTY27JAN2625700CE,0.547016340756939
27-01-2026 11:10||NIFTY27JAN2624200PE,0.6096247434691416
27-01-2026 11:10||NIFTY27JAN2624400PE,0.4894899323251099
27-01-2026 11:10||NIFTY27JAN2624900PE,0.3097944516999929
27-01-2026 11:10||NIFTY27JAN2625300CE,0.37238032025120554
27-01-2026 11:10||NIFTY27JAN2625500CE,0.4386355494915964
27-01-2026 11:10||NIFTY27JAN2625800CE,0.6020863610551873
27-01-2026 11:10||NIFTY27JAN2626500CE,0.987938736404472
27-01-2026 11:15||NIFTY27JAN2624300PE,0.5493755251138638
27-01-2026 11:15||NIFTY27JAN2625000PE,0.28294104776097906
27-01-2026 11:15||NIFTY27JAN2625100PE,0.2668836498856659
27-01-2026 11:15||NIFTY27JAN2626400CE,0.9334460966867396
27-01-2026 11:20||NIFTY27JAN2625300CE,0.34469886903139985
27-01-2026 11:20||NIFTY27JAN2626100CE,0.754950351181062
27-01-2026 11:25||NIFTY27JAN2623800PE,0.8637055140361666
27-01-2026 11:25||NIFTY27JAN2624000PE,0.7519769999428374
27-01-2026 11:25||NIFTY27JAN2624200PE,0.6372616285573551
27-01-2026 11:25||NIFTY27JAN2624900PE,0.2917270323492213
27-01-2026 11:25||NIFTY27JAN2625600CE,0.47578695499231044
27-01-2026 11:25||NIFTY27JAN2626500CE,0.9798934318998765
27-01-2026 11:30||NIFTY27JAN2624200PE,0.6707700157244549
27-01-2026 11:30||NIFTY27JAN2625100PE,0.3215393748426481
27-01-2026 11:30||NIFTY27JAN2625600CE,0.4460356095681982
27-01-2026 11:30||NIFTY27JAN2625900CE,0.615832324417741
27-01-2026 11:30||NIFTY27JAN2626200CE,0.7968828601775033
27-01-2026 11:35||NIFTY27JAN2624000PE,0.7882210721041104
27-01-2026 11:35||NIFTY27JAN2624900PE,0.30953043811709485
27-01-2026 11:35||NIFTY27JAN2625200CE,0.32881848320066326
27-01-2026 11:40||NIFTY27JAN2623800PE,0.9239620440778581
27-01-2026 11:40||NIFTY27JAN2624000PE,0.8104388716390432
27-01-2026 11:40||NIFTY27JAN2626000CE,0.6515638333904643
27-01-2026 11:40||NIFTY27JAN2626300CE,0.8141370142698588
27-01-2026 11:45||NIFTY27JAN2624300PE,0.6685714326517065
27-01-2026 11:45||NIFTY27JAN2624400PE,0.6076744500264758
27-01-2026 11:45||NIFTY27JAN2624500PE,0.5471747550544368
27-01-2026 11:45||NIFTY27JAN2626100CE,0.6721209037968365
27-01-2026 11:45||NIFTY27JAN2626400CE,0.8280746998383672
27-01-2026 11:50||NIFTY27JAN2624700PE,0.41848770176108296
27-01-2026 11:50||NIFTY27JAN2624900PE,0.37605125295358904
27-01-2026 11:50||NIFTY27JAN2625700CE,0.4727785778416259
27-01-2026 11:50||NIFTY27JAN2626000CE,0.6445804679069608
27-01-2026 11:55||NIFTY27JAN2623900PE,0.8874893447362356
27-01-2026 11:55||NIFTY27JAN2624000PE,0.8241853468039648
27-01-2026 11:55||NIFTY27JAN2624400PE,0.557898159530525
27-01-2026 11:55||NIFTY27JAN2624500PE,0.4962824490152346
27-01-2026 11:55||NIFTY27JAN2624800PE,0.3614320956017737
27-01-2026 11:55||NIFTY27JAN2625200CE,0.36109964243143877
27-01-2026 11:55||NIFTY27JAN2625400CE,0.3884357145620157
27-01-2026 11:55||NIFTY27JAN2626500CE,0.9703041310513584
27-01-2026 12:00||NIFTY27JAN2624200PE,0.7053614148284252
27-01-2026 12:00||NIFTY27JAN2624300PE,0.6378258552510108
27-01-2026 12:00||NIFTY27JAN2624500PE,0.5130002297921054
27-01-2026 12:00||NIFTY27JAN2625100PE,0.29133668246585787
27-01-2026 12:00||NIFTY27JAN2625500CE,0.4089673969874457
27-01-2026 12:00||NIFTY27JAN2626100CE,0.7141593377291956
27-01-2026 12:00||NIFTY27JAN2626400CE,0.8788635507593043
27-01-2026 12:00||NIFTY27JAN2626500CE,0.9274360131108477
27-01-2026 12:05||NIFTY27JAN2624500PE,0.5339077568582842
27-01-2026 12:05||NIFTY27JAN2624700PE,0.43348199302830565
27-01-2026 12:05||NIFTY27JAN2625100PE,0.33044899767694896
27-01-2026 12:05||NIFTY27JAN2625900CE,0.5967531158166889
27-01-2026 12:05||NIFTY27JAN2626500CE,0.9698662890791863
27-01-2026 12:10||NIFTY27JAN2624400PE,0.6034011145053987
27-01-2026 12:10||NIFTY27JAN2625700CE,0.4916222138453997
27-01-2026 12:10||NIFTY27JAN2626400CE,0.9044566074587657
27-01-2026 12:15||NIFTY27JAN2624500PE,0.555765272045924
27-01-2026 12:15||NIFTY27JAN2624600PE,0.5009376465902343
27-01-2026 12:15||NIFTY27JAN2626000CE,0.6757973599642862
27-01-2026 12:15||NIFTY27JAN2626200CE,0.7893767916622279
27-01-2026 12:20||NIFTY27JAN2624000PE,0.8762815641886281
27-01-2026 12:20||NIFTY27JAN2624200PE,0.7517152469576378
27-01-2026 12:20||NIFTY27JAN2625000PE,0.29827184561367004
27-01-2026 12:20||NIFTY27JAN2625300CE,0.3788346885185445
27-01-2026 12:20||NIFTY27JAN2625600CE,0.45498748644947534
27-01-2026 12:25||NIFTY27JAN2624100PE,0.8367021245570226
27-01-2026 12:25||NIFTY27JAN2624700PE,0.46670257082139616
27-01-2026 12:25||NIFTY27JAN2625400CE,0.337417191671465
27-01-2026 12:25||NIFTY27JAN2625900CE,0.6238687775175514
27-01-2026 12:30||NIFTY27JAN2625300CE,0.34987523662158126
27-01-2026 12:35||NIFTY27JAN2624100PE,0.8395812158248263
27-01-2026 12:35||NIFTY27JAN2624400PE,0.643774774932357
27-01-2026 12:35||NIFTY27JAN2624900PE,0.39103552196610225
27-01-2026 12:35||NIFTY27JAN2625100PE,0.3429905967915282
27-01-2026 12:35||NIFTY27JAN2625800CE,0.6029135574710873
27-01-2026 12:35||NIFTY27JAN2626100CE,0.793883644542538
27-01-2026 12:40||NIFTY27JAN2624200PE,0.7789821302516277
27-01-2026 12:40||NIFTY27JAN2624700PE,0.4563919404976776
27-01-2026 12:40||NIFTY27JAN2624800PE,0.41807605059079034
27-01-2026 12:40||NIFTY27JAN2624900PE,0.3802040426572857
27-01-2026 12:40||NIFTY27JAN2625100PE,0.30602208298210526
27-01-2026 12:40||NIFTY27JAN2625200CE,0.3312224760751472
27-01-2026 12:40||NIFTY27JAN2625900CE,0.6823975856530429
27-01-2026 12:40||NIFTY27JAN2626000CE,0.7494273758111382
27-01-2026 12:40||NIFTY27JAN2626300CE,0.93629553127138
27-01-2026 12:45||NIFTY27JAN2625200CE,0.29853794074692264
27-01-2026 12:45||NIFTY27JAN2625700CE,0.5661226726505023
27-01-2026 12:45||NIFTY27JAN2625900CE,0.6990184447315559
27-01-2026 12:45||NIFTY27JAN2626200CE,0.8881214344851484
27-01-2026 12:50||NIFTY27JAN2624600PE,0.48033143936737743
27-01-2026 12:50||NIFTY27JAN2625000PE,0.2770292984403058
27-01-2026 12:50||NIFTY27JAN2625100PE,0.23351955468809985
27-01-2026 12:50||NIFTY27JAN2625900CE,0.7249742158538648
27-01-2026 12:50||NIFTY27JAN2626200CE,0.9220882851349514
27-01-2026 12:50||NIFTY27JAN2626500CE,1.096209629299542
27-01-2026 12:55||NIFTY27JAN2623900PE,1.0274306913824902
27-01-2026 12:55||NIFTY27JAN2624000PE,0.9554196847566632
27-01-2026 12:55||NIFTY27JAN2625500CE,0.45488232750052626
27-01-2026 12:55||NIFTY27JAN2625600CE,0.5199126831447604
27-01-2026 12:55||NIFTY27JAN2625800CE,0.6512239421713022
27-01-2026 12:55||NIFTY27JAN2626200CE,0.9166183115185876
27-01-2026 13:00||NIFTY27JAN2624100PE,0.8824165364775567
27-01-2026 13:00||NIFTY27JAN2624500PE,0.5881371893873385
27-01-2026 13:00||NIFTY27JAN2625400CE,0.40077450694746786
27-01-2026 13:00||NIFTY27JAN2626000CE,0.7961943079455633
27-01-2026 13:05||NIFTY27JAN2623900PE,1.0350873103826126
27-01-2026 13:05||NIFTY27JAN2624500PE,0.5858407337436587
27-01-2026 13:05||NIFTY27JAN2624800PE,0.3956035103394634
27-01-2026 13:10||NIFTY27JAN2624200PE,0.8337237080414763
27-01-2026 13:10||NIFTY27JAN2624500PE,0.6113404154367645
27-01-2026 13:10||NIFTY27JAN2624600PE,0.5410222805707672
27-01-2026 13:10||NIFTY27JAN2624700PE,0.47309423902665154
27-01-2026 13:15||NIFTY27JAN2624400PE,0.6957721804407941
27-01-2026 13:15||NIFTY27JAN2625000PE,0.3138676791660827
27-01-2026 13:15||NIFTY27JAN2625200CE,0.38078586333630954
27-01-2026 13:15||NIFTY27JAN2626300CE,1.0616732288326263
27-01-2026 13:20||NIFTY27JAN2624000PE,1.011187113570865
27-01-2026 13:20||NIFTY27JAN2624200PE,0.8637145162099032
27-01-2026 13:20||NIFTY27JAN2624600PE,0.5372243186036358
27-01-2026 13:20||NIFTY27JAN2624900PE,0.34887422968373966
27-01-2026 13:20||NIFTY27JAN2625700CE,0.6321999027670733
27-01-2026 13:20||NIFTY27JAN2625900CE,0.7854301550226686
27-01-2026 13:25||NIFTY27JAN2623800PE,1.1597434348606876
27-01-2026 13:25||NIFTY27JAN2625100PE,0.2588383411290256
27-01-2026 13:25||NIFTY27JAN2625700CE,0.6374908308112246
27-01-2026 13:30||NIFTY27JAN2624100PE,1.0072360635112554
27-01-2026 13:30||NIFTY27JAN2624300PE,0.8430390071817067
27-01-2026 13:30||NIFTY27JAN2625100PE,0.3247943772907217
27-01-2026 13:30||NIFTY27JAN2625400CE,0.43533285680796163
27-01-2026 13:30||NIFTY27JAN2626300CE,1.1004287060802884
27-01-2026 13:35||NIFTY27JAN2623900PE,1.1545168919118816
27-01-2026 13:35||NIFTY27JAN2624300PE,0.849497182627523
27-01-2026 13:35||NIFTY27JAN2624400PE,0.7668217900963017
27-01-2026 13:35||NIFTY27JAN2624600PE,0.6218357700333217
27-01-2026 13:35||NIFTY27JAN2624800PE,0.5373900325464278
27-01-2026 13:35||NIFTY27JAN2625300CE,0.3561468046283821
27-01-2026 13:35||NIFTY27JAN2625600CE,0.5794485794331939
27-01-2026 13:35||NIFTY27JAN2626000CE,0.9032334719331713
27-01-2026 13:35||NIFTY27JAN2626200CE,1.0607127825331473
27-01-2026 13:35||NIFTY27JAN2626300CE,1.1368896425063628
27-01-2026 13:35||NIFTY27JAN2626400CE,1.2098547865880538
27-01-2026 13:40||NIFTY27JAN2625500CE,0.5734030384471069
27-01-2026 13:40||NIFTY27JAN2626300CE,1.1960748562377423
27-01-2026 13:45||NIFTY27JAN2623800PE,1.249400761162576
27-01-2026 13:45||NIFTY27JAN2623900PE,1.1648051116959344
27-01-2026 13:45||NIFTY27JAN2624100PE,1.0003088211675524
27-01-2026 13:45||NIFTY27JAN2624700PE,0.47803873036076433
27-01-2026 13:45||NIFTY27JAN2625300CE,0.4594080856304388
27-01-2026 13:45||NIFTY27JAN2625600CE,0.6696394269115101
27-01-2026 13:45||NIFTY27JAN2625700CE,0.7499989387875073
27-01-2026 13:45||NIFTY27JAN2625800CE,0.8305653344886966
27-01-2026 13:45||NIFTY27JAN2625900CE,0.9107385928940308
27-01-2026 13:45||NIFTY27JAN2626000CE,0.9857938058539263
27-01-2026 13:45||NIFTY27JAN2626300CE,1.2170740953768167
27-01-2026 13:45||NIFTY27JAN2626400CE,1.2867503458746135
27-01-2026 13:50||NIFTY27JAN2623900PE,1.2300497770171956
27-01-2026 13:50||NIFTY27JAN2624800PE,0.45021220031192455
27-01-2026 13:50||NIFTY27JAN2625000PE,0.3673125688887975
27-01-2026 13:50||NIFTY27JAN2626200CE,1.1716143648925255
27-01-2026 13:55||NIFTY27JAN2623800PE,1.3196025432473477
27-01-2026 13:55||NIFTY27JAN2624000PE,1.1578033169630182
27-01-2026 13:55||NIFTY27JAN2624100PE,1.0752629181480131
27-01-2026 13:55||NIFTY27JAN2624300PE,0.8890874789303971
27-01-2026 13:55||NIFTY27JAN2624400PE,0.7887149617009598
27-01-2026 13:55||NIFTY27JAN2624600PE,0.5891794647328764
27-01-2026 13:55||NIFTY27JAN2624900PE,0.3667099534138242
27-01-2026 13:55||NIFTY27JAN2625400CE,0.5211980707371116
27-01-2026 13:55||NIFTY27JAN2625700CE,0.7981964594679694
27-01-2026 14:00||NIFTY27JAN2623800PE,1.3918752179300966
27-01-2026 14:00||NIFTY27JAN2624300PE,0.9090793358448485
27-01-2026 14:00||NIFTY27JAN2624500PE,0.7064706678249807
27-01-2026 14:00||NIFTY27JAN2625000PE,0.3838410894598301
27-01-2026 14:00||NIFTY27JAN2625100PE,0.348897776240926
27-01-2026 14:05||NIFTY27JAN2624000PE,1.191490233687557
27-01-2026 14:05||NIFTY27JAN2624800PE,0.4016921538474547
27-01-2026 14:05||NIFTY27JAN2625400CE,0.5745032748943361
27-01-2026 14:05||NIFTY27JAN2625700CE,0.8727773520045591
27-01-2026 14:05||NIFTY27JAN2625800CE,0.9672660960527284
27-01-2026 14:05||NIFTY27JAN2626100CE,1.2398617912190637
27-01-2026 14:05||NIFTY27JAN2626200CE,1.323286244148398
27-01-2026 14:05||NIFTY27JAN2626400CE,1.4921143220881035
27-01-2026 14:10||NIFTY27JAN2623900PE,1.3161130677720267
27-01-2026 14:10||NIFTY27JAN2624000PE,1.2302411125194053
27-01-2026 14:10||NIFTY27JAN2624600PE,0.61962429528449
27-01-2026 14:10||NIFTY27JAN2625500CE,0.6665570757749305
27-01-2026 14:10||NIFTY27JAN2626000CE,1.1559368072253016
27-01-2026 14:10||NIFTY27JAN2626200CE,1.3279810396328862
27-01-2026 14:15||NIFTY27JAN2624000PE,1.2741516413004088
27-01-2026 14:15||NIFTY27JAN2624400PE,0.8391375513007743
27-01-2026 14:15||NIFTY27JAN2624900PE,0.36694408646277604
27-01-2026 14:15||NIFTY27JAN2625600CE,0.781266979406662
27-01-2026 14:15||NIFTY27JAN2625800CE,0.9868116610085428
27-01-2026 14:20||NIFTY27JAN2624100PE,1.1902753843925264
27-01-2026 14:20||NIFTY27JAN2625500CE,0.6955737751734558
27-01-2026 14:20||NIFTY27JAN2626000CE,1.1976345127439585
27-01-2026 14:20||NIFTY27JAN2626100CE,1.2941400590159287
27-01-2026 14:20||NIFTY27JAN2626500CE,1.7188922098936588
27-01-2026 14:25||NIFTY27JAN2623800PE,1.5641717698781596
27-01-2026 14:25||NIFTY27JAN2623900PE,1.4463340239109235
27-01-2026 14:25||NIFTY27JAN2624000PE,1.3450820745776682
27-01-2026 14:25||NIFTY27JAN2624200PE,1.111086481245446
27-01-2026 14:25||NIFTY27JAN2624300PE,1.0024737795001237
27-01-2026 14:25||NIFTY27JAN2624800PE,0.4304148743863616
27-01-2026 14:25||NIFTY27JAN2624900PE,0.33451950169072064
27-01-2026 14:25||NIFTY27JAN2625000PE,0.24490223172894887
27-01-2026 14:25||NIFTY27JAN2625700CE,0.9476146783695092
27-01-2026 14:30||NIFTY27JAN2624000PE,1.4080854698028882
27-01-2026 14:30||NIFTY27JAN2624200PE,1.196812802019003
27-01-2026 14:30||NIFTY27JAN2624600PE,0.6952257564961559
27-01-2026 14:30||NIFTY27JAN2625100PE,0.2381194698347402
27-01-2026 14:30||NIFTY27JAN2626400CE,1.7639399645907612
27-01-2026 14:35||NIFTY27JAN2624000PE,1.4543812204337974
27-01-2026 14:35||NIFTY27JAN2624200PE,1.2539972540402984
27-01-2026 14:35||NIFTY27JAN2624900PE,0.34737136927831563
27-01-2026 14:35||NIFTY27JAN2625000PE,0.22928097128578614
27-01-2026 14:35||NIFTY27JAN2626200CE,1.5971198363601684
27-01-2026 14:40||NIFTY27JAN2624000PE,1.5690678944445198
27-01-2026 14:40||NIFTY27JAN2624800PE,0.5488532614026587
27-01-2026 14:40||NIFTY27JAN2626200CE,1.5335741771855937
27-01-2026 14:40||NIFTY27JAN2626400CE,1.7401752475568957
27-01-2026 14:45||NIFTY27JAN2624000PE,1.6239084552757055
27-01-2026 14:45||NIFTY27JAN2624200PE,1.410567553019452
27-01-2026 14:45||NIFTY27JAN2624700PE,0.7352492390195089
27-01-2026 14:45||NIFTY27JAN2625400CE,0.5585016960276737
27-01-2026 14:45||NIFTY27JAN2626400CE,1.8392959273394611
27-01-2026 14:45||NIFTY27JAN2626500CE,1.960306911932535
27-01-2026 14:50||NIFTY27JAN2623800PE,2.0253865852873476
27-01-2026 14:50||NIFTY27JAN2624000PE,1.7709970410104279
27-01-2026 14:50||NIFTY27JAN2624200PE,1.519697556613352
27-01-2026 14:50||NIFTY27JAN2624800PE,0.6250172708230955
27-01-2026 14:50||NIFTY27JAN2625200CE,0.3133455903119952
27-01-2026 14:50||NIFTY27JAN2625900CE,1.2371598821174583
27-01-2026 14:55||NIFTY27JAN2623800PE,2.1595645899828257
27-01-2026 14:55||NIFTY27JAN2624000PE,1.956542821009355
27-01-2026 14:55||NIFTY27JAN2624800PE,0.7410805174714061
27-01-2026 14:55||NIFTY27JAN2625500CE,0.6829499583060535
27-01-2026 14:55||NIFTY27JAN2625800CE,1.1533750348150968
27-01-2026 14:55||NIFTY27JAN2626400CE,1.871610183105631
27-01-2026 15:00||NIFTY27JAN2624100PE,1.8429027770214903
27-01-2026 15:00||NIFTY27JAN2624700PE,0.8575357270196015
27-01-2026 15:00||NIFTY27JAN2625100PE,0.1342432614404922
27-01-2026 15:00||NIFTY27JAN2625400CE,0.5908253038842312
27-01-2026 15:05||NIFTY27JAN2624000PE,2.177044859903611
27-01-2026 15:05||NIFTY27JAN2624100PE,2.012718791866375
27-01-2026 15:05||NIFTY27JAN2624200PE,1.8480159452272376
27-01-2026 15:05||NIFTY27JAN2624500PE,1.2795619387721848
27-01-2026 15:05||NIFTY27JAN2626300CE,2.020781826888812
27-01-2026 15:10||NIFTY27JAN2623900PE,2.5227948326750647
27-01-2026 15:10||NIFTY27JAN2624000PE,2.3361235856534988
27-01-2026 15:10||NIFTY27JAN2624900PE,0.6184435348326636
27-01-2026 15:10||NIFTY27JAN2625400CE,0.619390903510719
27-01-2026 15:10||NIFTY27JAN2625600CE,0.9781447781720303
27-01-2026 15:10||NIFTY27JAN2625800CE,1.350621496277869
27-01-2026 15:10||NIFTY27JAN2626000CE,1.7740810513638343
27-01-2026 15:15||NIFTY27JAN2625000PE,0.4965833845123483
27-01-2026 15:15||NIFTY27JAN2625900CE,1.7244722314244731
27-01-2026 15:15||NIFTY27JAN2626000CE,1.9802899080081378
27-01-2026 15:15||NIFTY27JAN2626400CE,2.702826614067385
27-01-2026 15:20||NIFTY27JAN2623800PE,3.9387653947701176
27-01-2026 15:20||NIFTY27JAN2623900PE,3.6853992587121365
27-01-2026 15:20||NIFTY27JAN2624900PE,0.9487939065463626
27-01-2026 15:20||NIFTY27JAN2625500CE,0.9474165177802382
27-01-2026 15:20||NIFTY27JAN2626000CE,2.3419703761828545
27-01-2026 15:20||NIFTY27JAN2626300CE,3.042654064094187
27-01-2026 15:20||NIFTY27JAN2626400CE,3.3297135015624777
27-01-2026 15:25||NIFTY27JAN2623800PE,4.9399240249089456
27-01-2026 15:25||NIFTY27JAN2624900PE,1.4685953594812575
27-01-2026 15:25||NIFTY27JAN2625100PE,0.6789191140833921
27-01-2026 15:25||NIFTY27JAN2626100CE,3.372705973553232
27-01-2026 15:25||NIFTY27JAN2626300CE,4.001430568819586
27-01-2026 15:25||NIFTY27JAN2626400CE,4.278250801336754
27-01-2026 15:25||NIFTY27JAN2626500CE,4.800923867372992
